STRUCTURE,STRUCTURE_ID,STRUCTURE_NAME,ACTION,REF_AREA,Reference area,FREQ,Frequency of observation,MEASURE,Measure,UNIT_MEASURE,Unit of measure,AGE,Age,SEX,Sex,SOCIO_ECON_STATUS,Socio-economic status,DEATH_CAUSE,Cause of death,CALC_METHODOLOGY,Calculation methodology,GESTATION_THRESHOLD,Gestation period threshold,HEALTH_STATUS,Health status,DISEASE,Disease,CANCER_SITE,Cancer site,TIME_PERIOD,Time period,OBS_VALUE,Observation value,DECIMALS,Decimals,OBS_STATUS,Observation status,OBS_STATUS2,Observation status 2,OBS_STATUS3,Observation status 3,UNIT_MULT,Unit multiplier
DATAFLOW,OECD.ELS.HD:DSD_HEALTH_STAT@DF_LE(1.0),Life expectancy,I,AUS,Australia,A,Annual,LFEXP,Life expectancy,Y,Years,Y0,0 years,_T,Total,_Z,Not applicable,_Z,Not applicable,_Z,Not applicable,_Z,Not applicable,_Z,Not applicable,_Z,Not applicable,_Z,Not applicable,2000,,79.2,,,,,,,,,,,
DATAFLOW,OECD.ELS.HD:DSD_HEALTH_STAT@DF_LE(1.0),Life expectancy,I,AUS,Australia,A,Annual,LFEXP,Life expectancy,Y,Years,Y0,0 years,_T,Total,_Z,Not applicable,_Z,Not applicable,_Z,Not applicable,_Z,Not applicable,_Z,Not applicable,_Z,Not applicable,_Z,Not applicable,2001,,79.6,,,,,,,,,,,
DATAFLOW,OECD.ELS.HD:DSD_HEALTH_STAT@DF_LE(1.0),Life expectancy,I,AUS,Australia,A,Annual,LFEXP,Life expectancy,Y,Years,Y0,0 years,_T,Total,_Z,Not applicable,_Z,Not applicable,_Z,Not applicable,_Z,Not applicable,_Z,Not applicable,_Z,Not applicable,_Z,Not applicable,2002,,79.9,,,,,,,,,,,
DATAFLOW,OECD.ELS.HD:DSD_HEALTH_STAT@DF_LE(1.0),Life expectancy,I,AUS,Australia,A,Annual,LFEXP,Life expectancy,Y,Years,Y0,0 years,_T,Total,_Z,Not applicable,_Z,Not applicable,_Z,Not applicable,_Z,Not applicable,_Z,Not applicable,_Z,Not applicable,_Z,Not applicable,2003,,80.2,,,,,,,,,,,
DATAFLOW,OECD.ELS.HD:DSD_HEALTH_STAT@DF_LE(1.0),Life expectancy,I,AUS,Australia,A,Annual,LFEXP,Life expectancy,Y,Years,Y0,0 years,_T,Total,_Z,Not applicable,_Z,Not applicable,_Z,Not applicable,_Z,Not applicable,_Z,Not applicable,_Z,Not applicable,_Z,Not applicable,2004,,80.5,,,,,,,,,,,
DATAFLOW,OECD.ELS.HD:DSD_HEALTH_STAT@DF_LE(1.0),Life expectancy,I,AUS,Australia,A,Annual,LFEXP,Life expectancy,Y,Years,Y0,0 years,_T,Total,_Z,Not applicable,_Z,Not applicable,_Z,Not applicable,_Z,Not applicable,_Z,Not applicable,_Z,Not applicable,_Z,Not applicable,2005,,80.8,,,,,,,,,,,
DATAFLOW,OECD.ELS.HD:DSD_HEALTH_STAT@DF_LE(1.0),Life expectancy,I,AUS,Australia,A,Annual,LFEXP,Life expectancy,Y,Years,Y0,0 years,_T,Total,_Z,Not applicable,_Z,Not applicable,_Z,Not applicable,_Z,Not applicable,_Z,Not applicable,_Z,Not applicable,_Z,Not applicable,2006,,81,,,,,,,,,,,
DATAFLOW,OECD.ELS.HD:DSD_HEALTH_STAT@DF_LE(1.0),Life expectancy,I,AUS,Australia,A,Annual,LFEXP,Life expectancy,Y,Years,Y0,0 years,_T,Total,_Z,Not applicable,_Z,Not applicable,_Z,Not applicable,_Z,Not applicable,_Z,Not applicable,_Z,Not applicable,_Z,Not applicable,2007,,81.3,,,,,,,,,,,
DATAFLOW,OECD.ELS.HD:DSD_HEALTH_STAT@DF_LE(1.0),Life expectancy,I,AUS,Australia,A,Annual,LFEXP,Life expectancy,Y,Years,Y0,0 years,_T,Total,_Z,Not applicable,_Z,Not applicable,_Z,Not applicable,_Z,Not applicable,_Z,Not applicable,_Z,Not applicable,_Z,Not applicable,2008,,81.4,,,,,,,,,,,
DATAFLOW,OECD.ELS.HD:DSD_HEALTH_STAT@DF_LE(1.0),Life expectancy,I,AUS,Australia,A,Annual,LFEXP,Life expectancy,Y,Years,Y0,0 years,_T,Total,_Z,Not applicable,_Z,Not applicable,_Z,Not applicable,_Z,Not applicable,_Z,Not applicable,_Z,Not applicable,_Z,Not applicable,2009,,81.5,,,,,,,,,,,
DATAFLOW,OECD.ELS.HD:DSD_HEALTH_STAT@DF_LE(1.0),Life expectancy,I,AUS,Australia,A,Annual,LFEXP,Life expectancy,Y,Years,Y0,0 years,_T,Total,_Z,Not applicable,_Z,Not applicable,_Z,Not applicable,_Z,Not applicable,_Z,Not applicable,_Z,Not applicable,_Z,Not applicable,2010,,81.7,,,,,,,,,,,
DATAFLOW,OECD.ELS.HD:DSD_HEALTH_STAT@DF_LE(1.0),Life expectancy,I,AUS,Australia,A,Annual,LFEXP,Life expectancy,Y,Years,Y0,0 years,_T,Total,_Z,Not applicable,_Z,Not applicable,_Z,Not applicable,_Z,Not applicable,_Z,Not applicable,_Z,Not applicable,_Z,Not applicable,2011,,81.9,,,,,,,,,,,
DATAFLOW,OECD.ELS.HD:DSD_HEALTH_STAT@DF_LE(1.0),Life expectancy,I,AUS,Australia,A,Annual,LFEXP,Life expectancy,Y,Years,Y0,0 years,_T,Total,_Z,Not applicable,_Z,Not applicable,_Z,Not applicable,_Z,Not applicable,_Z,Not applicable,_Z,Not applicable,_Z,Not applicable,2012,,82,,,,,,,,,,,
DATAFLOW,OECD.ELS.HD:DSD_HEALTH_STAT@DF_LE(1.0),Life expectancy,I,AUS,Australia,A,Annual,LFEXP,Life expectancy,Y,Years,Y0,0 years,_T,Total,_Z,Not applicable,_Z,Not applicable,_Z,Not applicable,_Z,Not applicable,_Z,Not applicable,_Z,Not applicable,_Z,Not applicable,2013,,82.1,,,,,,,,,,,
DATAFLOW,OECD.ELS.HD:DSD_HEALTH_STAT@DF_LE(1.0),Life expectancy,I,AUS,Australia,A,Annual,LFEXP,Life expectancy,Y,Years,Y0,0 years,_T,Total,_Z,Not applicable,_Z,Not applicable,_Z,Not applicable,_Z,Not applicable,_Z,Not applicable,_Z,Not applicable,_Z,Not applicable,2014,,82.3,,,,,,,,,,,
DATAFLOW,OECD.ELS.HD:DSD_HEALTH_STAT@DF_LE(1.0),Life expectancy,I,AUS,Australia,A,Annual,LFEXP,Life expectancy,Y,Years,Y0,0 years,_T,Total,_Z,Not applicable,_Z,Not applicable,_Z,Not applicable,_Z,Not applicable,_Z,Not applicable,_Z,Not applicable,_Z,Not applicable,2015,,82.4,,,,,,,,,,,
DATAFLOW,OECD.ELS.HD:DSD_HEALTH_STAT@DF_LE(1.0),Life expectancy,I,AUS,Australia,A,Annual,LFEXP,Life expectancy,Y,Years,Y0,0 years,_T,Total,_Z,Not applicable,_Z,Not applicable,_Z,Not applicable,_Z,Not applicable,_Z,Not applicable,_Z,Not applicable,_Z,Not applicable,2016,,82.4,,,,,,,,,,,
DATAFLOW,OECD.ELS.HD:DSD_HEALTH_STAT@DF_LE(1.0),Life expectancy,I,AUS,Australia,A,Annual,LFEXP,Life expectancy,Y,Years,Y0,0 years,_T,Total,_Z,Not applicable,_Z,Not applicable,_Z,Not applicable,_Z,Not applicable,_Z,Not applicable,_Z,Not applicable,_Z,Not applicable,2017,,82.5,,,,,,,,,,,
DATAFLOW,OECD.ELS.HD:DSD_HEALTH_STAT@DF_LE(1.0),Life expectancy,I,AUS,Australia,A,Annual,LFEXP,Life expectancy,Y,Years,Y0,0 years,_T,Total,_Z,Not applicable,_Z,Not applicable,_Z,Not applicable,_Z,Not applicable,_Z,Not applicable,_Z,Not applicable,_Z,Not applicable,2019,,82.9,,,,,,,,,,,
DATAFLOW,OECD.ELS.HD:DSD_HEALTH_STAT@DF_LE(1.0),Life expectancy,I,AUS,Australia,A,Annual,LFEXP,Life expectancy,Y,Years,Y0,0 years,_T,Total,_Z,Not applicable,_Z,Not applicable,_Z,Not applicable,_Z,Not applicable,_Z,Not applicable,_Z,Not applicable,_Z,Not applicable,2020,,83.2,,,,,,,,,,,
DATAFLOW,OECD.ELS.HD:DSD_HEALTH_STAT@DF_LE(1.0),Life expectancy,I,AUS,Australia,A,Annual,LFEXP,Life expectancy,Y,Years,Y0,0 years,_T,Total,_Z,Not applicable,_Z,Not applicable,_Z,Not applicable,_Z,Not applicable,_Z,Not applicable,_Z,Not applicable,_Z,Not applicable,2021,,83.3,,,,,,,,,,,
DATAFLOW,OECD.ELS.HD:DSD_HEALTH_STAT@DF_LE(1.0),Life expectancy,I,AUS,Australia,A,Annual,LFEXP,Life expectancy,Y,Years,Y0,0 years,_T,Total,_Z,Not applicable,_Z,Not applicable,_Z,Not applicable,_Z,Not applicable,_Z,Not applicable,_Z,Not applicable,_Z,Not applicable,2022,,83.2,,,,,,,,,,,
DATAFLOW,OECD.ELS.HD:DSD_HEALTH_STAT@DF_LE(1.0),Life expectancy,I,AUT,Austria,A,Annual,LFEXP,Life expectancy,Y,Years,Y0,0 years,_T,Total,_Z,Not applicable,_Z,Not applicable,_Z,Not applicable,_Z,Not applicable,_Z,Not applicable,_Z,Not applicable,_Z,Not applicable,2000,,78.3,,,,,,,,,,,
DATAFLOW,OECD.ELS.HD:DSD_HEALTH_STAT@DF_LE(1.0),Life expectancy,I,AUT,Austria,A,Annual,LFEXP,Life expectancy,Y,Years,Y0,0 years,_T,Total,_Z,Not applicable,_Z,Not applicable,_Z,Not applicable,_Z,Not applicable,_Z,Not applicable,_Z,Not applicable,_Z,Not applicable,2001,,78.8,,,,,,,,,,,
DATAFLOW,OECD.ELS.HD:DSD_HEALTH_STAT@DF_LE(1.0),Life expectancy,I,AUT,Austria,A,Annual,LFEXP,Life expectancy,Y,Years,Y0,0 years,_T,Total,_Z,Not applicable,_Z,Not applicable,_Z,Not applicable,_Z,Not applicable,_Z,Not applicable,_Z,Not applicable,_Z,Not applicable,2002,,78.9,,,,,,,,,,,
DATAFLOW,OECD.ELS.HD:DSD_HEALTH_STAT@DF_LE(1.0),Life expectancy,I,AUT,Austria,A,Annual,LFEXP,Life expectancy,Y,Years,Y0,0 years,_T,Total,_Z,Not applicable,_Z,Not applicable,_Z,Not applicable,_Z,Not applicable,_Z,Not applicable,_Z,Not applicable,_Z,Not applicable,2003,,78.8,,,,,,,,,,,
DATAFLOW,OECD.ELS.HD:DSD_HEALTH_STAT@DF_LE(1.0),Life expectancy,I,AUT,Austria,A,Annual,LFEXP,Life expectancy,Y,Years,Y0,0 years,_T,Total,_Z,Not applicable,_Z,Not applicable,_Z,Not applicable,_Z,Not applicable,_Z,Not applicable,_Z,Not applicable,_Z,Not applicable,2004,,79.3,,,,,,,,,,,
DATAFLOW,OECD.ELS.HD:DSD_HEALTH_STAT@DF_LE(1.0),Life expectancy,I,AUT,Austria,A,Annual,LFEXP,Life expectancy,Y,Years,Y0,0 years,_T,Total,_Z,Not applicable,_Z,Not applicable,_Z,Not applicable,_Z,Not applicable,_Z,Not applicable,_Z,Not applicable,_Z,Not applicable,2005,,79.5,,,,,,,,,,,
DATAFLOW,OECD.ELS.HD:DSD_HEALTH_STAT@DF_LE(1.0),Life expectancy,I,AUT,Austria,A,Annual,LFEXP,Life expectancy,Y,Years,Y0,0 years,_T,Total,_Z,Not applicable,_Z,Not applicable,_Z,Not applicable,_Z,Not applicable,_Z,Not applicable,_Z,Not applicable,_Z,Not applicable,2006,,80.1,,,,,,,,,,,
DATAFLOW,OECD.ELS.HD:DSD_HEALTH_STAT@DF_LE(1.0),Life expectancy,I,AUT,Austria,A,Annual,LFEXP,Life expectancy,Y,Years,Y0,0 years,_T,Total,_Z,Not applicable,_Z,Not applicable,_Z,Not applicable,_Z,Not applicable,_Z,Not applicable,_Z,Not applicable,_Z,Not applicable,2007,,80.3,,,,,,,,,,,
DATAFLOW,OECD.ELS.HD:DSD_HEALTH_STAT@DF_LE(1.0),Life expectancy,I,AUT,Austria,A,Annual,LFEXP,Life expectancy,Y,Years,Y0,0 years,_T,Total,_Z,Not applicable,_Z,Not applicable,_Z,Not applicable,_Z,Not applicable,_Z,Not applicable,_Z,Not applicable,_Z,Not applicable,2008,,80.6,,,,,,,,,,,
DATAFLOW,OECD.ELS.HD:DSD_HEALTH_STAT@DF_LE(1.0),Life expectancy,I,AUT,Austria,A,Annual,LFEXP,Life expectancy,Y,Years,Y0,0 years,_T,Total,_Z,Not applicable,_Z,Not applicable,_Z,Not applicable,_Z,Not applicable,_Z,Not applicable,_Z,Not applicable,_Z,Not applicable,2009,,80.5,,,,,,,,,,,
DATAFLOW,OECD.ELS.HD:DSD_HEALTH_STAT@DF_LE(1.0),Life expectancy,I,AUT,Austria,A,Annual,LFEXP,Life expectancy,Y,Years,Y0,0 years,_T,Total,_Z,Not applicable,_Z,Not applicable,_Z,Not applicable,_Z,Not applicable,_Z,Not applicable,_Z,Not applicable,_Z,Not applicable,2010,,80.7,,,,,,,,,,,
DATAFLOW,OECD.ELS.HD:DSD_HEALTH_STAT@DF_LE(1.0),Life expectancy,I,AUT,Austria,A,Annual,LFEXP,Life expectancy,Y,Years,Y0,0 years,_T,Total,_Z,Not applicable,_Z,Not applicable,_Z,Not applicable,_Z,Not applicable,_Z,Not applicable,_Z,Not applicable,_Z,Not applicable,2011,,81.1,,,,,,,,,,,
DATAFLOW,OECD.ELS.HD:DSD_HEALTH_STAT@DF_LE(1.0),Life expectancy,I,AUT,Austria,A,Annual,LFEXP,Life expectancy,Y,Years,Y0,0 years,_T,Total,_Z,Not applicable,_Z,Not applicable,_Z,Not applicable,_Z,Not applicable,_Z,Not applicable,_Z,Not applicable,_Z,Not applicable,2012,,81.1,,,,,,,,,,,
DATAFLOW,OECD.ELS.HD:DSD_HEALTH_STAT@DF_LE(1.0),Life expectancy,I,AUT,Austria,A,Annual,LFEXP,Life expectancy,Y,Years,Y0,0 years,_T,Total,_Z,Not applicable,_Z,Not applicable,_Z,Not applicable,_Z,Not applicable,_Z,Not applicable,_Z,Not applicable,_Z,Not applicable,2013,,81.3,,,,,,,,,,,
DATAFLOW,OECD.ELS.HD:DSD_HEALTH_STAT@DF_LE(1.0),Life expectancy,I,AUT,Austria,A,Annual,LFEXP,Life expectancy,Y,Years,Y0,0 years,_T,Total,_Z,Not applicable,_Z,Not applicable,_Z,Not applicable,_Z,Not applicable,_Z,Not applicable,_Z,Not applicable,_Z,Not applicable,2014,,81.6,,,,,,,,,,,
DATAFLOW,OECD.ELS.HD:DSD_HEALTH_STAT@DF_LE(1.0),Life expectancy,I,AUT,Austria,A,Annual,LFEXP,Life expectancy,Y,Years,Y0,0 years,_T,Total,_Z,Not applicable,_Z,Not applicable,_Z,Not applicable,_Z,Not applicable,_Z,Not applicable,_Z,Not applicable,_Z,Not applicable,2015,,81.3,,,,,,,,,,,
DATAFLOW,OECD.ELS.HD:DSD_HEALTH_STAT@DF_LE(1.0),Life expectancy,I,AUT,Austria,A,Annual,LFEXP,Life expectancy,Y,Years,Y0,0 years,_T,Total,_Z,Not applicable,_Z,Not applicable,_Z,Not applicable,_Z,Not applicable,_Z,Not applicable,_Z,Not applicable,_Z,Not applicable,2016,,81.8,,,,,,,,,,,
DATAFLOW,OECD.ELS.HD:DSD_HEALTH_STAT@DF_LE(1.0),Life expectancy,I,AUT,Austria,A,Annual,LFEXP,Life expectancy,Y,Years,Y0,0 years,_T,Total,_Z,Not applicable,_Z,Not applicable,_Z,Not applicable,_Z,Not applicable,_Z,Not applicable,_Z,Not applicable,_Z,Not applicable,2017,,81.7,,,,,,,,,,,
DATAFLOW,OECD.ELS.HD:DSD_HEALTH_STAT@DF_LE(1.0),Life expectancy,I,AUT,Austria,A,Annual,LFEXP,Life expectancy,Y,Years,Y0,0 years,_T,Total,_Z,Not applicable,_Z,Not applicable,_Z,Not applicable,_Z,Not applicable,_Z,Not applicable,_Z,Not applicable,_Z,Not applicable,2018,,81.8,,,,,,,,,,,
DATAFLOW,OECD.ELS.HD:DSD_HEALTH_STAT@DF_LE(1.0),Life expectancy,I,AUT,Austria,A,Annual,LFEXP,Life expectancy,Y,Years,Y0,0 years,_T,Total,_Z,Not applicable,_Z,Not applicable,_Z,Not applicable,_Z,Not applicable,_Z,Not applicable,_Z,Not applicable,_Z,Not applicable,2019,,82,,,,,,,,,,,
DATAFLOW,OECD.ELS.HD:DSD_HEALTH_STAT@DF_LE(1.0),Life expectancy,I,AUT,Austria,A,Annual,LFEXP,Life expectancy,Y,Years,Y0,0 years,_T,Total,_Z,Not applicable,_Z,Not applicable,_Z,Not applicable,_Z,Not applicable,_Z,Not applicable,_Z,Not applicable,_Z,Not applicable,2020,,81.3,,,,,,,,,,,
DATAFLOW,OECD.ELS.HD:DSD_HEALTH_STAT@DF_LE(1.0),Life expectancy,I,AUT,Austria,A,Annual,LFEXP,Life expectancy,Y,Years,Y0,0 years,_T,Total,_Z,Not applicable,_Z,Not applicable,_Z,Not applicable,_Z,Not applicable,_Z,Not applicable,_Z,Not applicable,_Z,Not applicable,2021,,81.3,,,,,,,,,,,
DATAFLOW,OECD.ELS.HD:DSD_HEALTH_STAT@DF_LE(1.0),Life expectancy,I,AUT,Austria,A,Annual,LFEXP,Life expectancy,Y,Years,Y0,0 years,_T,Total,_Z,Not applicable,_Z,Not applicable,_Z,Not applicable,_Z,Not applicable,_Z,Not applicable,_Z,Not applicable,_Z,Not applicable,2022,,81.4,,,,,,,,,,,
DATAFLOW,OECD.ELS.HD:DSD_HEALTH_STAT@DF_LE(1.0),Life expectancy,I,CAN,Canada,A,Annual,LFEXP,Life expectancy,Y,Years,Y0,0 years,_T,Total,_Z,Not applicable,_Z,Not applicable,_Z,Not applicable,_Z,Not applicable,_Z,Not applicable,_Z,Not applicable,_Z,Not applicable,2000,,79.3,,,,,,,,,,,
DATAFLOW,OECD.ELS.HD:DSD_HEALTH_STAT@DF_LE(1.0),Life expectancy,I,CAN,Canada,A,Annual,LFEXP,Life expectancy,Y,Years,Y0,0 years,_T,Total,_Z,Not applicable,_Z,Not applicable,_Z,Not applicable,_Z,Not applicable,_Z,Not applicable,_Z,Not applicable,_Z,Not applicable,2001,,79.5,,,,,,,,,,,
DATAFLOW,OECD.ELS.HD:DSD_HEALTH_STAT@DF_LE(1.0),Life expectancy,I,CAN,Canada,A,Annual,LFEXP,Life expectancy,Y,Years,Y0,0 years,_T,Total,_Z,Not applicable,_Z,Not applicable,_Z,Not applicable,_Z,Not applicable,_Z,Not applicable,_Z,Not applicable,_Z,Not applicable,2002,,79.6,,,,,,,,,,,
DATAFLOW,OECD.ELS.HD:DSD_HEALTH_STAT@DF_LE(1.0),Life expectancy,I,CAN,Canada,A,Annual,LFEXP,Life expectancy,Y,Years,Y0,0 years,_T,Total,_Z,Not applicable,_Z,Not applicable,_Z,Not applicable,_Z,Not applicable,_Z,Not applicable,_Z,Not applicable,_Z,Not applicable,2003,,79.8,,,,,,,,,,,
DATAFLOW,OECD.ELS.HD:DSD_HEALTH_STAT@DF_LE(1.0),Life expectancy,I,CAN,Canada,A,Annual,LFEXP,Life expectancy,Y,Years,Y0,0 years,_T,Total,_Z,Not applicable,_Z,Not applicable,_Z,Not applicable,_Z,Not applicable,_Z,Not applicable,_Z,Not applicable,_Z,Not applicable,2004,,80.1,,,,,,,,,,,
DATAFLOW,OECD.ELS.HD:DSD_HEALTH_STAT@DF_LE(1.0),Life expectancy,I,CAN,Canada,A,Annual,LFEXP,Life expectancy,Y,Years,Y0,0 years,_T,Total,_Z,Not applicable,_Z,Not applicable,_Z,Not applicable,_Z,Not applicable,_Z,Not applicable,_Z,Not applicable,_Z,Not applicable,2005,,80.2,,,,,,,,,,,
DATAFLOW,OECD.ELS.HD:DSD_HEALTH_STAT@DF_LE(1.0),Life expectancy,I,CAN,Canada,A,Annual,LFEXP,Life expectancy,Y,Years,Y0,0 years,_T,Total,_Z,Not applicable,_Z,Not applicable,_Z,Not applicable,_Z,Not applicable,_Z,Not applicable,_Z,Not applicable,_Z,Not applicable,2006,,80.7,,,,,,,,,,,
DATAFLOW,OECD.ELS.HD:DSD_HEALTH_STAT@DF_LE(1.0),Life expectancy,I,CAN,Canada,A,Annual,LFEXP,Life expectancy,Y,Years,Y0,0 years,_T,Total,_Z,Not applicable,_Z,Not applicable,_Z,Not applicable,_Z,Not applicable,_Z,Not applicable,_Z,Not applicable,_Z,Not applicable,2007,,80.7,,,,,,,,,,,
DATAFLOW,OECD.ELS.HD:DSD_HEALTH_STAT@DF_LE(1.0),Life expectancy,I,CAN,Canada,A,Annual,LFEXP,Life expectancy,Y,Years,Y0,0 years,_T,Total,_Z,Not applicable,_Z,Not applicable,_Z,Not applicable,_Z,Not applicable,_Z,Not applicable,_Z,Not applicable,_Z,Not applicable,2008,,80.8,,,,,,,,,,,
DATAFLOW,OECD.ELS.HD:DSD_HEALTH_STAT@DF_LE(1.0),Life expectancy,I,CAN,Canada,A,Annual,LFEXP,Life expectancy,Y,Years,Y0,0 years,_T,Total,_Z,Not applicable,_Z,Not applicable,_Z,Not applicable,_Z,Not applicable,_Z,Not applicable,_Z,Not applicable,_Z,Not applicable,2009,,81.2,,,,,,,,,,,
DATAFLOW,OECD.ELS.HD:DSD_HEALTH_STAT@DF_LE(1.0),Life expectancy,I,CAN,Canada,A,Annual,LFEXP,Life expectancy,Y,Years,Y0,0 years,_T,Total,_Z,Not applicable,_Z,Not applicable,_Z,Not applicable,_Z,Not applicable,_Z,Not applicable,_Z,Not applicable,_Z,Not applicable,2010,,81.4,,,,,,,,,,,
DATAFLOW,OECD.ELS.HD:DSD_HEALTH_STAT@DF_LE(1.0),Life expectancy,I,CAN,Canada,A,Annual,LFEXP,Life expectancy,Y,Years,Y0,0 years,_T,Total,_Z,Not applicable,_Z,Not applicable,_Z,Not applicable,_Z,Not applicable,_Z,Not applicable,_Z,Not applicable,_Z,Not applicable,2011,,81.6,,,,,,,,,,,
DATAFLOW,OECD.ELS.HD:DSD_HEALTH_STAT@DF_LE(1.0),Life expectancy,I,CAN,Canada,A,Annual,LFEXP,Life expectancy,Y,Years,Y0,0 years,_T,Total,_Z,Not applicable,_Z,Not applicable,_Z,Not applicable,_Z,Not applicable,_Z,Not applicable,_Z,Not applicable,_Z,Not applicable,2012,,81.8,,,,,,,,,,,
DATAFLOW,OECD.ELS.HD:DSD_HEALTH_STAT@DF_LE(1.0),Life expectancy,I,CAN,Canada,A,Annual,LFEXP,Life expectancy,Y,Years,Y0,0 years,_T,Total,_Z,Not applicable,_Z,Not applicable,_Z,Not applicable,_Z,Not applicable,_Z,Not applicable,_Z,Not applicable,_Z,Not applicable,2013,,81.8,,,,,,,,,,,
DATAFLOW,OECD.ELS.HD:DSD_HEALTH_STAT@DF_LE(1.0),Life expectancy,I,CAN,Canada,A,Annual,LFEXP,Life expectancy,Y,Years,Y0,0 years,_T,Total,_Z,Not applicable,_Z,Not applicable,_Z,Not applicable,_Z,Not applicable,_Z,Not applicable,_Z,Not applicable,_Z,Not applicable,2014,,81.9,,,,,,,,,,,
DATAFLOW,OECD.ELS.HD:DSD_HEALTH_STAT@DF_LE(1.0),Life expectancy,I,CAN,Canada,A,Annual,LFEXP,Life expectancy,Y,Years,Y0,0 years,_T,Total,_Z,Not applicable,_Z,Not applicable,_Z,Not applicable,_Z,Not applicable,_Z,Not applicable,_Z,Not applicable,_Z,Not applicable,2015,,81.9,,,,,,,,,,,
DATAFLOW,OECD.ELS.HD:DSD_HEALTH_STAT@DF_LE(1.0),Life expectancy,I,CAN,Canada,A,Annual,LFEXP,Life expectancy,Y,Years,Y0,0 years,_T,Total,_Z,Not applicable,_Z,Not applicable,_Z,Not applicable,_Z,Not applicable,_Z,Not applicable,_Z,Not applicable,_Z,Not applicable,2016,,82,,,,,,,,,,,
DATAFLOW,OECD.ELS.HD:DSD_HEALTH_STAT@DF_LE(1.0),Life expectancy,I,CAN,Canada,A,Annual,LFEXP,Life expectancy,Y,Years,Y0,0 years,_T,Total,_Z,Not applicable,_Z,Not applicable,_Z,Not applicable,_Z,Not applicable,_Z,Not applicable,_Z,Not applicable,_Z,Not applicable,2017,,81.9,,,,,,,,,,,
DATAFLOW,OECD.ELS.HD:DSD_HEALTH_STAT@DF_LE(1.0),Life expectancy,I,CAN,Canada,A,Annual,LFEXP,Life expectancy,Y,Years,Y0,0 years,_T,Total,_Z,Not applicable,_Z,Not applicable,_Z,Not applicable,_Z,Not applicable,_Z,Not applicable,_Z,Not applicable,_Z,Not applicable,2018,,81.9,,,,,,,,,,,
DATAFLOW,OECD.ELS.HD:DSD_HEALTH_STAT@DF_LE(1.0),Life expectancy,I,CAN,Canada,A,Annual,LFEXP,Life expectancy,Y,Years,Y0,0 years,_T,Total,_Z,Not applicable,_Z,Not applicable,_Z,Not applicable,_Z,Not applicable,_Z,Not applicable,_Z,Not applicable,_Z,Not applicable,2021,,81.6,,,,,,,,,,,
DATAFLOW,OECD.ELS.HD:DSD_HEALTH_STAT@DF_LE(1.0),Life expectancy,I,CHL,Chile,A,Annual,LFEXP,Life expectancy,Y,Years,Y0,0 years,_T,Total,_Z,Not applicable,_Z,Not applicable,_Z,Not applicable,_Z,Not applicable,_Z,Not applicable,_Z,Not applicable,_Z,Not applicable,2000,,76.4,,,,,,,,,,,
DATAFLOW,OECD.ELS.HD:DSD_HEALTH_STAT@DF_LE(1.0),Life expectancy,I,CHL,Chile,A,Annual,LFEXP,Life expectancy,Y,Years,Y0,0 years,_T,Total,_Z,Not applicable,_Z,Not applicable,_Z,Not applicable,_Z,Not applicable,_Z,Not applicable,_Z,Not applicable,_Z,Not applicable,2001,,76.6,,,,,,,,,,,
DATAFLOW,OECD.ELS.HD:DSD_HEALTH_STAT@DF_LE(1.0),Life expectancy,I,CHL,Chile,A,Annual,LFEXP,Life expectancy,Y,Years,Y0,0 years,_T,Total,_Z,Not applicable,_Z,Not applicable,_Z,Not applicable,_Z,Not applicable,_Z,Not applicable,_Z,Not applicable,_Z,Not applicable,2002,,76.9,,,,,,,,,,,
DATAFLOW,OECD.ELS.HD:DSD_HEALTH_STAT@DF_LE(1.0),Life expectancy,I,CHL,Chile,A,Annual,LFEXP,Life expectancy,Y,Years,Y0,0 years,_T,Total,_Z,Not applicable,_Z,Not applicable,_Z,Not applicable,_Z,Not applicable,_Z,Not applicable,_Z,Not applicable,_Z,Not applicable,2003,,77.1,,,,,,,,,,,
DATAFLOW,OECD.ELS.HD:DSD_HEALTH_STAT@DF_LE(1.0),Life expectancy,I,CHL,Chile,A,Annual,LFEXP,Life expectancy,Y,Years,Y0,0 years,_T,Total,_Z,Not applicable,_Z,Not applicable,_Z,Not applicable,_Z,Not applicable,_Z,Not applicable,_Z,Not applicable,_Z,Not applicable,2004,,77.4,,,,,,,,,,,
DATAFLOW,OECD.ELS.HD:DSD_HEALTH_STAT@DF_LE(1.0),Life expectancy,I,CHL,Chile,A,Annual,LFEXP,Life expectancy,Y,Years,Y0,0 years,_T,Total,_Z,Not applicable,_Z,Not applicable,_Z,Not applicable,_Z,Not applicable,_Z,Not applicable,_Z,Not applicable,_Z,Not applicable,2005,,77.6,,,,,,,,,,,
DATAFLOW,OECD.ELS.HD:DSD_HEALTH_STAT@DF_LE(1.0),Life expectancy,I,CHL,Chile,A,Annual,LFEXP,Life expectancy,Y,Years,Y0,0 years,_T,Total,_Z,Not applicable,_Z,Not applicable,_Z,Not applicable,_Z,Not applicable,_Z,Not applicable,_Z,Not applicable,_Z,Not applicable,2006,,77.8,,,,,,,,,,,
DATAFLOW,OECD.ELS.HD:DSD_HEALTH_STAT@DF_LE(1.0),Life expectancy,I,CHL,Chile,A,Annual,LFEXP,Life expectancy,Y,Years,Y0,0 years,_T,Total,_Z,Not applicable,_Z,Not applicable,_Z,Not applicable,_Z,Not applicable,_Z,Not applicable,_Z,Not applicable,_Z,Not applicable,2007,,78.1,,,,,,,,,,,
DATAFLOW,OECD.ELS.HD:DSD_HEALTH_STAT@DF_LE(1.0),Life expectancy,I,CHL,Chile,A,Annual,LFEXP,Life expectancy,Y,Years,Y0,0 years,_T,Total,_Z,Not applicable,_Z,Not applicable,_Z,Not applicable,_Z,Not applicable,_Z,Not applicable,_Z,Not applicable,_Z,Not applicable,2008,,78.3,,,,,,,,,,,
DATAFLOW,OECD.ELS.HD:DSD_HEALTH_STAT@DF_LE(1.0),Life expectancy,I,CHL,Chile,A,Annual,LFEXP,Life expectancy,Y,Years,Y0,0 years,_T,Total,_Z,Not applicable,_Z,Not applicable,_Z,Not applicable,_Z,Not applicable,_Z,Not applicable,_Z,Not applicable,_Z,Not applicable,2009,,78.5,,,,,,,,,,,
DATAFLOW,OECD.ELS.HD:DSD_HEALTH_STAT@DF_LE(1.0),Life expectancy,I,CHL,Chile,A,Annual,LFEXP,Life expectancy,Y,Years,Y0,0 years,_T,Total,_Z,Not applicable,_Z,Not applicable,_Z,Not applicable,_Z,Not applicable,_Z,Not applicable,_Z,Not applicable,_Z,Not applicable,2010,,78.7,,,,,,,,,,,
DATAFLOW,OECD.ELS.HD:DSD_HEALTH_STAT@DF_LE(1.0),Life expectancy,I,CHL,Chile,A,Annual,LFEXP,Life expectancy,Y,Years,Y0,0 years,_T,Total,_Z,Not applicable,_Z,Not applicable,_Z,Not applicable,_Z,Not applicable,_Z,Not applicable,_Z,Not applicable,_Z,Not applicable,2011,,79,,,,,,,,,,,
DATAFLOW,OECD.ELS.HD:DSD_HEALTH_STAT@DF_LE(1.0),Life expectancy,I,CHL,Chile,A,Annual,LFEXP,Life expectancy,Y,Years,Y0,0 years,_T,Total,_Z,Not applicable,_Z,Not applicable,_Z,Not applicable,_Z,Not applicable,_Z,Not applicable,_Z,Not applicable,_Z,Not applicable,2012,,79.2,,,,,,,,,,,
DATAFLOW,OECD.ELS.HD:DSD_HEALTH_STAT@DF_LE(1.0),Life expectancy,I,CHL,Chile,A,Annual,LFEXP,Life expectancy,Y,Years,Y0,0 years,_T,Total,_Z,Not applicable,_Z,Not applicable,_Z,Not applicable,_Z,Not applicable,_Z,Not applicable,_Z,Not applicable,_Z,Not applicable,2013,,79.4,,,,,,,,,,,
DATAFLOW,OECD.ELS.HD:DSD_HEALTH_STAT@DF_LE(1.0),Life expectancy,I,CHL,Chile,A,Annual,LFEXP,Life expectancy,Y,Years,Y0,0 years,_T,Total,_Z,Not applicable,_Z,Not applicable,_Z,Not applicable,_Z,Not applicable,_Z,Not applicable,_Z,Not applicable,_Z,Not applicable,2014,,79.6,,,,,,,,,,,
DATAFLOW,OECD.ELS.HD:DSD_HEALTH_STAT@DF_LE(1.0),Life expectancy,I,CHL,Chile,A,Annual,LFEXP,Life expectancy,Y,Years,Y0,0 years,_T,Total,_Z,Not applicable,_Z,Not applicable,_Z,Not applicable,_Z,Not applicable,_Z,Not applicable,_Z,Not applicable,_Z,Not applicable,2015,,79.8,,,,,,,,,,,
DATAFLOW,OECD.ELS.HD:DSD_HEALTH_STAT@DF_LE(1.0),Life expectancy,I,CHL,Chile,A,Annual,LFEXP,Life expectancy,Y,Years,Y0,0 years,_T,Total,_Z,Not applicable,_Z,Not applicable,_Z,Not applicable,_Z,Not applicable,_Z,Not applicable,_Z,Not applicable,_Z,Not applicable,2016,,80,,,,,,,,,,,
DATAFLOW,OECD.ELS.HD:DSD_HEALTH_STAT@DF_LE(1.0),Life expectancy,I,CHL,Chile,A,Annual,LFEXP,Life expectancy,Y,Years,Y0,0 years,_T,Total,_Z,Not applicable,_Z,Not applicable,_Z,Not applicable,_Z,Not applicable,_Z,Not applicable,_Z,Not applicable,_Z,Not applicable,2017,,80.2,,,,,,,,,,,
DATAFLOW,OECD.ELS.HD:DSD_HEALTH_STAT@DF_LE(1.0),Life expectancy,I,CHL,Chile,A,Annual,LFEXP,Life expectancy,Y,Years,Y0,0 years,_T,Total,_Z,Not applicable,_Z,Not applicable,_Z,Not applicable,_Z,Not applicable,_Z,Not applicable,_Z,Not applicable,_Z,Not applicable,2018,,80.4,,,,,,,,,,,
DATAFLOW,OECD.ELS.HD:DSD_HEALTH_STAT@DF_LE(1.0),Life expectancy,I,CHL,Chile,A,Annual,LFEXP,Life expectancy,Y,Years,Y0,0 years,_T,Total,_Z,Not applicable,_Z,Not applicable,_Z,Not applicable,_Z,Not applicable,_Z,Not applicable,_Z,Not applicable,_Z,Not applicable,2019,,80.6,,,,,,,,,,,
DATAFLOW,OECD.ELS.HD:DSD_HEALTH_STAT@DF_LE(1.0),Life expectancy,I,CHL,Chile,A,Annual,LFEXP,Life expectancy,Y,Years,Y0,0 years,_T,Total,_Z,Not applicable,_Z,Not applicable,_Z,Not applicable,_Z,Not applicable,_Z,Not applicable,_Z,Not applicable,_Z,Not applicable,2020,,80.8,,,,,,,,,,,
DATAFLOW,OECD.ELS.HD:DSD_HEALTH_STAT@DF_LE(1.0),Life expectancy,I,CHL,Chile,A,Annual,LFEXP,Life expectancy,Y,Years,Y0,0 years,_T,Total,_Z,Not applicable,_Z,Not applicable,_Z,Not applicable,_Z,Not applicable,_Z,Not applicable,_Z,Not applicable,_Z,Not applicable,2023,,81.4,,,,,,,,,,,
DATAFLOW,OECD.ELS.HD:DSD_HEALTH_STAT@DF_LE(1.0),Life expectancy,I,COL,Colombia,A,Annual,LFEXP,Life expectancy,Y,Years,Y0,0 years,_T,Total,_Z,Not applicable,_Z,Not applicable,_Z,Not applicable,_Z,Not applicable,_Z,Not applicable,_Z,Not applicable,_Z,Not applicable,2000,,71,,,,,,,,,,,
DATAFLOW,OECD.ELS.HD:DSD_HEALTH_STAT@DF_LE(1.0),Life expectancy,I,COL,Colombia,A,Annual,LFEXP,Life expectancy,Y,Years,Y0,0 years,_T,Total,_Z,Not applicable,_Z,Not applicable,_Z,Not applicable,_Z,Not applicable,_Z,Not applicable,_Z,Not applicable,_Z,Not applicable,2001,,71.4,,,,,,,,,,,
DATAFLOW,OECD.ELS.HD:DSD_HEALTH_STAT@DF_LE(1.0),Life expectancy,I,COL,Colombia,A,Annual,LFEXP,Life expectancy,Y,Years,Y0,0 years,_T,Total,_Z,Not applicable,_Z,Not applicable,_Z,Not applicable,_Z,Not applicable,_Z,Not applicable,_Z,Not applicable,_Z,Not applicable,2002,,71.8,,,,,,,,,,,
DATAFLOW,OECD.ELS.HD:DSD_HEALTH_STAT@DF_LE(1.0),Life expectancy,I,COL,Colombia,A,Annual,LFEXP,Life expectancy,Y,Years,Y0,0 years,_T,Total,_Z,Not applicable,_Z,Not applicable,_Z,Not applicable,_Z,Not applicable,_Z,Not applicable,_Z,Not applicable,_Z,Not applicable,2003,,72.2,,,,,,,,,,,
DATAFLOW,OECD.ELS.HD:DSD_HEALTH_STAT@DF_LE(1.0),Life expectancy,I,COL,Colombia,A,Annual,LFEXP,Life expectancy,Y,Years,Y0,0 years,_T,Total,_Z,Not applicable,_Z,Not applicable,_Z,Not applicable,_Z,Not applicable,_Z,Not applicable,_Z,Not applicable,_Z,Not applicable,2004,,72.6,,,,,,,,,,,
DATAFLOW,OECD.ELS.HD:DSD_HEALTH_STAT@DF_LE(1.0),Life expectancy,I,COL,Colombia,A,Annual,LFEXP,Life expectancy,Y,Years,Y0,0 years,_T,Total,_Z,Not applicable,_Z,Not applicable,_Z,Not applicable,_Z,Not applicable,_Z,Not applicable,_Z,Not applicable,_Z,Not applicable,2005,,73,,,,,,,,,,,
DATAFLOW,OECD.ELS.HD:DSD_HEALTH_STAT@DF_LE(1.0),Life expectancy,I,COL,Colombia,A,Annual,LFEXP,Life expectancy,Y,Years,Y0,0 years,_T,Total,_Z,Not applicable,_Z,Not applicable,_Z,Not applicable,_Z,Not applicable,_Z,Not applicable,_Z,Not applicable,_Z,Not applicable,2006,,73.3,,,,,,,,,,,
DATAFLOW,OECD.ELS.HD:DSD_HEALTH_STAT@DF_LE(1.0),Life expectancy,I,COL,Colombia,A,Annual,LFEXP,Life expectancy,Y,Years,Y0,0 years,_T,Total,_Z,Not applicable,_Z,Not applicable,_Z,Not applicable,_Z,Not applicable,_Z,Not applicable,_Z,Not applicable,_Z,Not applicable,2007,,73.5,,,,,,,,,,,
DATAFLOW,OECD.ELS.HD:DSD_HEALTH_STAT@DF_LE(1.0),Life expectancy,I,COL,Colombia,A,Annual,LFEXP,Life expectancy,Y,Years,Y0,0 years,_T,Total,_Z,Not applicable,_Z,Not applicable,_Z,Not applicable,_Z,Not applicable,_Z,Not applicable,_Z,Not applicable,_Z,Not applicable,2008,,73.8,,,,,,,,,,,
DATAFLOW,OECD.ELS.HD:DSD_HEALTH_STAT@DF_LE(1.0),Life expectancy,I,COL,Colombia,A,Annual,LFEXP,Life expectancy,Y,Years,Y0,0 years,_T,Total,_Z,Not applicable,_Z,Not applicable,_Z,Not applicable,_Z,Not applicable,_Z,Not applicable,_Z,Not applicable,_Z,Not applicable,2009,,74,,,,,,,,,,,
DATAFLOW,OECD.ELS.HD:DSD_HEALTH_STAT@DF_LE(1.0),Life expectancy,I,COL,Colombia,A,Annual,LFEXP,Life expectancy,Y,Years,Y0,0 years,_T,Total,_Z,Not applicable,_Z,Not applicable,_Z,Not applicable,_Z,Not applicable,_Z,Not applicable,_Z,Not applicable,_Z,Not applicable,2010,,74.3,,,,,,,,,,,
DATAFLOW,OECD.ELS.HD:DSD_HEALTH_STAT@DF_LE(1.0),Life expectancy,I,COL,Colombia,A,Annual,LFEXP,Life expectancy,Y,Years,Y0,0 years,_T,Total,_Z,Not applicable,_Z,Not applicable,_Z,Not applicable,_Z,Not applicable,_Z,Not applicable,_Z,Not applicable,_Z,Not applicable,2011,,74.5,,,,,,,,,,,
DATAFLOW,OECD.ELS.HD:DSD_HEALTH_STAT@DF_LE(1.0),Life expectancy,I,COL,Colombia,A,Annual,LFEXP,Life expectancy,Y,Years,Y0,0 years,_T,Total,_Z,Not applicable,_Z,Not applicable,_Z,Not applicable,_Z,Not applicable,_Z,Not applicable,_Z,Not applicable,_Z,Not applicable,2012,,74.7,,,,,,,,,,,
DATAFLOW,OECD.ELS.HD:DSD_HEALTH_STAT@DF_LE(1.0),Life expectancy,I,COL,Colombia,A,Annual,LFEXP,Life expectancy,Y,Years,Y0,0 years,_T,Total,_Z,Not applicable,_Z,Not applicable,_Z,Not applicable,_Z,Not applicable,_Z,Not applicable,_Z,Not applicable,_Z,Not applicable,2013,,75,,,,,,,,,,,
DATAFLOW,OECD.ELS.HD:DSD_HEALTH_STAT@DF_LE(1.0),Life expectancy,I,COL,Colombia,A,Annual,LFEXP,Life expectancy,Y,Years,Y0,0 years,_T,Total,_Z,Not applicable,_Z,Not applicable,_Z,Not applicable,_Z,Not applicable,_Z,Not applicable,_Z,Not applicable,_Z,Not applicable,2014,,75.2,,,,,,,,,,,
DATAFLOW,OECD.ELS.HD:DSD_HEALTH_STAT@DF_LE(1.0),Life expectancy,I,COL,Colombia,A,Annual,LFEXP,Life expectancy,Y,Years,Y0,0 years,_T,Total,_Z,Not applicable,_Z,Not applicable,_Z,Not applicable,_Z,Not applicable,_Z,Not applicable,_Z,Not applicable,_Z,Not applicable,2015,,75.4,,,,,,,,,,,
DATAFLOW,OECD.ELS.HD:DSD_HEALTH_STAT@DF_LE(1.0),Life expectancy,I,COL,Colombia,A,Annual,LFEXP,Life expectancy,Y,Years,Y0,0 years,_T,Total,_Z,Not applicable,_Z,Not applicable,_Z,Not applicable,_Z,Not applicable,_Z,Not applicable,_Z,Not applicable,_Z,Not applicable,2016,,75.7,,,,,,,,,,,
DATAFLOW,OECD.ELS.HD:DSD_HEALTH_STAT@DF_LE(1.0),Life expectancy,I,COL,Colombia,A,Annual,LFEXP,Life expectancy,Y,Years,Y0,0 years,_T,Total,_Z,Not applicable,_Z,Not applicable,_Z,Not applicable,_Z,Not applicable,_Z,Not applicable,_Z,Not applicable,_Z,Not applicable,2017,,75.9,,,,,,,,,,,
DATAFLOW,OECD.ELS.HD:DSD_HEALTH_STAT@DF_LE(1.0),Life expectancy,I,COL,Colombia,A,Annual,LFEXP,Life expectancy,Y,Years,Y0,0 years,_T,Total,_Z,Not applicable,_Z,Not applicable,_Z,Not applicable,_Z,Not applicable,_Z,Not applicable,_Z,Not applicable,_Z,Not applicable,2018,,76.5,,,,,,,,,,,
DATAFLOW,OECD.ELS.HD:DSD_HEALTH_STAT@DF_LE(1.0),Life expectancy,I,COL,Colombia,A,Annual,LFEXP,Life expectancy,Y,Years,Y0,0 years,_T,Total,_Z,Not applicable,_Z,Not applicable,_Z,Not applicable,_Z,Not applicable,_Z,Not applicable,_Z,Not applicable,_Z,Not applicable,2019,,76.6,,,,,,,,,,,
DATAFLOW,OECD.ELS.HD:DSD_HEALTH_STAT@DF_LE(1.0),Life expectancy,I,COL,Colombia,A,Annual,LFEXP,Life expectancy,Y,Years,Y0,0 years,_T,Total,_Z,Not applicable,_Z,Not applicable,_Z,Not applicable,_Z,Not applicable,_Z,Not applicable,_Z,Not applicable,_Z,Not applicable,2020,,76.7,,,,,,,,,,,
DATAFLOW,OECD.ELS.HD:DSD_HEALTH_STAT@DF_LE(1.0),Life expectancy,I,COL,Colombia,A,Annual,LFEXP,Life expectancy,Y,Years,Y0,0 years,_T,Total,_Z,Not applicable,_Z,Not applicable,_Z,Not applicable,_Z,Not applicable,_Z,Not applicable,_Z,Not applicable,_Z,Not applicable,2021,,76.8,,,,,,,,,,,
DATAFLOW,OECD.ELS.HD:DSD_HEALTH_STAT@DF_LE(1.0),Life expectancy,I,COL,Colombia,A,Annual,LFEXP,Life expectancy,Y,Years,Y0,0 years,_T,Total,_Z,Not applicable,_Z,Not applicable,_Z,Not applicable,_Z,Not applicable,_Z,Not applicable,_Z,Not applicable,_Z,Not applicable,2022,,76.9,,,,,,,,,,,
DATAFLOW,OECD.ELS.HD:DSD_HEALTH_STAT@DF_LE(1.0),Life expectancy,I,CRI,Costa Rica,A,Annual,LFEXP,Life expectancy,Y,Years,Y0,0 years,_T,Total,_Z,Not applicable,_Z,Not applicable,_Z,Not applicable,_Z,Not applicable,_Z,Not applicable,_Z,Not applicable,_Z,Not applicable,2001,,78.1,,,,,,,,,,,
DATAFLOW,OECD.ELS.HD:DSD_HEALTH_STAT@DF_LE(1.0),Life expectancy,I,CRI,Costa Rica,A,Annual,LFEXP,Life expectancy,Y,Years,Y0,0 years,_T,Total,_Z,Not applicable,_Z,Not applicable,_Z,Not applicable,_Z,Not applicable,_Z,Not applicable,_Z,Not applicable,_Z,Not applicable,2002,,78.3,,,,,,,,,,,
DATAFLOW,OECD.ELS.HD:DSD_HEALTH_STAT@DF_LE(1.0),Life expectancy,I,CRI,Costa Rica,A,Annual,LFEXP,Life expectancy,Y,Years,Y0,0 years,_T,Total,_Z,Not applicable,_Z,Not applicable,_Z,Not applicable,_Z,Not applicable,_Z,Not applicable,_Z,Not applicable,_Z,Not applicable,2003,,78.5,,,,,,,,,,,
DATAFLOW,OECD.ELS.HD:DSD_HEALTH_STAT@DF_LE(1.0),Life expectancy,I,CRI,Costa Rica,A,Annual,LFEXP,Life expectancy,Y,Years,Y0,0 years,_T,Total,_Z,Not applicable,_Z,Not applicable,_Z,Not applicable,_Z,Not applicable,_Z,Not applicable,_Z,Not applicable,_Z,Not applicable,2004,,78.6,,,,,,,,,,,
DATAFLOW,OECD.ELS.HD:DSD_HEALTH_STAT@DF_LE(1.0),Life expectancy,I,CRI,Costa Rica,A,Annual,LFEXP,Life expectancy,Y,Years,Y0,0 years,_T,Total,_Z,Not applicable,_Z,Not applicable,_Z,Not applicable,_Z,Not applicable,_Z,Not applicable,_Z,Not applicable,_Z,Not applicable,2005,,78.8,,,,,,,,,,,
DATAFLOW,OECD.ELS.HD:DSD_HEALTH_STAT@DF_LE(1.0),Life expectancy,I,CRI,Costa Rica,A,Annual,LFEXP,Life expectancy,Y,Years,Y0,0 years,_T,Total,_Z,Not applicable,_Z,Not applicable,_Z,Not applicable,_Z,Not applicable,_Z,Not applicable,_Z,Not applicable,_Z,Not applicable,2006,,79,,,,,,,,,,,
DATAFLOW,OECD.ELS.HD:DSD_HEALTH_STAT@DF_LE(1.0),Life expectancy,I,CRI,Costa Rica,A,Annual,LFEXP,Life expectancy,Y,Years,Y0,0 years,_T,Total,_Z,Not applicable,_Z,Not applicable,_Z,Not applicable,_Z,Not applicable,_Z,Not applicable,_Z,Not applicable,_Z,Not applicable,2007,,79.1,,,,,,,,,,,
DATAFLOW,OECD.ELS.HD:DSD_HEALTH_STAT@DF_LE(1.0),Life expectancy,I,CRI,Costa Rica,A,Annual,LFEXP,Life expectancy,Y,Years,Y0,0 years,_T,Total,_Z,Not applicable,_Z,Not applicable,_Z,Not applicable,_Z,Not applicable,_Z,Not applicable,_Z,Not applicable,_Z,Not applicable,2008,,79.3,,,,,,,,,,,
DATAFLOW,OECD.ELS.HD:DSD_HEALTH_STAT@DF_LE(1.0),Life expectancy,I,CRI,Costa Rica,A,Annual,LFEXP,Life expectancy,Y,Years,Y0,0 years,_T,Total,_Z,Not applicable,_Z,Not applicable,_Z,Not applicable,_Z,Not applicable,_Z,Not applicable,_Z,Not applicable,_Z,Not applicable,2009,,79.4,,,,,,,,,,,
DATAFLOW,OECD.ELS.HD:DSD_HEALTH_STAT@DF_LE(1.0),Life expectancy,I,CRI,Costa Rica,A,Annual,LFEXP,Life expectancy,Y,Years,Y0,0 years,_T,Total,_Z,Not applicable,_Z,Not applicable,_Z,Not applicable,_Z,Not applicable,_Z,Not applicable,_Z,Not applicable,_Z,Not applicable,2010,,79.1,,,,,,,,,,,
DATAFLOW,OECD.ELS.HD:DSD_HEALTH_STAT@DF_LE(1.0),Life expectancy,I,CRI,Costa Rica,A,Annual,LFEXP,Life expectancy,Y,Years,Y0,0 years,_T,Total,_Z,Not applicable,_Z,Not applicable,_Z,Not applicable,_Z,Not applicable,_Z,Not applicable,_Z,Not applicable,_Z,Not applicable,2011,,79.1,,,,,,,,,,,
DATAFLOW,OECD.ELS.HD:DSD_HEALTH_STAT@DF_LE(1.0),Life expectancy,I,CRI,Costa Rica,A,Annual,LFEXP,Life expectancy,Y,Years,Y0,0 years,_T,Total,_Z,Not applicable,_Z,Not applicable,_Z,Not applicable,_Z,Not applicable,_Z,Not applicable,_Z,Not applicable,_Z,Not applicable,2012,,79.4,,,,,,,,,,,
DATAFLOW,OECD.ELS.HD:DSD_HEALTH_STAT@DF_LE(1.0),Life expectancy,I,CRI,Costa Rica,A,Annual,LFEXP,Life expectancy,Y,Years,Y0,0 years,_T,Total,_Z,Not applicable,_Z,Not applicable,_Z,Not applicable,_Z,Not applicable,_Z,Not applicable,_Z,Not applicable,_Z,Not applicable,2013,,79.6,,,,,,,,,,,
DATAFLOW,OECD.ELS.HD:DSD_HEALTH_STAT@DF_LE(1.0),Life expectancy,I,CRI,Costa Rica,A,Annual,LFEXP,Life expectancy,Y,Years,Y0,0 years,_T,Total,_Z,Not applicable,_Z,Not applicable,_Z,Not applicable,_Z,Not applicable,_Z,Not applicable,_Z,Not applicable,_Z,Not applicable,2014,,79.7,,,,,,,,,,,
DATAFLOW,OECD.ELS.HD:DSD_HEALTH_STAT@DF_LE(1.0),Life expectancy,I,CRI,Costa Rica,A,Annual,LFEXP,Life expectancy,Y,Years,Y0,0 years,_T,Total,_Z,Not applicable,_Z,Not applicable,_Z,Not applicable,_Z,Not applicable,_Z,Not applicable,_Z,Not applicable,_Z,Not applicable,2015,,79.9,,,,,,,,,,,
DATAFLOW,OECD.ELS.HD:DSD_HEALTH_STAT@DF_LE(1.0),Life expectancy,I,CRI,Costa Rica,A,Annual,LFEXP,Life expectancy,Y,Years,Y0,0 years,_T,Total,_Z,Not applicable,_Z,Not applicable,_Z,Not applicable,_Z,Not applicable,_Z,Not applicable,_Z,Not applicable,_Z,Not applicable,2016,,80,,,,,,,,,,,
DATAFLOW,OECD.ELS.HD:DSD_HEALTH_STAT@DF_LE(1.0),Life expectancy,I,CRI,Costa Rica,A,Annual,LFEXP,Life expectancy,Y,Years,Y0,0 years,_T,Total,_Z,Not applicable,_Z,Not applicable,_Z,Not applicable,_Z,Not applicable,_Z,Not applicable,_Z,Not applicable,_Z,Not applicable,2017,,80.2,,,,,,,,,,,
DATAFLOW,OECD.ELS.HD:DSD_HEALTH_STAT@DF_LE(1.0),Life expectancy,I,CRI,Costa Rica,A,Annual,LFEXP,Life expectancy,Y,Years,Y0,0 years,_T,Total,_Z,Not applicable,_Z,Not applicable,_Z,Not applicable,_Z,Not applicable,_Z,Not applicable,_Z,Not applicable,_Z,Not applicable,2018,,80.3,,,,,,,,,,,
DATAFLOW,OECD.ELS.HD:DSD_HEALTH_STAT@DF_LE(1.0),Life expectancy,I,CRI,Costa Rica,A,Annual,LFEXP,Life expectancy,Y,Years,Y0,0 years,_T,Total,_Z,Not applicable,_Z,Not applicable,_Z,Not applicable,_Z,Not applicable,_Z,Not applicable,_Z,Not applicable,_Z,Not applicable,2019,,80.5,,,,,,,,,,,
DATAFLOW,OECD.ELS.HD:DSD_HEALTH_STAT@DF_LE(1.0),Life expectancy,I,CRI,Costa Rica,A,Annual,LFEXP,Life expectancy,Y,Years,Y0,0 years,_T,Total,_Z,Not applicable,_Z,Not applicable,_Z,Not applicable,_Z,Not applicable,_Z,Not applicable,_Z,Not applicable,_Z,Not applicable,2020,,80.6,,,,,,,,,,,
DATAFLOW,OECD.ELS.HD:DSD_HEALTH_STAT@DF_LE(1.0),Life expectancy,I,CRI,Costa Rica,A,Annual,LFEXP,Life expectancy,Y,Years,Y0,0 years,_T,Total,_Z,Not applicable,_Z,Not applicable,_Z,Not applicable,_Z,Not applicable,_Z,Not applicable,_Z,Not applicable,_Z,Not applicable,2021,,80.8,,,,,,,,,,,
DATAFLOW,OECD.ELS.HD:DSD_HEALTH_STAT@DF_LE(1.0),Life expectancy,I,CRI,Costa Rica,A,Annual,LFEXP,Life expectancy,Y,Years,Y0,0 years,_T,Total,_Z,Not applicable,_Z,Not applicable,_Z,Not applicable,_Z,Not applicable,_Z,Not applicable,_Z,Not applicable,_Z,Not applicable,2022,,80.9,,,,,,,,,,,
DATAFLOW,OECD.ELS.HD:DSD_HEALTH_STAT@DF_LE(1.0),Life expectancy,I,CRI,Costa Rica,A,Annual,LFEXP,Life expectancy,Y,Years,Y0,0 years,_T,Total,_Z,Not applicable,_Z,Not applicable,_Z,Not applicable,_Z,Not applicable,_Z,Not applicable,_Z,Not applicable,_Z,Not applicable,2023,,81,,,,,,,,,,,
DATAFLOW,OECD.ELS.HD:DSD_HEALTH_STAT@DF_LE(1.0),Life expectancy,I,CZE,Czechia,A,Annual,LFEXP,Life expectancy,Y,Years,Y0,0 years,_T,Total,_Z,Not applicable,_Z,Not applicable,_Z,Not applicable,_Z,Not applicable,_Z,Not applicable,_Z,Not applicable,_Z,Not applicable,2000,,75.1,,,,,,,,,,,
DATAFLOW,OECD.ELS.HD:DSD_HEALTH_STAT@DF_LE(1.0),Life expectancy,I,CZE,Czechia,A,Annual,LFEXP,Life expectancy,Y,Years,Y0,0 years,_T,Total,_Z,Not applicable,_Z,Not applicable,_Z,Not applicable,_Z,Not applicable,_Z,Not applicable,_Z,Not applicable,_Z,Not applicable,2001,,75.3,,,,,,,,,,,
DATAFLOW,OECD.ELS.HD:DSD_HEALTH_STAT@DF_LE(1.0),Life expectancy,I,CZE,Czechia,A,Annual,LFEXP,Life expectancy,Y,Years,Y0,0 years,_T,Total,_Z,Not applicable,_Z,Not applicable,_Z,Not applicable,_Z,Not applicable,_Z,Not applicable,_Z,Not applicable,_Z,Not applicable,2002,,75.4,,,,,,,,,,,
DATAFLOW,OECD.ELS.HD:DSD_HEALTH_STAT@DF_LE(1.0),Life expectancy,I,CZE,Czechia,A,Annual,LFEXP,Life expectancy,Y,Years,Y0,0 years,_T,Total,_Z,Not applicable,_Z,Not applicable,_Z,Not applicable,_Z,Not applicable,_Z,Not applicable,_Z,Not applicable,_Z,Not applicable,2003,,75.3,,,,,,,,,,,
DATAFLOW,OECD.ELS.HD:DSD_HEALTH_STAT@DF_LE(1.0),Life expectancy,I,CZE,Czechia,A,Annual,LFEXP,Life expectancy,Y,Years,Y0,0 years,_T,Total,_Z,Not applicable,_Z,Not applicable,_Z,Not applicable,_Z,Not applicable,_Z,Not applicable,_Z,Not applicable,_Z,Not applicable,2004,,75.9,,,,,,,,,,,
DATAFLOW,OECD.ELS.HD:DSD_HEALTH_STAT@DF_LE(1.0),Life expectancy,I,CZE,Czechia,A,Annual,LFEXP,Life expectancy,Y,Years,Y0,0 years,_T,Total,_Z,Not applicable,_Z,Not applicable,_Z,Not applicable,_Z,Not applicable,_Z,Not applicable,_Z,Not applicable,_Z,Not applicable,2005,,76.1,,,,,,,,,,,
DATAFLOW,OECD.ELS.HD:DSD_HEALTH_STAT@DF_LE(1.0),Life expectancy,I,CZE,Czechia,A,Annual,LFEXP,Life expectancy,Y,Years,Y0,0 years,_T,Total,_Z,Not applicable,_Z,Not applicable,_Z,Not applicable,_Z,Not applicable,_Z,Not applicable,_Z,Not applicable,_Z,Not applicable,2006,,76.7,,,,,,,,,,,
DATAFLOW,OECD.ELS.HD:DSD_HEALTH_STAT@DF_LE(1.0),Life expectancy,I,CZE,Czechia,A,Annual,LFEXP,Life expectancy,Y,Years,Y0,0 years,_T,Total,_Z,Not applicable,_Z,Not applicable,_Z,Not applicable,_Z,Not applicable,_Z,Not applicable,_Z,Not applicable,_Z,Not applicable,2007,,77,,,,,,,,,,,
DATAFLOW,OECD.ELS.HD:DSD_HEALTH_STAT@DF_LE(1.0),Life expectancy,I,CZE,Czechia,A,Annual,LFEXP,Life expectancy,Y,Years,Y0,0 years,_T,Total,_Z,Not applicable,_Z,Not applicable,_Z,Not applicable,_Z,Not applicable,_Z,Not applicable,_Z,Not applicable,_Z,Not applicable,2008,,77.3,,,,,,,,,,,
DATAFLOW,OECD.ELS.HD:DSD_HEALTH_STAT@DF_LE(1.0),Life expectancy,I,CZE,Czechia,A,Annual,LFEXP,Life expectancy,Y,Years,Y0,0 years,_T,Total,_Z,Not applicable,_Z,Not applicable,_Z,Not applicable,_Z,Not applicable,_Z,Not applicable,_Z,Not applicable,_Z,Not applicable,2009,,77.4,,,,,,,,,,,
DATAFLOW,OECD.ELS.HD:DSD_HEALTH_STAT@DF_LE(1.0),Life expectancy,I,CZE,Czechia,A,Annual,LFEXP,Life expectancy,Y,Years,Y0,0 years,_T,Total,_Z,Not applicable,_Z,Not applicable,_Z,Not applicable,_Z,Not applicable,_Z,Not applicable,_Z,Not applicable,_Z,Not applicable,2010,,77.7,,,,,,,,,,,
DATAFLOW,OECD.ELS.HD:DSD_HEALTH_STAT@DF_LE(1.0),Life expectancy,I,CZE,Czechia,A,Annual,LFEXP,Life expectancy,Y,Years,Y0,0 years,_T,Total,_Z,Not applicable,_Z,Not applicable,_Z,Not applicable,_Z,Not applicable,_Z,Not applicable,_Z,Not applicable,_Z,Not applicable,2011,,78,,,,,,,,,,,
DATAFLOW,OECD.ELS.HD:DSD_HEALTH_STAT@DF_LE(1.0),Life expectancy,I,CZE,Czechia,A,Annual,LFEXP,Life expectancy,Y,Years,Y0,0 years,_T,Total,_Z,Not applicable,_Z,Not applicable,_Z,Not applicable,_Z,Not applicable,_Z,Not applicable,_Z,Not applicable,_Z,Not applicable,2012,,78.1,,,,,,,,,,,
DATAFLOW,OECD.ELS.HD:DSD_HEALTH_STAT@DF_LE(1.0),Life expectancy,I,CZE,Czechia,A,Annual,LFEXP,Life expectancy,Y,Years,Y0,0 years,_T,Total,_Z,Not applicable,_Z,Not applicable,_Z,Not applicable,_Z,Not applicable,_Z,Not applicable,_Z,Not applicable,_Z,Not applicable,2013,,78.3,,,,,,,,,,,
DATAFLOW,OECD.ELS.HD:DSD_HEALTH_STAT@DF_LE(1.0),Life expectancy,I,CZE,Czechia,A,Annual,LFEXP,Life expectancy,Y,Years,Y0,0 years,_T,Total,_Z,Not applicable,_Z,Not applicable,_Z,Not applicable,_Z,Not applicable,_Z,Not applicable,_Z,Not applicable,_Z,Not applicable,2014,,78.9,,,,,,,,,,,
DATAFLOW,OECD.ELS.HD:DSD_HEALTH_STAT@DF_LE(1.0),Life expectancy,I,CZE,Czechia,A,Annual,LFEXP,Life expectancy,Y,Years,Y0,0 years,_T,Total,_Z,Not applicable,_Z,Not applicable,_Z,Not applicable,_Z,Not applicable,_Z,Not applicable,_Z,Not applicable,_Z,Not applicable,2015,,78.7,,,,,,,,,,,
DATAFLOW,OECD.ELS.HD:DSD_HEALTH_STAT@DF_LE(1.0),Life expectancy,I,CZE,Czechia,A,Annual,LFEXP,Life expectancy,Y,Years,Y0,0 years,_T,Total,_Z,Not applicable,_Z,Not applicable,_Z,Not applicable,_Z,Not applicable,_Z,Not applicable,_Z,Not applicable,_Z,Not applicable,2016,,79.1,,,,,,,,,,,
DATAFLOW,OECD.ELS.HD:DSD_HEALTH_STAT@DF_LE(1.0),Life expectancy,I,CZE,Czechia,A,Annual,LFEXP,Life expectancy,Y,Years,Y0,0 years,_T,Total,_Z,Not applicable,_Z,Not applicable,_Z,Not applicable,_Z,Not applicable,_Z,Not applicable,_Z,Not applicable,_Z,Not applicable,2017,,79.1,,,,,,,,,,,
DATAFLOW,OECD.ELS.HD:DSD_HEALTH_STAT@DF_LE(1.0),Life expectancy,I,CZE,Czechia,A,Annual,LFEXP,Life expectancy,Y,Years,Y0,0 years,_T,Total,_Z,Not applicable,_Z,Not applicable,_Z,Not applicable,_Z,Not applicable,_Z,Not applicable,_Z,Not applicable,_Z,Not applicable,2018,,79.1,,,,,,,,,,,
DATAFLOW,OECD.ELS.HD:DSD_HEALTH_STAT@DF_LE(1.0),Life expectancy,I,CZE,Czechia,A,Annual,LFEXP,Life expectancy,Y,Years,Y0,0 years,_T,Total,_Z,Not applicable,_Z,Not applicable,_Z,Not applicable,_Z,Not applicable,_Z,Not applicable,_Z,Not applicable,_Z,Not applicable,2019,,79.3,,,,,,,,,,,
DATAFLOW,OECD.ELS.HD:DSD_HEALTH_STAT@DF_LE(1.0),Life expectancy,I,CZE,Czechia,A,Annual,LFEXP,Life expectancy,Y,Years,Y0,0 years,_T,Total,_Z,Not applicable,_Z,Not applicable,_Z,Not applicable,_Z,Not applicable,_Z,Not applicable,_Z,Not applicable,_Z,Not applicable,2021,,77.2,,,,,,,,,,,
DATAFLOW,OECD.ELS.HD:DSD_HEALTH_STAT@DF_LE(1.0),Life expectancy,I,CZE,Czechia,A,Annual,LFEXP,Life expectancy,Y,Years,Y0,0 years,_T,Total,_Z,Not applicable,_Z,Not applicable,_Z,Not applicable,_Z,Not applicable,_Z,Not applicable,_Z,Not applicable,_Z,Not applicable,2022,,79,,,,,,,,,,,
DATAFLOW,OECD.ELS.HD:DSD_HEALTH_STAT@DF_LE(1.0),Life expectancy,I,DNK,Denmark,A,Annual,LFEXP,Life expectancy,Y,Years,Y0,0 years,_T,Total,_Z,Not applicable,_Z,Not applicable,_Z,Not applicable,_Z,Not applicable,_Z,Not applicable,_Z,Not applicable,_Z,Not applicable,2000,,76.9,,,,,,,,,,,
DATAFLOW,OECD.ELS.HD:DSD_HEALTH_STAT@DF_LE(1.0),Life expectancy,I,DNK,Denmark,A,Annual,LFEXP,Life expectancy,Y,Years,Y0,0 years,_T,Total,_Z,Not applicable,_Z,Not applicable,_Z,Not applicable,_Z,Not applicable,_Z,Not applicable,_Z,Not applicable,_Z,Not applicable,2001,,77,,,,,,,,,,,
DATAFLOW,OECD.ELS.HD:DSD_HEALTH_STAT@DF_LE(1.0),Life expectancy,I,DNK,Denmark,A,Annual,LFEXP,Life expectancy,Y,Years,Y0,0 years,_T,Total,_Z,Not applicable,_Z,Not applicable,_Z,Not applicable,_Z,Not applicable,_Z,Not applicable,_Z,Not applicable,_Z,Not applicable,2002,,77.1,,,,,,,,,,,
DATAFLOW,OECD.ELS.HD:DSD_HEALTH_STAT@DF_LE(1.0),Life expectancy,I,DNK,Denmark,A,Annual,LFEXP,Life expectancy,Y,Years,Y0,0 years,_T,Total,_Z,Not applicable,_Z,Not applicable,_Z,Not applicable,_Z,Not applicable,_Z,Not applicable,_Z,Not applicable,_Z,Not applicable,2003,,77.4,,,,,,,,,,,
DATAFLOW,OECD.ELS.HD:DSD_HEALTH_STAT@DF_LE(1.0),Life expectancy,I,DNK,Denmark,A,Annual,LFEXP,Life expectancy,Y,Years,Y0,0 years,_T,Total,_Z,Not applicable,_Z,Not applicable,_Z,Not applicable,_Z,Not applicable,_Z,Not applicable,_Z,Not applicable,_Z,Not applicable,2004,,77.8,,,,,,,,,,,
DATAFLOW,OECD.ELS.HD:DSD_HEALTH_STAT@DF_LE(1.0),Life expectancy,I,DNK,Denmark,A,Annual,LFEXP,Life expectancy,Y,Years,Y0,0 years,_T,Total,_Z,Not applicable,_Z,Not applicable,_Z,Not applicable,_Z,Not applicable,_Z,Not applicable,_Z,Not applicable,_Z,Not applicable,2005,,78.3,,,,,,,,,,,
DATAFLOW,OECD.ELS.HD:DSD_HEALTH_STAT@DF_LE(1.0),Life expectancy,I,DNK,Denmark,A,Annual,LFEXP,Life expectancy,Y,Years,Y0,0 years,_T,Total,_Z,Not applicable,_Z,Not applicable,_Z,Not applicable,_Z,Not applicable,_Z,Not applicable,_Z,Not applicable,_Z,Not applicable,2006,,78.4,,,,,,,,,,,
DATAFLOW,OECD.ELS.HD:DSD_HEALTH_STAT@DF_LE(1.0),Life expectancy,I,DNK,Denmark,A,Annual,LFEXP,Life expectancy,Y,Years,Y0,0 years,_T,Total,_Z,Not applicable,_Z,Not applicable,_Z,Not applicable,_Z,Not applicable,_Z,Not applicable,_Z,Not applicable,_Z,Not applicable,2007,,78.4,,,,,,,,,,,
DATAFLOW,OECD.ELS.HD:DSD_HEALTH_STAT@DF_LE(1.0),Life expectancy,I,DNK,Denmark,A,Annual,LFEXP,Life expectancy,Y,Years,Y0,0 years,_T,Total,_Z,Not applicable,_Z,Not applicable,_Z,Not applicable,_Z,Not applicable,_Z,Not applicable,_Z,Not applicable,_Z,Not applicable,2008,,78.8,,,,,,,,,,,
DATAFLOW,OECD.ELS.HD:DSD_HEALTH_STAT@DF_LE(1.0),Life expectancy,I,DNK,Denmark,A,Annual,LFEXP,Life expectancy,Y,Years,Y0,0 years,_T,Total,_Z,Not applicable,_Z,Not applicable,_Z,Not applicable,_Z,Not applicable,_Z,Not applicable,_Z,Not applicable,_Z,Not applicable,2009,,79,,,,,,,,,,,
DATAFLOW,OECD.ELS.HD:DSD_HEALTH_STAT@DF_LE(1.0),Life expectancy,I,DNK,Denmark,A,Annual,LFEXP,Life expectancy,Y,Years,Y0,0 years,_T,Total,_Z,Not applicable,_Z,Not applicable,_Z,Not applicable,_Z,Not applicable,_Z,Not applicable,_Z,Not applicable,_Z,Not applicable,2010,,79.3,,,,,,,,,,,
DATAFLOW,OECD.ELS.HD:DSD_HEALTH_STAT@DF_LE(1.0),Life expectancy,I,DNK,Denmark,A,Annual,LFEXP,Life expectancy,Y,Years,Y0,0 years,_T,Total,_Z,Not applicable,_Z,Not applicable,_Z,Not applicable,_Z,Not applicable,_Z,Not applicable,_Z,Not applicable,_Z,Not applicable,2011,,79.9,,,,,,,,,,,
DATAFLOW,OECD.ELS.HD:DSD_HEALTH_STAT@DF_LE(1.0),Life expectancy,I,DNK,Denmark,A,Annual,LFEXP,Life expectancy,Y,Years,Y0,0 years,_T,Total,_Z,Not applicable,_Z,Not applicable,_Z,Not applicable,_Z,Not applicable,_Z,Not applicable,_Z,Not applicable,_Z,Not applicable,2012,,80.2,,,,,,,,,,,
DATAFLOW,OECD.ELS.HD:DSD_HEALTH_STAT@DF_LE(1.0),Life expectancy,I,DNK,Denmark,A,Annual,LFEXP,Life expectancy,Y,Years,Y0,0 years,_T,Total,_Z,Not applicable,_Z,Not applicable,_Z,Not applicable,_Z,Not applicable,_Z,Not applicable,_Z,Not applicable,_Z,Not applicable,2013,,80.4,,,,,,,,,,,
DATAFLOW,OECD.ELS.HD:DSD_HEALTH_STAT@DF_LE(1.0),Life expectancy,I,DNK,Denmark,A,Annual,LFEXP,Life expectancy,Y,Years,Y0,0 years,_T,Total,_Z,Not applicable,_Z,Not applicable,_Z,Not applicable,_Z,Not applicable,_Z,Not applicable,_Z,Not applicable,_Z,Not applicable,2014,,80.7,,,,,,,,,,,
DATAFLOW,OECD.ELS.HD:DSD_HEALTH_STAT@DF_LE(1.0),Life expectancy,I,DNK,Denmark,A,Annual,LFEXP,Life expectancy,Y,Years,Y0,0 years,_T,Total,_Z,Not applicable,_Z,Not applicable,_Z,Not applicable,_Z,Not applicable,_Z,Not applicable,_Z,Not applicable,_Z,Not applicable,2015,,80.8,,,,,,,,,,,
DATAFLOW,OECD.ELS.HD:DSD_HEALTH_STAT@DF_LE(1.0),Life expectancy,I,DNK,Denmark,A,Annual,LFEXP,Life expectancy,Y,Years,Y0,0 years,_T,Total,_Z,Not applicable,_Z,Not applicable,_Z,Not applicable,_Z,Not applicable,_Z,Not applicable,_Z,Not applicable,_Z,Not applicable,2016,,80.9,,,,,,,,,,,
DATAFLOW,OECD.ELS.HD:DSD_HEALTH_STAT@DF_LE(1.0),Life expectancy,I,DNK,Denmark,A,Annual,LFEXP,Life expectancy,Y,Years,Y0,0 years,_T,Total,_Z,Not applicable,_Z,Not applicable,_Z,Not applicable,_Z,Not applicable,_Z,Not applicable,_Z,Not applicable,_Z,Not applicable,2017,,81.1,,,,,,,,,,,
DATAFLOW,OECD.ELS.HD:DSD_HEALTH_STAT@DF_LE(1.0),Life expectancy,I,DNK,Denmark,A,Annual,LFEXP,Life expectancy,Y,Years,Y0,0 years,_T,Total,_Z,Not applicable,_Z,Not applicable,_Z,Not applicable,_Z,Not applicable,_Z,Not applicable,_Z,Not applicable,_Z,Not applicable,2018,,81,,,,,,,,,,,
DATAFLOW,OECD.ELS.HD:DSD_HEALTH_STAT@DF_LE(1.0),Life expectancy,I,DNK,Denmark,A,Annual,LFEXP,Life expectancy,Y,Years,Y0,0 years,_T,Total,_Z,Not applicable,_Z,Not applicable,_Z,Not applicable,_Z,Not applicable,_Z,Not applicable,_Z,Not applicable,_Z,Not applicable,2019,,81.5,,,,,,,,,,,
DATAFLOW,OECD.ELS.HD:DSD_HEALTH_STAT@DF_LE(1.0),Life expectancy,I,DNK,Denmark,A,Annual,LFEXP,Life expectancy,Y,Years,Y0,0 years,_T,Total,_Z,Not applicable,_Z,Not applicable,_Z,Not applicable,_Z,Not applicable,_Z,Not applicable,_Z,Not applicable,_Z,Not applicable,2020,,81.6,,,,,,,,,,,
DATAFLOW,OECD.ELS.HD:DSD_HEALTH_STAT@DF_LE(1.0),Life expectancy,I,DNK,Denmark,A,Annual,LFEXP,Life expectancy,Y,Years,Y0,0 years,_T,Total,_Z,Not applicable,_Z,Not applicable,_Z,Not applicable,_Z,Not applicable,_Z,Not applicable,_Z,Not applicable,_Z,Not applicable,2021,,81.5,,,,,,,,,,,
DATAFLOW,OECD.ELS.HD:DSD_HEALTH_STAT@DF_LE(1.0),Life expectancy,I,DNK,Denmark,A,Annual,LFEXP,Life expectancy,Y,Years,Y0,0 years,_T,Total,_Z,Not applicable,_Z,Not applicable,_Z,Not applicable,_Z,Not applicable,_Z,Not applicable,_Z,Not applicable,_Z,Not applicable,2022,,81.3,,,,,,,,,,,
DATAFLOW,OECD.ELS.HD:DSD_HEALTH_STAT@DF_LE(1.0),Life expectancy,I,EST,Estonia,A,Annual,LFEXP,Life expectancy,Y,Years,Y0,0 years,_T,Total,_Z,Not applicable,_Z,Not applicable,_Z,Not applicable,_Z,Not applicable,_Z,Not applicable,_Z,Not applicable,_Z,Not applicable,2000,,71.1,,,,,,,,,,,
DATAFLOW,OECD.ELS.HD:DSD_HEALTH_STAT@DF_LE(1.0),Life expectancy,I,EST,Estonia,A,Annual,LFEXP,Life expectancy,Y,Years,Y0,0 years,_T,Total,_Z,Not applicable,_Z,Not applicable,_Z,Not applicable,_Z,Not applicable,_Z,Not applicable,_Z,Not applicable,_Z,Not applicable,2001,,70.9,,,,,,,,,,,
DATAFLOW,OECD.ELS.HD:DSD_HEALTH_STAT@DF_LE(1.0),Life expectancy,I,EST,Estonia,A,Annual,LFEXP,Life expectancy,Y,Years,Y0,0 years,_T,Total,_Z,Not applicable,_Z,Not applicable,_Z,Not applicable,_Z,Not applicable,_Z,Not applicable,_Z,Not applicable,_Z,Not applicable,2002,,71.4,,,,,,,,,,,
DATAFLOW,OECD.ELS.HD:DSD_HEALTH_STAT@DF_LE(1.0),Life expectancy,I,EST,Estonia,A,Annual,LFEXP,Life expectancy,Y,Years,Y0,0 years,_T,Total,_Z,Not applicable,_Z,Not applicable,_Z,Not applicable,_Z,Not applicable,_Z,Not applicable,_Z,Not applicable,_Z,Not applicable,2003,,71.9,,,,,,,,,,,
DATAFLOW,OECD.ELS.HD:DSD_HEALTH_STAT@DF_LE(1.0),Life expectancy,I,EST,Estonia,A,Annual,LFEXP,Life expectancy,Y,Years,Y0,0 years,_T,Total,_Z,Not applicable,_Z,Not applicable,_Z,Not applicable,_Z,Not applicable,_Z,Not applicable,_Z,Not applicable,_Z,Not applicable,2004,,72.4,,,,,,,,,,,
DATAFLOW,OECD.ELS.HD:DSD_HEALTH_STAT@DF_LE(1.0),Life expectancy,I,EST,Estonia,A,Annual,LFEXP,Life expectancy,Y,Years,Y0,0 years,_T,Total,_Z,Not applicable,_Z,Not applicable,_Z,Not applicable,_Z,Not applicable,_Z,Not applicable,_Z,Not applicable,_Z,Not applicable,2005,,73,,,,,,,,,,,
DATAFLOW,OECD.ELS.HD:DSD_HEALTH_STAT@DF_LE(1.0),Life expectancy,I,EST,Estonia,A,Annual,LFEXP,Life expectancy,Y,Years,Y0,0 years,_T,Total,_Z,Not applicable,_Z,Not applicable,_Z,Not applicable,_Z,Not applicable,_Z,Not applicable,_Z,Not applicable,_Z,Not applicable,2006,,73.2,,,,,,,,,,,
DATAFLOW,OECD.ELS.HD:DSD_HEALTH_STAT@DF_LE(1.0),Life expectancy,I,EST,Estonia,A,Annual,LFEXP,Life expectancy,Y,Years,Y0,0 years,_T,Total,_Z,Not applicable,_Z,Not applicable,_Z,Not applicable,_Z,Not applicable,_Z,Not applicable,_Z,Not applicable,_Z,Not applicable,2007,,73.2,,,,,,,,,,,
DATAFLOW,OECD.ELS.HD:DSD_HEALTH_STAT@DF_LE(1.0),Life expectancy,I,EST,Estonia,A,Annual,LFEXP,Life expectancy,Y,Years,Y0,0 years,_T,Total,_Z,Not applicable,_Z,Not applicable,_Z,Not applicable,_Z,Not applicable,_Z,Not applicable,_Z,Not applicable,_Z,Not applicable,2008,,74.4,,,,,,,,,,,
DATAFLOW,OECD.ELS.HD:DSD_HEALTH_STAT@DF_LE(1.0),Life expectancy,I,EST,Estonia,A,Annual,LFEXP,Life expectancy,Y,Years,Y0,0 years,_T,Total,_Z,Not applicable,_Z,Not applicable,_Z,Not applicable,_Z,Not applicable,_Z,Not applicable,_Z,Not applicable,_Z,Not applicable,2009,,75.3,,,,,,,,,,,
DATAFLOW,OECD.ELS.HD:DSD_HEALTH_STAT@DF_LE(1.0),Life expectancy,I,EST,Estonia,A,Annual,LFEXP,Life expectancy,Y,Years,Y0,0 years,_T,Total,_Z,Not applicable,_Z,Not applicable,_Z,Not applicable,_Z,Not applicable,_Z,Not applicable,_Z,Not applicable,_Z,Not applicable,2010,,76,,,,,,,,,,,
DATAFLOW,OECD.ELS.HD:DSD_HEALTH_STAT@DF_LE(1.0),Life expectancy,I,EST,Estonia,A,Annual,LFEXP,Life expectancy,Y,Years,Y0,0 years,_T,Total,_Z,Not applicable,_Z,Not applicable,_Z,Not applicable,_Z,Not applicable,_Z,Not applicable,_Z,Not applicable,_Z,Not applicable,2011,,76.6,,,,,,,,,,,
DATAFLOW,OECD.ELS.HD:DSD_HEALTH_STAT@DF_LE(1.0),Life expectancy,I,EST,Estonia,A,Annual,LFEXP,Life expectancy,Y,Years,Y0,0 years,_T,Total,_Z,Not applicable,_Z,Not applicable,_Z,Not applicable,_Z,Not applicable,_Z,Not applicable,_Z,Not applicable,_Z,Not applicable,2012,,76.7,,,,,,,,,,,
DATAFLOW,OECD.ELS.HD:DSD_HEALTH_STAT@DF_LE(1.0),Life expectancy,I,EST,Estonia,A,Annual,LFEXP,Life expectancy,Y,Years,Y0,0 years,_T,Total,_Z,Not applicable,_Z,Not applicable,_Z,Not applicable,_Z,Not applicable,_Z,Not applicable,_Z,Not applicable,_Z,Not applicable,2013,,77.5,,,,,,,,,,,
DATAFLOW,OECD.ELS.HD:DSD_HEALTH_STAT@DF_LE(1.0),Life expectancy,I,EST,Estonia,A,Annual,LFEXP,Life expectancy,Y,Years,Y0,0 years,_T,Total,_Z,Not applicable,_Z,Not applicable,_Z,Not applicable,_Z,Not applicable,_Z,Not applicable,_Z,Not applicable,_Z,Not applicable,2014,,77.4,,,,,,,,,,,
DATAFLOW,OECD.ELS.HD:DSD_HEALTH_STAT@DF_LE(1.0),Life expectancy,I,EST,Estonia,A,Annual,LFEXP,Life expectancy,Y,Years,Y0,0 years,_T,Total,_Z,Not applicable,_Z,Not applicable,_Z,Not applicable,_Z,Not applicable,_Z,Not applicable,_Z,Not applicable,_Z,Not applicable,2015,,78,,,,,,,,,,,
DATAFLOW,OECD.ELS.HD:DSD_HEALTH_STAT@DF_LE(1.0),Life expectancy,I,EST,Estonia,A,Annual,LFEXP,Life expectancy,Y,Years,Y0,0 years,_T,Total,_Z,Not applicable,_Z,Not applicable,_Z,Not applicable,_Z,Not applicable,_Z,Not applicable,_Z,Not applicable,_Z,Not applicable,2016,,78,,,,,,,,,,,
DATAFLOW,OECD.ELS.HD:DSD_HEALTH_STAT@DF_LE(1.0),Life expectancy,I,EST,Estonia,A,Annual,LFEXP,Life expectancy,Y,Years,Y0,0 years,_T,Total,_Z,Not applicable,_Z,Not applicable,_Z,Not applicable,_Z,Not applicable,_Z,Not applicable,_Z,Not applicable,_Z,Not applicable,2017,,78.4,,,,,,,,,,,
DATAFLOW,OECD.ELS.HD:DSD_HEALTH_STAT@DF_LE(1.0),Life expectancy,I,EST,Estonia,A,Annual,LFEXP,Life expectancy,Y,Years,Y0,0 years,_T,Total,_Z,Not applicable,_Z,Not applicable,_Z,Not applicable,_Z,Not applicable,_Z,Not applicable,_Z,Not applicable,_Z,Not applicable,2018,,78.5,,,,,,,,,,,
DATAFLOW,OECD.ELS.HD:DSD_HEALTH_STAT@DF_LE(1.0),Life expectancy,I,EST,Estonia,A,Annual,LFEXP,Life expectancy,Y,Years,Y0,0 years,_T,Total,_Z,Not applicable,_Z,Not applicable,_Z,Not applicable,_Z,Not applicable,_Z,Not applicable,_Z,Not applicable,_Z,Not applicable,2019,,79,,,,,,,,,,,
DATAFLOW,OECD.ELS.HD:DSD_HEALTH_STAT@DF_LE(1.0),Life expectancy,I,EST,Estonia,A,Annual,LFEXP,Life expectancy,Y,Years,Y0,0 years,_T,Total,_Z,Not applicable,_Z,Not applicable,_Z,Not applicable,_Z,Not applicable,_Z,Not applicable,_Z,Not applicable,_Z,Not applicable,2020,,78.9,,,,,,,,,,,
DATAFLOW,OECD.ELS.HD:DSD_HEALTH_STAT@DF_LE(1.0),Life expectancy,I,EST,Estonia,A,Annual,LFEXP,Life expectancy,Y,Years,Y0,0 years,_T,Total,_Z,Not applicable,_Z,Not applicable,_Z,Not applicable,_Z,Not applicable,_Z,Not applicable,_Z,Not applicable,_Z,Not applicable,2021,,77.2,,,,,,,,,,,
DATAFLOW,OECD.ELS.HD:DSD_HEALTH_STAT@DF_LE(1.0),Life expectancy,I,EST,Estonia,A,Annual,LFEXP,Life expectancy,Y,Years,Y0,0 years,_T,Total,_Z,Not applicable,_Z,Not applicable,_Z,Not applicable,_Z,Not applicable,_Z,Not applicable,_Z,Not applicable,_Z,Not applicable,2022,,78.1,,,,,,,,,,,
DATAFLOW,OECD.ELS.HD:DSD_HEALTH_STAT@DF_LE(1.0),Life expectancy,I,FIN,Finland,A,Annual,LFEXP,Life expectancy,Y,Years,Y0,0 years,_T,Total,_Z,Not applicable,_Z,Not applicable,_Z,Not applicable,_Z,Not applicable,_Z,Not applicable,_Z,Not applicable,_Z,Not applicable,2000,,77.8,,,,,,,,,,,
DATAFLOW,OECD.ELS.HD:DSD_HEALTH_STAT@DF_LE(1.0),Life expectancy,I,FIN,Finland,A,Annual,LFEXP,Life expectancy,Y,Years,Y0,0 years,_T,Total,_Z,Not applicable,_Z,Not applicable,_Z,Not applicable,_Z,Not applicable,_Z,Not applicable,_Z,Not applicable,_Z,Not applicable,2001,,78.2,,,,,,,,,,,
DATAFLOW,OECD.ELS.HD:DSD_HEALTH_STAT@DF_LE(1.0),Life expectancy,I,FIN,Finland,A,Annual,LFEXP,Life expectancy,Y,Years,Y0,0 years,_T,Total,_Z,Not applicable,_Z,Not applicable,_Z,Not applicable,_Z,Not applicable,_Z,Not applicable,_Z,Not applicable,_Z,Not applicable,2002,,78.3,,,,,,,,,,,
DATAFLOW,OECD.ELS.HD:DSD_HEALTH_STAT@DF_LE(1.0),Life expectancy,I,FIN,Finland,A,Annual,LFEXP,Life expectancy,Y,Years,Y0,0 years,_T,Total,_Z,Not applicable,_Z,Not applicable,_Z,Not applicable,_Z,Not applicable,_Z,Not applicable,_Z,Not applicable,_Z,Not applicable,2003,,78.6,,,,,,,,,,,
DATAFLOW,OECD.ELS.HD:DSD_HEALTH_STAT@DF_LE(1.0),Life expectancy,I,FIN,Finland,A,Annual,LFEXP,Life expectancy,Y,Years,Y0,0 years,_T,Total,_Z,Not applicable,_Z,Not applicable,_Z,Not applicable,_Z,Not applicable,_Z,Not applicable,_Z,Not applicable,_Z,Not applicable,2004,,79,,,,,,,,,,,
DATAFLOW,OECD.ELS.HD:DSD_HEALTH_STAT@DF_LE(1.0),Life expectancy,I,FIN,Finland,A,Annual,LFEXP,Life expectancy,Y,Years,Y0,0 years,_T,Total,_Z,Not applicable,_Z,Not applicable,_Z,Not applicable,_Z,Not applicable,_Z,Not applicable,_Z,Not applicable,_Z,Not applicable,2005,,79.1,,,,,,,,,,,
DATAFLOW,OECD.ELS.HD:DSD_HEALTH_STAT@DF_LE(1.0),Life expectancy,I,FIN,Finland,A,Annual,LFEXP,Life expectancy,Y,Years,Y0,0 years,_T,Total,_Z,Not applicable,_Z,Not applicable,_Z,Not applicable,_Z,Not applicable,_Z,Not applicable,_Z,Not applicable,_Z,Not applicable,2006,,79.5,,,,,,,,,,,
DATAFLOW,OECD.ELS.HD:DSD_HEALTH_STAT@DF_LE(1.0),Life expectancy,I,FIN,Finland,A,Annual,LFEXP,Life expectancy,Y,Years,Y0,0 years,_T,Total,_Z,Not applicable,_Z,Not applicable,_Z,Not applicable,_Z,Not applicable,_Z,Not applicable,_Z,Not applicable,_Z,Not applicable,2007,,79.6,,,,,,,,,,,
DATAFLOW,OECD.ELS.HD:DSD_HEALTH_STAT@DF_LE(1.0),Life expectancy,I,FIN,Finland,A,Annual,LFEXP,Life expectancy,Y,Years,Y0,0 years,_T,Total,_Z,Not applicable,_Z,Not applicable,_Z,Not applicable,_Z,Not applicable,_Z,Not applicable,_Z,Not applicable,_Z,Not applicable,2008,,79.9,,,,,,,,,,,
DATAFLOW,OECD.ELS.HD:DSD_HEALTH_STAT@DF_LE(1.0),Life expectancy,I,FIN,Finland,A,Annual,LFEXP,Life expectancy,Y,Years,Y0,0 years,_T,Total,_Z,Not applicable,_Z,Not applicable,_Z,Not applicable,_Z,Not applicable,_Z,Not applicable,_Z,Not applicable,_Z,Not applicable,2009,,80.1,,,,,,,,,,,
DATAFLOW,OECD.ELS.HD:DSD_HEALTH_STAT@DF_LE(1.0),Life expectancy,I,FIN,Finland,A,Annual,LFEXP,Life expectancy,Y,Years,Y0,0 years,_T,Total,_Z,Not applicable,_Z,Not applicable,_Z,Not applicable,_Z,Not applicable,_Z,Not applicable,_Z,Not applicable,_Z,Not applicable,2010,,80.2,,,,,,,,,,,
DATAFLOW,OECD.ELS.HD:DSD_HEALTH_STAT@DF_LE(1.0),Life expectancy,I,FIN,Finland,A,Annual,LFEXP,Life expectancy,Y,Years,Y0,0 years,_T,Total,_Z,Not applicable,_Z,Not applicable,_Z,Not applicable,_Z,Not applicable,_Z,Not applicable,_Z,Not applicable,_Z,Not applicable,2011,,80.6,,,,,,,,,,,
DATAFLOW,OECD.ELS.HD:DSD_HEALTH_STAT@DF_LE(1.0),Life expectancy,I,FIN,Finland,A,Annual,LFEXP,Life expectancy,Y,Years,Y0,0 years,_T,Total,_Z,Not applicable,_Z,Not applicable,_Z,Not applicable,_Z,Not applicable,_Z,Not applicable,_Z,Not applicable,_Z,Not applicable,2012,,80.7,,,,,,,,,,,
DATAFLOW,OECD.ELS.HD:DSD_HEALTH_STAT@DF_LE(1.0),Life expectancy,I,FIN,Finland,A,Annual,LFEXP,Life expectancy,Y,Years,Y0,0 years,_T,Total,_Z,Not applicable,_Z,Not applicable,_Z,Not applicable,_Z,Not applicable,_Z,Not applicable,_Z,Not applicable,_Z,Not applicable,2013,,81.1,,,,,,,,,,,
DATAFLOW,OECD.ELS.HD:DSD_HEALTH_STAT@DF_LE(1.0),Life expectancy,I,FIN,Finland,A,Annual,LFEXP,Life expectancy,Y,Years,Y0,0 years,_T,Total,_Z,Not applicable,_Z,Not applicable,_Z,Not applicable,_Z,Not applicable,_Z,Not applicable,_Z,Not applicable,_Z,Not applicable,2014,,81.3,,,,,,,,,,,
DATAFLOW,OECD.ELS.HD:DSD_HEALTH_STAT@DF_LE(1.0),Life expectancy,I,FIN,Finland,A,Annual,LFEXP,Life expectancy,Y,Years,Y0,0 years,_T,Total,_Z,Not applicable,_Z,Not applicable,_Z,Not applicable,_Z,Not applicable,_Z,Not applicable,_Z,Not applicable,_Z,Not applicable,2015,,81.6,,,,,,,,,,,
DATAFLOW,OECD.ELS.HD:DSD_HEALTH_STAT@DF_LE(1.0),Life expectancy,I,FIN,Finland,A,Annual,LFEXP,Life expectancy,Y,Years,Y0,0 years,_T,Total,_Z,Not applicable,_Z,Not applicable,_Z,Not applicable,_Z,Not applicable,_Z,Not applicable,_Z,Not applicable,_Z,Not applicable,2016,,81.5,,,,,,,,,,,
DATAFLOW,OECD.ELS.HD:DSD_HEALTH_STAT@DF_LE(1.0),Life expectancy,I,FIN,Finland,A,Annual,LFEXP,Life expectancy,Y,Years,Y0,0 years,_T,Total,_Z,Not applicable,_Z,Not applicable,_Z,Not applicable,_Z,Not applicable,_Z,Not applicable,_Z,Not applicable,_Z,Not applicable,2017,,81.7,,,,,,,,,,,
DATAFLOW,OECD.ELS.HD:DSD_HEALTH_STAT@DF_LE(1.0),Life expectancy,I,FIN,Finland,A,Annual,LFEXP,Life expectancy,Y,Years,Y0,0 years,_T,Total,_Z,Not applicable,_Z,Not applicable,_Z,Not applicable,_Z,Not applicable,_Z,Not applicable,_Z,Not applicable,_Z,Not applicable,2018,,81.8,,,,,,,,,,,
DATAFLOW,OECD.ELS.HD:DSD_HEALTH_STAT@DF_LE(1.0),Life expectancy,I,FIN,Finland,A,Annual,LFEXP,Life expectancy,Y,Years,Y0,0 years,_T,Total,_Z,Not applicable,_Z,Not applicable,_Z,Not applicable,_Z,Not applicable,_Z,Not applicable,_Z,Not applicable,_Z,Not applicable,2019,,82.1,,,,,,,,,,,
DATAFLOW,OECD.ELS.HD:DSD_HEALTH_STAT@DF_LE(1.0),Life expectancy,I,FIN,Finland,A,Annual,LFEXP,Life expectancy,Y,Years,Y0,0 years,_T,Total,_Z,Not applicable,_Z,Not applicable,_Z,Not applicable,_Z,Not applicable,_Z,Not applicable,_Z,Not applicable,_Z,Not applicable,2020,,82,,,,,,,,,,,
DATAFLOW,OECD.ELS.HD:DSD_HEALTH_STAT@DF_LE(1.0),Life expectancy,I,FIN,Finland,A,Annual,LFEXP,Life expectancy,Y,Years,Y0,0 years,_T,Total,_Z,Not applicable,_Z,Not applicable,_Z,Not applicable,_Z,Not applicable,_Z,Not applicable,_Z,Not applicable,_Z,Not applicable,2021,,81.9,,,,,,,,,,,
DATAFLOW,OECD.ELS.HD:DSD_HEALTH_STAT@DF_LE(1.0),Life expectancy,I,FIN,Finland,A,Annual,LFEXP,Life expectancy,Y,Years,Y0,0 years,_T,Total,_Z,Not applicable,_Z,Not applicable,_Z,Not applicable,_Z,Not applicable,_Z,Not applicable,_Z,Not applicable,_Z,Not applicable,2022,,81.2,,,,,,,,,,,
DATAFLOW,OECD.ELS.HD:DSD_HEALTH_STAT@DF_LE(1.0),Life expectancy,I,FRA,France,A,Annual,LFEXP,Life expectancy,Y,Years,Y0,0 years,_T,Total,_Z,Not applicable,_Z,Not applicable,_Z,Not applicable,_Z,Not applicable,_Z,Not applicable,_Z,Not applicable,_Z,Not applicable,2000,,79.2,,,,,,,,,,,
DATAFLOW,OECD.ELS.HD:DSD_HEALTH_STAT@DF_LE(1.0),Life expectancy,I,FRA,France,A,Annual,LFEXP,Life expectancy,Y,Years,Y0,0 years,_T,Total,_Z,Not applicable,_Z,Not applicable,_Z,Not applicable,_Z,Not applicable,_Z,Not applicable,_Z,Not applicable,_Z,Not applicable,2001,,79.3,,,,,,,,,,,
DATAFLOW,OECD.ELS.HD:DSD_HEALTH_STAT@DF_LE(1.0),Life expectancy,I,FRA,France,A,Annual,LFEXP,Life expectancy,Y,Years,Y0,0 years,_T,Total,_Z,Not applicable,_Z,Not applicable,_Z,Not applicable,_Z,Not applicable,_Z,Not applicable,_Z,Not applicable,_Z,Not applicable,2002,,79.4,,,,,,,,,,,
DATAFLOW,OECD.ELS.HD:DSD_HEALTH_STAT@DF_LE(1.0),Life expectancy,I,FRA,France,A,Annual,LFEXP,Life expectancy,Y,Years,Y0,0 years,_T,Total,_Z,Not applicable,_Z,Not applicable,_Z,Not applicable,_Z,Not applicable,_Z,Not applicable,_Z,Not applicable,_Z,Not applicable,2003,,79.3,,,,,,,,,,,
DATAFLOW,OECD.ELS.HD:DSD_HEALTH_STAT@DF_LE(1.0),Life expectancy,I,FRA,France,A,Annual,LFEXP,Life expectancy,Y,Years,Y0,0 years,_T,Total,_Z,Not applicable,_Z,Not applicable,_Z,Not applicable,_Z,Not applicable,_Z,Not applicable,_Z,Not applicable,_Z,Not applicable,2004,,80.3,,,,,,,,,,,
DATAFLOW,OECD.ELS.HD:DSD_HEALTH_STAT@DF_LE(1.0),Life expectancy,I,FRA,France,A,Annual,LFEXP,Life expectancy,Y,Years,Y0,0 years,_T,Total,_Z,Not applicable,_Z,Not applicable,_Z,Not applicable,_Z,Not applicable,_Z,Not applicable,_Z,Not applicable,_Z,Not applicable,2005,,80.3,,,,,,,,,,,
DATAFLOW,OECD.ELS.HD:DSD_HEALTH_STAT@DF_LE(1.0),Life expectancy,I,FRA,France,A,Annual,LFEXP,Life expectancy,Y,Years,Y0,0 years,_T,Total,_Z,Not applicable,_Z,Not applicable,_Z,Not applicable,_Z,Not applicable,_Z,Not applicable,_Z,Not applicable,_Z,Not applicable,2006,,80.9,,,,,,,,,,,
DATAFLOW,OECD.ELS.HD:DSD_HEALTH_STAT@DF_LE(1.0),Life expectancy,I,FRA,France,A,Annual,LFEXP,Life expectancy,Y,Years,Y0,0 years,_T,Total,_Z,Not applicable,_Z,Not applicable,_Z,Not applicable,_Z,Not applicable,_Z,Not applicable,_Z,Not applicable,_Z,Not applicable,2007,,81.3,,,,,,,,,,,
DATAFLOW,OECD.ELS.HD:DSD_HEALTH_STAT@DF_LE(1.0),Life expectancy,I,FRA,France,A,Annual,LFEXP,Life expectancy,Y,Years,Y0,0 years,_T,Total,_Z,Not applicable,_Z,Not applicable,_Z,Not applicable,_Z,Not applicable,_Z,Not applicable,_Z,Not applicable,_Z,Not applicable,2008,,81.4,,,,,,,,,,,
DATAFLOW,OECD.ELS.HD:DSD_HEALTH_STAT@DF_LE(1.0),Life expectancy,I,FRA,France,A,Annual,LFEXP,Life expectancy,Y,Years,Y0,0 years,_T,Total,_Z,Not applicable,_Z,Not applicable,_Z,Not applicable,_Z,Not applicable,_Z,Not applicable,_Z,Not applicable,_Z,Not applicable,2009,,81.5,,,,,,,,,,,
DATAFLOW,OECD.ELS.HD:DSD_HEALTH_STAT@DF_LE(1.0),Life expectancy,I,FRA,France,A,Annual,LFEXP,Life expectancy,Y,Years,Y0,0 years,_T,Total,_Z,Not applicable,_Z,Not applicable,_Z,Not applicable,_Z,Not applicable,_Z,Not applicable,_Z,Not applicable,_Z,Not applicable,2010,,81.8,,,,,,,,,,,
DATAFLOW,OECD.ELS.HD:DSD_HEALTH_STAT@DF_LE(1.0),Life expectancy,I,FRA,France,A,Annual,LFEXP,Life expectancy,Y,Years,Y0,0 years,_T,Total,_Z,Not applicable,_Z,Not applicable,_Z,Not applicable,_Z,Not applicable,_Z,Not applicable,_Z,Not applicable,_Z,Not applicable,2011,,82.3,,,,,,,,,,,
DATAFLOW,OECD.ELS.HD:DSD_HEALTH_STAT@DF_LE(1.0),Life expectancy,I,FRA,France,A,Annual,LFEXP,Life expectancy,Y,Years,Y0,0 years,_T,Total,_Z,Not applicable,_Z,Not applicable,_Z,Not applicable,_Z,Not applicable,_Z,Not applicable,_Z,Not applicable,_Z,Not applicable,2012,,82.1,,,,,,,,,,,
DATAFLOW,OECD.ELS.HD:DSD_HEALTH_STAT@DF_LE(1.0),Life expectancy,I,FRA,France,A,Annual,LFEXP,Life expectancy,Y,Years,Y0,0 years,_T,Total,_Z,Not applicable,_Z,Not applicable,_Z,Not applicable,_Z,Not applicable,_Z,Not applicable,_Z,Not applicable,_Z,Not applicable,2013,,82.4,,,,,,,,,,,
DATAFLOW,OECD.ELS.HD:DSD_HEALTH_STAT@DF_LE(1.0),Life expectancy,I,FRA,France,A,Annual,LFEXP,Life expectancy,Y,Years,Y0,0 years,_T,Total,_Z,Not applicable,_Z,Not applicable,_Z,Not applicable,_Z,Not applicable,_Z,Not applicable,_Z,Not applicable,_Z,Not applicable,2014,,82.9,,,,,,,,,,,
DATAFLOW,OECD.ELS.HD:DSD_HEALTH_STAT@DF_LE(1.0),Life expectancy,I,FRA,France,A,Annual,LFEXP,Life expectancy,Y,Years,Y0,0 years,_T,Total,_Z,Not applicable,_Z,Not applicable,_Z,Not applicable,_Z,Not applicable,_Z,Not applicable,_Z,Not applicable,_Z,Not applicable,2015,,82.4,,,,,,,,,,,
DATAFLOW,OECD.ELS.HD:DSD_HEALTH_STAT@DF_LE(1.0),Life expectancy,I,FRA,France,A,Annual,LFEXP,Life expectancy,Y,Years,Y0,0 years,_T,Total,_Z,Not applicable,_Z,Not applicable,_Z,Not applicable,_Z,Not applicable,_Z,Not applicable,_Z,Not applicable,_Z,Not applicable,2016,,82.7,,,,,,,,,,,
DATAFLOW,OECD.ELS.HD:DSD_HEALTH_STAT@DF_LE(1.0),Life expectancy,I,FRA,France,A,Annual,LFEXP,Life expectancy,Y,Years,Y0,0 years,_T,Total,_Z,Not applicable,_Z,Not applicable,_Z,Not applicable,_Z,Not applicable,_Z,Not applicable,_Z,Not applicable,_Z,Not applicable,2017,,82.7,,,,,,,,,,,
DATAFLOW,OECD.ELS.HD:DSD_HEALTH_STAT@DF_LE(1.0),Life expectancy,I,FRA,France,A,Annual,LFEXP,Life expectancy,Y,Years,Y0,0 years,_T,Total,_Z,Not applicable,_Z,Not applicable,_Z,Not applicable,_Z,Not applicable,_Z,Not applicable,_Z,Not applicable,_Z,Not applicable,2018,,82.8,,,,,,,,,,,
DATAFLOW,OECD.ELS.HD:DSD_HEALTH_STAT@DF_LE(1.0),Life expectancy,I,FRA,France,A,Annual,LFEXP,Life expectancy,Y,Years,Y0,0 years,_T,Total,_Z,Not applicable,_Z,Not applicable,_Z,Not applicable,_Z,Not applicable,_Z,Not applicable,_Z,Not applicable,_Z,Not applicable,2019,,83,,,,,,,,,,,
DATAFLOW,OECD.ELS.HD:DSD_HEALTH_STAT@DF_LE(1.0),Life expectancy,I,FRA,France,A,Annual,LFEXP,Life expectancy,Y,Years,Y0,0 years,_T,Total,_Z,Not applicable,_Z,Not applicable,_Z,Not applicable,_Z,Not applicable,_Z,Not applicable,_Z,Not applicable,_Z,Not applicable,2020,,82.3,,,,,,,,,,,
DATAFLOW,OECD.ELS.HD:DSD_HEALTH_STAT@DF_LE(1.0),Life expectancy,I,FRA,France,A,Annual,LFEXP,Life expectancy,Y,Years,Y0,0 years,_T,Total,_Z,Not applicable,_Z,Not applicable,_Z,Not applicable,_Z,Not applicable,_Z,Not applicable,_Z,Not applicable,_Z,Not applicable,2021,,82.4,,,,,,,,,,,
DATAFLOW,OECD.ELS.HD:DSD_HEALTH_STAT@DF_LE(1.0),Life expectancy,I,FRA,France,A,Annual,LFEXP,Life expectancy,Y,Years,Y0,0 years,_T,Total,_Z,Not applicable,_Z,Not applicable,_Z,Not applicable,_Z,Not applicable,_Z,Not applicable,_Z,Not applicable,_Z,Not applicable,2022,,82.3,,,,,,,,,,,
DATAFLOW,OECD.ELS.HD:DSD_HEALTH_STAT@DF_LE(1.0),Life expectancy,I,DEU,Germany,A,Annual,LFEXP,Life expectancy,Y,Years,Y0,0 years,_T,Total,_Z,Not applicable,_Z,Not applicable,_Z,Not applicable,_Z,Not applicable,_Z,Not applicable,_Z,Not applicable,_Z,Not applicable,2000,,78.3,,,,,,,,,,,
DATAFLOW,OECD.ELS.HD:DSD_HEALTH_STAT@DF_LE(1.0),Life expectancy,I,DEU,Germany,A,Annual,LFEXP,Life expectancy,Y,Years,Y0,0 years,_T,Total,_Z,Not applicable,_Z,Not applicable,_Z,Not applicable,_Z,Not applicable,_Z,Not applicable,_Z,Not applicable,_Z,Not applicable,2001,,78.6,,,,,,,,,,,
DATAFLOW,OECD.ELS.HD:DSD_HEALTH_STAT@DF_LE(1.0),Life expectancy,I,DEU,Germany,A,Annual,LFEXP,Life expectancy,Y,Years,Y0,0 years,_T,Total,_Z,Not applicable,_Z,Not applicable,_Z,Not applicable,_Z,Not applicable,_Z,Not applicable,_Z,Not applicable,_Z,Not applicable,2002,,78.6,,,,,,,,,,,
DATAFLOW,OECD.ELS.HD:DSD_HEALTH_STAT@DF_LE(1.0),Life expectancy,I,DEU,Germany,A,Annual,LFEXP,Life expectancy,Y,Years,Y0,0 years,_T,Total,_Z,Not applicable,_Z,Not applicable,_Z,Not applicable,_Z,Not applicable,_Z,Not applicable,_Z,Not applicable,_Z,Not applicable,2003,,78.6,,,,,,,,,,,
DATAFLOW,OECD.ELS.HD:DSD_HEALTH_STAT@DF_LE(1.0),Life expectancy,I,DEU,Germany,A,Annual,LFEXP,Life expectancy,Y,Years,Y0,0 years,_T,Total,_Z,Not applicable,_Z,Not applicable,_Z,Not applicable,_Z,Not applicable,_Z,Not applicable,_Z,Not applicable,_Z,Not applicable,2004,,79.3,,,,,,,,,,,
DATAFLOW,OECD.ELS.HD:DSD_HEALTH_STAT@DF_LE(1.0),Life expectancy,I,DEU,Germany,A,Annual,LFEXP,Life expectancy,Y,Years,Y0,0 years,_T,Total,_Z,Not applicable,_Z,Not applicable,_Z,Not applicable,_Z,Not applicable,_Z,Not applicable,_Z,Not applicable,_Z,Not applicable,2005,,79.4,,,,,,,,,,,
DATAFLOW,OECD.ELS.HD:DSD_HEALTH_STAT@DF_LE(1.0),Life expectancy,I,DEU,Germany,A,Annual,LFEXP,Life expectancy,Y,Years,Y0,0 years,_T,Total,_Z,Not applicable,_Z,Not applicable,_Z,Not applicable,_Z,Not applicable,_Z,Not applicable,_Z,Not applicable,_Z,Not applicable,2006,,79.9,,,,,,,,,,,
DATAFLOW,OECD.ELS.HD:DSD_HEALTH_STAT@DF_LE(1.0),Life expectancy,I,DEU,Germany,A,Annual,LFEXP,Life expectancy,Y,Years,Y0,0 years,_T,Total,_Z,Not applicable,_Z,Not applicable,_Z,Not applicable,_Z,Not applicable,_Z,Not applicable,_Z,Not applicable,_Z,Not applicable,2007,,80.1,,,,,,,,,,,
DATAFLOW,OECD.ELS.HD:DSD_HEALTH_STAT@DF_LE(1.0),Life expectancy,I,DEU,Germany,A,Annual,LFEXP,Life expectancy,Y,Years,Y0,0 years,_T,Total,_Z,Not applicable,_Z,Not applicable,_Z,Not applicable,_Z,Not applicable,_Z,Not applicable,_Z,Not applicable,_Z,Not applicable,2008,,80.2,,,,,,,,,,,
DATAFLOW,OECD.ELS.HD:DSD_HEALTH_STAT@DF_LE(1.0),Life expectancy,I,DEU,Germany,A,Annual,LFEXP,Life expectancy,Y,Years,Y0,0 years,_T,Total,_Z,Not applicable,_Z,Not applicable,_Z,Not applicable,_Z,Not applicable,_Z,Not applicable,_Z,Not applicable,_Z,Not applicable,2009,,80.3,,,,,,,,,,,
DATAFLOW,OECD.ELS.HD:DSD_HEALTH_STAT@DF_LE(1.0),Life expectancy,I,DEU,Germany,A,Annual,LFEXP,Life expectancy,Y,Years,Y0,0 years,_T,Total,_Z,Not applicable,_Z,Not applicable,_Z,Not applicable,_Z,Not applicable,_Z,Not applicable,_Z,Not applicable,_Z,Not applicable,2010,,80.5,,,,,,,,,,,
DATAFLOW,OECD.ELS.HD:DSD_HEALTH_STAT@DF_LE(1.0),Life expectancy,I,DEU,Germany,A,Annual,LFEXP,Life expectancy,Y,Years,Y0,0 years,_T,Total,_Z,Not applicable,_Z,Not applicable,_Z,Not applicable,_Z,Not applicable,_Z,Not applicable,_Z,Not applicable,_Z,Not applicable,2011,,80.6,,,,,,,,,,,
DATAFLOW,OECD.ELS.HD:DSD_HEALTH_STAT@DF_LE(1.0),Life expectancy,I,DEU,Germany,A,Annual,LFEXP,Life expectancy,Y,Years,Y0,0 years,_T,Total,_Z,Not applicable,_Z,Not applicable,_Z,Not applicable,_Z,Not applicable,_Z,Not applicable,_Z,Not applicable,_Z,Not applicable,2012,,80.7,,,,,,,,,,,
DATAFLOW,OECD.ELS.HD:DSD_HEALTH_STAT@DF_LE(1.0),Life expectancy,I,DEU,Germany,A,Annual,LFEXP,Life expectancy,Y,Years,Y0,0 years,_T,Total,_Z,Not applicable,_Z,Not applicable,_Z,Not applicable,_Z,Not applicable,_Z,Not applicable,_Z,Not applicable,_Z,Not applicable,2013,,80.6,,,,,,,,,,,
DATAFLOW,OECD.ELS.HD:DSD_HEALTH_STAT@DF_LE(1.0),Life expectancy,I,DEU,Germany,A,Annual,LFEXP,Life expectancy,Y,Years,Y0,0 years,_T,Total,_Z,Not applicable,_Z,Not applicable,_Z,Not applicable,_Z,Not applicable,_Z,Not applicable,_Z,Not applicable,_Z,Not applicable,2014,,81.2,,,,,,,,,,,
DATAFLOW,OECD.ELS.HD:DSD_HEALTH_STAT@DF_LE(1.0),Life expectancy,I,DEU,Germany,A,Annual,LFEXP,Life expectancy,Y,Years,Y0,0 years,_T,Total,_Z,Not applicable,_Z,Not applicable,_Z,Not applicable,_Z,Not applicable,_Z,Not applicable,_Z,Not applicable,_Z,Not applicable,2015,,80.7,,,,,,,,,,,
DATAFLOW,OECD.ELS.HD:DSD_HEALTH_STAT@DF_LE(1.0),Life expectancy,I,DEU,Germany,A,Annual,LFEXP,Life expectancy,Y,Years,Y0,0 years,_T,Total,_Z,Not applicable,_Z,Not applicable,_Z,Not applicable,_Z,Not applicable,_Z,Not applicable,_Z,Not applicable,_Z,Not applicable,2016,,81,,,,,,,,,,,
DATAFLOW,OECD.ELS.HD:DSD_HEALTH_STAT@DF_LE(1.0),Life expectancy,I,DEU,Germany,A,Annual,LFEXP,Life expectancy,Y,Years,Y0,0 years,_T,Total,_Z,Not applicable,_Z,Not applicable,_Z,Not applicable,_Z,Not applicable,_Z,Not applicable,_Z,Not applicable,_Z,Not applicable,2017,,81.1,,,,,,,,,,,
DATAFLOW,OECD.ELS.HD:DSD_HEALTH_STAT@DF_LE(1.0),Life expectancy,I,DEU,Germany,A,Annual,LFEXP,Life expectancy,Y,Years,Y0,0 years,_T,Total,_Z,Not applicable,_Z,Not applicable,_Z,Not applicable,_Z,Not applicable,_Z,Not applicable,_Z,Not applicable,_Z,Not applicable,2018,,81,,,,,,,,,,,
DATAFLOW,OECD.ELS.HD:DSD_HEALTH_STAT@DF_LE(1.0),Life expectancy,I,DEU,Germany,A,Annual,LFEXP,Life expectancy,Y,Years,Y0,0 years,_T,Total,_Z,Not applicable,_Z,Not applicable,_Z,Not applicable,_Z,Not applicable,_Z,Not applicable,_Z,Not applicable,_Z,Not applicable,2019,,81.3,,,,,,,,,,,
DATAFLOW,OECD.ELS.HD:DSD_HEALTH_STAT@DF_LE(1.0),Life expectancy,I,DEU,Germany,A,Annual,LFEXP,Life expectancy,Y,Years,Y0,0 years,_T,Total,_Z,Not applicable,_Z,Not applicable,_Z,Not applicable,_Z,Not applicable,_Z,Not applicable,_Z,Not applicable,_Z,Not applicable,2020,,81.1,,,,,,,,,,,
DATAFLOW,OECD.ELS.HD:DSD_HEALTH_STAT@DF_LE(1.0),Life expectancy,I,DEU,Germany,A,Annual,LFEXP,Life expectancy,Y,Years,Y0,0 years,_T,Total,_Z,Not applicable,_Z,Not applicable,_Z,Not applicable,_Z,Not applicable,_Z,Not applicable,_Z,Not applicable,_Z,Not applicable,2021,,80.8,,,,,,,,,,,
DATAFLOW,OECD.ELS.HD:DSD_HEALTH_STAT@DF_LE(1.0),Life expectancy,I,DEU,Germany,A,Annual,LFEXP,Life expectancy,Y,Years,Y0,0 years,_T,Total,_Z,Not applicable,_Z,Not applicable,_Z,Not applicable,_Z,Not applicable,_Z,Not applicable,_Z,Not applicable,_Z,Not applicable,2022,,80.7,,,,,,,,,,,
DATAFLOW,OECD.ELS.HD:DSD_HEALTH_STAT@DF_LE(1.0),Life expectancy,I,GRC,Greece,A,Annual,LFEXP,Life expectancy,Y,Years,Y0,0 years,_T,Total,_Z,Not applicable,_Z,Not applicable,_Z,Not applicable,_Z,Not applicable,_Z,Not applicable,_Z,Not applicable,_Z,Not applicable,2000,,78.6,,,,,,,,,,,
DATAFLOW,OECD.ELS.HD:DSD_HEALTH_STAT@DF_LE(1.0),Life expectancy,I,GRC,Greece,A,Annual,LFEXP,Life expectancy,Y,Years,Y0,0 years,_T,Total,_Z,Not applicable,_Z,Not applicable,_Z,Not applicable,_Z,Not applicable,_Z,Not applicable,_Z,Not applicable,_Z,Not applicable,2001,,79.1,,,,,,,,,,,
DATAFLOW,OECD.ELS.HD:DSD_HEALTH_STAT@DF_LE(1.0),Life expectancy,I,GRC,Greece,A,Annual,LFEXP,Life expectancy,Y,Years,Y0,0 years,_T,Total,_Z,Not applicable,_Z,Not applicable,_Z,Not applicable,_Z,Not applicable,_Z,Not applicable,_Z,Not applicable,_Z,Not applicable,2002,,79.2,,,,,,,,,,,
DATAFLOW,OECD.ELS.HD:DSD_HEALTH_STAT@DF_LE(1.0),Life expectancy,I,GRC,Greece,A,Annual,LFEXP,Life expectancy,Y,Years,Y0,0 years,_T,Total,_Z,Not applicable,_Z,Not applicable,_Z,Not applicable,_Z,Not applicable,_Z,Not applicable,_Z,Not applicable,_Z,Not applicable,2003,,79.3,,,,,,,,,,,
DATAFLOW,OECD.ELS.HD:DSD_HEALTH_STAT@DF_LE(1.0),Life expectancy,I,GRC,Greece,A,Annual,LFEXP,Life expectancy,Y,Years,Y0,0 years,_T,Total,_Z,Not applicable,_Z,Not applicable,_Z,Not applicable,_Z,Not applicable,_Z,Not applicable,_Z,Not applicable,_Z,Not applicable,2004,,79.4,,,,,,,,,,,
DATAFLOW,OECD.ELS.HD:DSD_HEALTH_STAT@DF_LE(1.0),Life expectancy,I,GRC,Greece,A,Annual,LFEXP,Life expectancy,Y,Years,Y0,0 years,_T,Total,_Z,Not applicable,_Z,Not applicable,_Z,Not applicable,_Z,Not applicable,_Z,Not applicable,_Z,Not applicable,_Z,Not applicable,2005,,79.6,,,,,,,,,,,
DATAFLOW,OECD.ELS.HD:DSD_HEALTH_STAT@DF_LE(1.0),Life expectancy,I,GRC,Greece,A,Annual,LFEXP,Life expectancy,Y,Years,Y0,0 years,_T,Total,_Z,Not applicable,_Z,Not applicable,_Z,Not applicable,_Z,Not applicable,_Z,Not applicable,_Z,Not applicable,_Z,Not applicable,2006,,79.9,,,,,,,,,,,
DATAFLOW,OECD.ELS.HD:DSD_HEALTH_STAT@DF_LE(1.0),Life expectancy,I,GRC,Greece,A,Annual,LFEXP,Life expectancy,Y,Years,Y0,0 years,_T,Total,_Z,Not applicable,_Z,Not applicable,_Z,Not applicable,_Z,Not applicable,_Z,Not applicable,_Z,Not applicable,_Z,Not applicable,2007,,79.7,,,,,,,,,,,
DATAFLOW,OECD.ELS.HD:DSD_HEALTH_STAT@DF_LE(1.0),Life expectancy,I,GRC,Greece,A,Annual,LFEXP,Life expectancy,Y,Years,Y0,0 years,_T,Total,_Z,Not applicable,_Z,Not applicable,_Z,Not applicable,_Z,Not applicable,_Z,Not applicable,_Z,Not applicable,_Z,Not applicable,2008,,80.2,,,,,,,,,,,
DATAFLOW,OECD.ELS.HD:DSD_HEALTH_STAT@DF_LE(1.0),Life expectancy,I,GRC,Greece,A,Annual,LFEXP,Life expectancy,Y,Years,Y0,0 years,_T,Total,_Z,Not applicable,_Z,Not applicable,_Z,Not applicable,_Z,Not applicable,_Z,Not applicable,_Z,Not applicable,_Z,Not applicable,2009,,80.4,,,,,,,,,,,
DATAFLOW,OECD.ELS.HD:DSD_HEALTH_STAT@DF_LE(1.0),Life expectancy,I,GRC,Greece,A,Annual,LFEXP,Life expectancy,Y,Years,Y0,0 years,_T,Total,_Z,Not applicable,_Z,Not applicable,_Z,Not applicable,_Z,Not applicable,_Z,Not applicable,_Z,Not applicable,_Z,Not applicable,2010,,80.6,,,,,,,,,,,
DATAFLOW,OECD.ELS.HD:DSD_HEALTH_STAT@DF_LE(1.0),Life expectancy,I,GRC,Greece,A,Annual,LFEXP,Life expectancy,Y,Years,Y0,0 years,_T,Total,_Z,Not applicable,_Z,Not applicable,_Z,Not applicable,_Z,Not applicable,_Z,Not applicable,_Z,Not applicable,_Z,Not applicable,2011,,80.8,,,,,,,,,,,
DATAFLOW,OECD.ELS.HD:DSD_HEALTH_STAT@DF_LE(1.0),Life expectancy,I,GRC,Greece,A,Annual,LFEXP,Life expectancy,Y,Years,Y0,0 years,_T,Total,_Z,Not applicable,_Z,Not applicable,_Z,Not applicable,_Z,Not applicable,_Z,Not applicable,_Z,Not applicable,_Z,Not applicable,2012,,80.7,,,,,,,,,,,
DATAFLOW,OECD.ELS.HD:DSD_HEALTH_STAT@DF_LE(1.0),Life expectancy,I,GRC,Greece,A,Annual,LFEXP,Life expectancy,Y,Years,Y0,0 years,_T,Total,_Z,Not applicable,_Z,Not applicable,_Z,Not applicable,_Z,Not applicable,_Z,Not applicable,_Z,Not applicable,_Z,Not applicable,2013,,81.4,,,,,,,,,,,
DATAFLOW,OECD.ELS.HD:DSD_HEALTH_STAT@DF_LE(1.0),Life expectancy,I,GRC,Greece,A,Annual,LFEXP,Life expectancy,Y,Years,Y0,0 years,_T,Total,_Z,Not applicable,_Z,Not applicable,_Z,Not applicable,_Z,Not applicable,_Z,Not applicable,_Z,Not applicable,_Z,Not applicable,2014,,81.5,,,,,,,,,,,
DATAFLOW,OECD.ELS.HD:DSD_HEALTH_STAT@DF_LE(1.0),Life expectancy,I,GRC,Greece,A,Annual,LFEXP,Life expectancy,Y,Years,Y0,0 years,_T,Total,_Z,Not applicable,_Z,Not applicable,_Z,Not applicable,_Z,Not applicable,_Z,Not applicable,_Z,Not applicable,_Z,Not applicable,2015,,81.1,,,,,,,,,,,
DATAFLOW,OECD.ELS.HD:DSD_HEALTH_STAT@DF_LE(1.0),Life expectancy,I,GRC,Greece,A,Annual,LFEXP,Life expectancy,Y,Years,Y0,0 years,_T,Total,_Z,Not applicable,_Z,Not applicable,_Z,Not applicable,_Z,Not applicable,_Z,Not applicable,_Z,Not applicable,_Z,Not applicable,2016,,81.5,,,,,,,,,,,
DATAFLOW,OECD.ELS.HD:DSD_HEALTH_STAT@DF_LE(1.0),Life expectancy,I,GRC,Greece,A,Annual,LFEXP,Life expectancy,Y,Years,Y0,0 years,_T,Total,_Z,Not applicable,_Z,Not applicable,_Z,Not applicable,_Z,Not applicable,_Z,Not applicable,_Z,Not applicable,_Z,Not applicable,2017,,81.4,,,,,,,,,,,
DATAFLOW,OECD.ELS.HD:DSD_HEALTH_STAT@DF_LE(1.0),Life expectancy,I,GRC,Greece,A,Annual,LFEXP,Life expectancy,Y,Years,Y0,0 years,_T,Total,_Z,Not applicable,_Z,Not applicable,_Z,Not applicable,_Z,Not applicable,_Z,Not applicable,_Z,Not applicable,_Z,Not applicable,2018,,81.9,,,,,,,,,,,
DATAFLOW,OECD.ELS.HD:DSD_HEALTH_STAT@DF_LE(1.0),Life expectancy,I,GRC,Greece,A,Annual,LFEXP,Life expectancy,Y,Years,Y0,0 years,_T,Total,_Z,Not applicable,_Z,Not applicable,_Z,Not applicable,_Z,Not applicable,_Z,Not applicable,_Z,Not applicable,_Z,Not applicable,2019,,81.7,,,,,,,,,,,
DATAFLOW,OECD.ELS.HD:DSD_HEALTH_STAT@DF_LE(1.0),Life expectancy,I,GRC,Greece,A,Annual,LFEXP,Life expectancy,Y,Years,Y0,0 years,_T,Total,_Z,Not applicable,_Z,Not applicable,_Z,Not applicable,_Z,Not applicable,_Z,Not applicable,_Z,Not applicable,_Z,Not applicable,2020,,81.4,,,,,,,,,,,
DATAFLOW,OECD.ELS.HD:DSD_HEALTH_STAT@DF_LE(1.0),Life expectancy,I,GRC,Greece,A,Annual,LFEXP,Life expectancy,Y,Years,Y0,0 years,_T,Total,_Z,Not applicable,_Z,Not applicable,_Z,Not applicable,_Z,Not applicable,_Z,Not applicable,_Z,Not applicable,_Z,Not applicable,2021,,80.2,,,,,,,,,,,
DATAFLOW,OECD.ELS.HD:DSD_HEALTH_STAT@DF_LE(1.0),Life expectancy,I,GRC,Greece,A,Annual,LFEXP,Life expectancy,Y,Years,Y0,0 years,_T,Total,_Z,Not applicable,_Z,Not applicable,_Z,Not applicable,_Z,Not applicable,_Z,Not applicable,_Z,Not applicable,_Z,Not applicable,2022,,80.8,,,,,,,,,,,
DATAFLOW,OECD.ELS.HD:DSD_HEALTH_STAT@DF_LE(1.0),Life expectancy,I,HUN,Hungary,A,Annual,LFEXP,Life expectancy,Y,Years,Y0,0 years,_T,Total,_Z,Not applicable,_Z,Not applicable,_Z,Not applicable,_Z,Not applicable,_Z,Not applicable,_Z,Not applicable,_Z,Not applicable,2000,,71.9,,,,,,,,,,,
DATAFLOW,OECD.ELS.HD:DSD_HEALTH_STAT@DF_LE(1.0),Life expectancy,I,HUN,Hungary,A,Annual,LFEXP,Life expectancy,Y,Years,Y0,0 years,_T,Total,_Z,Not applicable,_Z,Not applicable,_Z,Not applicable,_Z,Not applicable,_Z,Not applicable,_Z,Not applicable,_Z,Not applicable,2001,,72.5,,,,,,,,,,,
DATAFLOW,OECD.ELS.HD:DSD_HEALTH_STAT@DF_LE(1.0),Life expectancy,I,HUN,Hungary,A,Annual,LFEXP,Life expectancy,Y,Years,Y0,0 years,_T,Total,_Z,Not applicable,_Z,Not applicable,_Z,Not applicable,_Z,Not applicable,_Z,Not applicable,_Z,Not applicable,_Z,Not applicable,2002,,72.6,,,,,,,,,,,
DATAFLOW,OECD.ELS.HD:DSD_HEALTH_STAT@DF_LE(1.0),Life expectancy,I,HUN,Hungary,A,Annual,LFEXP,Life expectancy,Y,Years,Y0,0 years,_T,Total,_Z,Not applicable,_Z,Not applicable,_Z,Not applicable,_Z,Not applicable,_Z,Not applicable,_Z,Not applicable,_Z,Not applicable,2003,,72.6,,,,,,,,,,,
DATAFLOW,OECD.ELS.HD:DSD_HEALTH_STAT@DF_LE(1.0),Life expectancy,I,HUN,Hungary,A,Annual,LFEXP,Life expectancy,Y,Years,Y0,0 years,_T,Total,_Z,Not applicable,_Z,Not applicable,_Z,Not applicable,_Z,Not applicable,_Z,Not applicable,_Z,Not applicable,_Z,Not applicable,2004,,73,,,,,,,,,,,
DATAFLOW,OECD.ELS.HD:DSD_HEALTH_STAT@DF_LE(1.0),Life expectancy,I,HUN,Hungary,A,Annual,LFEXP,Life expectancy,Y,Years,Y0,0 years,_T,Total,_Z,Not applicable,_Z,Not applicable,_Z,Not applicable,_Z,Not applicable,_Z,Not applicable,_Z,Not applicable,_Z,Not applicable,2005,,73,,,,,,,,,,,
DATAFLOW,OECD.ELS.HD:DSD_HEALTH_STAT@DF_LE(1.0),Life expectancy,I,HUN,Hungary,A,Annual,LFEXP,Life expectancy,Y,Years,Y0,0 years,_T,Total,_Z,Not applicable,_Z,Not applicable,_Z,Not applicable,_Z,Not applicable,_Z,Not applicable,_Z,Not applicable,_Z,Not applicable,2006,,73.5,,,,,,,,,,,
DATAFLOW,OECD.ELS.HD:DSD_HEALTH_STAT@DF_LE(1.0),Life expectancy,I,HUN,Hungary,A,Annual,LFEXP,Life expectancy,Y,Years,Y0,0 years,_T,Total,_Z,Not applicable,_Z,Not applicable,_Z,Not applicable,_Z,Not applicable,_Z,Not applicable,_Z,Not applicable,_Z,Not applicable,2007,,73.6,,,,,,,,,,,
DATAFLOW,OECD.ELS.HD:DSD_HEALTH_STAT@DF_LE(1.0),Life expectancy,I,HUN,Hungary,A,Annual,LFEXP,Life expectancy,Y,Years,Y0,0 years,_T,Total,_Z,Not applicable,_Z,Not applicable,_Z,Not applicable,_Z,Not applicable,_Z,Not applicable,_Z,Not applicable,_Z,Not applicable,2008,,74.2,,,,,,,,,,,
DATAFLOW,OECD.ELS.HD:DSD_HEALTH_STAT@DF_LE(1.0),Life expectancy,I,HUN,Hungary,A,Annual,LFEXP,Life expectancy,Y,Years,Y0,0 years,_T,Total,_Z,Not applicable,_Z,Not applicable,_Z,Not applicable,_Z,Not applicable,_Z,Not applicable,_Z,Not applicable,_Z,Not applicable,2009,,74.4,,,,,,,,,,,
DATAFLOW,OECD.ELS.HD:DSD_HEALTH_STAT@DF_LE(1.0),Life expectancy,I,HUN,Hungary,A,Annual,LFEXP,Life expectancy,Y,Years,Y0,0 years,_T,Total,_Z,Not applicable,_Z,Not applicable,_Z,Not applicable,_Z,Not applicable,_Z,Not applicable,_Z,Not applicable,_Z,Not applicable,2010,,74.7,,,,,,,,,,,
DATAFLOW,OECD.ELS.HD:DSD_HEALTH_STAT@DF_LE(1.0),Life expectancy,I,HUN,Hungary,A,Annual,LFEXP,Life expectancy,Y,Years,Y0,0 years,_T,Total,_Z,Not applicable,_Z,Not applicable,_Z,Not applicable,_Z,Not applicable,_Z,Not applicable,_Z,Not applicable,_Z,Not applicable,2011,,75.1,,,,,,,,,,,
DATAFLOW,OECD.ELS.HD:DSD_HEALTH_STAT@DF_LE(1.0),Life expectancy,I,HUN,Hungary,A,Annual,LFEXP,Life expectancy,Y,Years,Y0,0 years,_T,Total,_Z,Not applicable,_Z,Not applicable,_Z,Not applicable,_Z,Not applicable,_Z,Not applicable,_Z,Not applicable,_Z,Not applicable,2012,,75.3,,,,,,,,,,,
DATAFLOW,OECD.ELS.HD:DSD_HEALTH_STAT@DF_LE(1.0),Life expectancy,I,HUN,Hungary,A,Annual,LFEXP,Life expectancy,Y,Years,Y0,0 years,_T,Total,_Z,Not applicable,_Z,Not applicable,_Z,Not applicable,_Z,Not applicable,_Z,Not applicable,_Z,Not applicable,_Z,Not applicable,2013,,75.8,,,,,,,,,,,
DATAFLOW,OECD.ELS.HD:DSD_HEALTH_STAT@DF_LE(1.0),Life expectancy,I,HUN,Hungary,A,Annual,LFEXP,Life expectancy,Y,Years,Y0,0 years,_T,Total,_Z,Not applicable,_Z,Not applicable,_Z,Not applicable,_Z,Not applicable,_Z,Not applicable,_Z,Not applicable,_Z,Not applicable,2014,,76,,,,,,,,,,,
DATAFLOW,OECD.ELS.HD:DSD_HEALTH_STAT@DF_LE(1.0),Life expectancy,I,HUN,Hungary,A,Annual,LFEXP,Life expectancy,Y,Years,Y0,0 years,_T,Total,_Z,Not applicable,_Z,Not applicable,_Z,Not applicable,_Z,Not applicable,_Z,Not applicable,_Z,Not applicable,_Z,Not applicable,2015,,75.7,,,,,,,,,,,
DATAFLOW,OECD.ELS.HD:DSD_HEALTH_STAT@DF_LE(1.0),Life expectancy,I,HUN,Hungary,A,Annual,LFEXP,Life expectancy,Y,Years,Y0,0 years,_T,Total,_Z,Not applicable,_Z,Not applicable,_Z,Not applicable,_Z,Not applicable,_Z,Not applicable,_Z,Not applicable,_Z,Not applicable,2016,,76.2,,,,,,,,,,,
DATAFLOW,OECD.ELS.HD:DSD_HEALTH_STAT@DF_LE(1.0),Life expectancy,I,HUN,Hungary,A,Annual,LFEXP,Life expectancy,Y,Years,Y0,0 years,_T,Total,_Z,Not applicable,_Z,Not applicable,_Z,Not applicable,_Z,Not applicable,_Z,Not applicable,_Z,Not applicable,_Z,Not applicable,2017,,76,,,,,,,,,,,
DATAFLOW,OECD.ELS.HD:DSD_HEALTH_STAT@DF_LE(1.0),Life expectancy,I,HUN,Hungary,A,Annual,LFEXP,Life expectancy,Y,Years,Y0,0 years,_T,Total,_Z,Not applicable,_Z,Not applicable,_Z,Not applicable,_Z,Not applicable,_Z,Not applicable,_Z,Not applicable,_Z,Not applicable,2018,,76.2,,,,,,,,,,,
DATAFLOW,OECD.ELS.HD:DSD_HEALTH_STAT@DF_LE(1.0),Life expectancy,I,HUN,Hungary,A,Annual,LFEXP,Life expectancy,Y,Years,Y0,0 years,_T,Total,_Z,Not applicable,_Z,Not applicable,_Z,Not applicable,_Z,Not applicable,_Z,Not applicable,_Z,Not applicable,_Z,Not applicable,2019,,76.5,,,,,,,,,,,
DATAFLOW,OECD.ELS.HD:DSD_HEALTH_STAT@DF_LE(1.0),Life expectancy,I,HUN,Hungary,A,Annual,LFEXP,Life expectancy,Y,Years,Y0,0 years,_T,Total,_Z,Not applicable,_Z,Not applicable,_Z,Not applicable,_Z,Not applicable,_Z,Not applicable,_Z,Not applicable,_Z,Not applicable,2022,,76,,,,,,,,,,,
DATAFLOW,OECD.ELS.HD:DSD_HEALTH_STAT@DF_LE(1.0),Life expectancy,I,ISL,Iceland,A,Annual,LFEXP,Life expectancy,Y,Years,Y0,0 years,_T,Total,_Z,Not applicable,_Z,Not applicable,_Z,Not applicable,_Z,Not applicable,_Z,Not applicable,_Z,Not applicable,_Z,Not applicable,2000,,79.7,,,,,,,,,,,
DATAFLOW,OECD.ELS.HD:DSD_HEALTH_STAT@DF_LE(1.0),Life expectancy,I,ISL,Iceland,A,Annual,LFEXP,Life expectancy,Y,Years,Y0,0 years,_T,Total,_Z,Not applicable,_Z,Not applicable,_Z,Not applicable,_Z,Not applicable,_Z,Not applicable,_Z,Not applicable,_Z,Not applicable,2001,,80.7,,,,,,,,,,,
DATAFLOW,OECD.ELS.HD:DSD_HEALTH_STAT@DF_LE(1.0),Life expectancy,I,ISL,Iceland,A,Annual,LFEXP,Life expectancy,Y,Years,Y0,0 years,_T,Total,_Z,Not applicable,_Z,Not applicable,_Z,Not applicable,_Z,Not applicable,_Z,Not applicable,_Z,Not applicable,_Z,Not applicable,2002,,80.6,,,,,,,,,,,
DATAFLOW,OECD.ELS.HD:DSD_HEALTH_STAT@DF_LE(1.0),Life expectancy,I,ISL,Iceland,A,Annual,LFEXP,Life expectancy,Y,Years,Y0,0 years,_T,Total,_Z,Not applicable,_Z,Not applicable,_Z,Not applicable,_Z,Not applicable,_Z,Not applicable,_Z,Not applicable,_Z,Not applicable,2003,,81,,,,,,,,,,,
DATAFLOW,OECD.ELS.HD:DSD_HEALTH_STAT@DF_LE(1.0),Life expectancy,I,ISL,Iceland,A,Annual,LFEXP,Life expectancy,Y,Years,Y0,0 years,_T,Total,_Z,Not applicable,_Z,Not applicable,_Z,Not applicable,_Z,Not applicable,_Z,Not applicable,_Z,Not applicable,_Z,Not applicable,2004,,81.1,,,,,,,,,,,
DATAFLOW,OECD.ELS.HD:DSD_HEALTH_STAT@DF_LE(1.0),Life expectancy,I,ISL,Iceland,A,Annual,LFEXP,Life expectancy,Y,Years,Y0,0 years,_T,Total,_Z,Not applicable,_Z,Not applicable,_Z,Not applicable,_Z,Not applicable,_Z,Not applicable,_Z,Not applicable,_Z,Not applicable,2005,,81.5,,,,,,,,,,,
DATAFLOW,OECD.ELS.HD:DSD_HEALTH_STAT@DF_LE(1.0),Life expectancy,I,ISL,Iceland,A,Annual,LFEXP,Life expectancy,Y,Years,Y0,0 years,_T,Total,_Z,Not applicable,_Z,Not applicable,_Z,Not applicable,_Z,Not applicable,_Z,Not applicable,_Z,Not applicable,_Z,Not applicable,2006,,81.2,,,,,,,,,,,
DATAFLOW,OECD.ELS.HD:DSD_HEALTH_STAT@DF_LE(1.0),Life expectancy,I,ISL,Iceland,A,Annual,LFEXP,Life expectancy,Y,Years,Y0,0 years,_T,Total,_Z,Not applicable,_Z,Not applicable,_Z,Not applicable,_Z,Not applicable,_Z,Not applicable,_Z,Not applicable,_Z,Not applicable,2007,,81.5,,,,,,,,,,,
DATAFLOW,OECD.ELS.HD:DSD_HEALTH_STAT@DF_LE(1.0),Life expectancy,I,ISL,Iceland,A,Annual,LFEXP,Life expectancy,Y,Years,Y0,0 years,_T,Total,_Z,Not applicable,_Z,Not applicable,_Z,Not applicable,_Z,Not applicable,_Z,Not applicable,_Z,Not applicable,_Z,Not applicable,2008,,81.6,,,,,,,,,,,
DATAFLOW,OECD.ELS.HD:DSD_HEALTH_STAT@DF_LE(1.0),Life expectancy,I,ISL,Iceland,A,Annual,LFEXP,Life expectancy,Y,Years,Y0,0 years,_T,Total,_Z,Not applicable,_Z,Not applicable,_Z,Not applicable,_Z,Not applicable,_Z,Not applicable,_Z,Not applicable,_Z,Not applicable,2009,,81.8,,,,,,,,,,,
DATAFLOW,OECD.ELS.HD:DSD_HEALTH_STAT@DF_LE(1.0),Life expectancy,I,ISL,Iceland,A,Annual,LFEXP,Life expectancy,Y,Years,Y0,0 years,_T,Total,_Z,Not applicable,_Z,Not applicable,_Z,Not applicable,_Z,Not applicable,_Z,Not applicable,_Z,Not applicable,_Z,Not applicable,2010,,81.9,,,,,,,,,,,
DATAFLOW,OECD.ELS.HD:DSD_HEALTH_STAT@DF_LE(1.0),Life expectancy,I,ISL,Iceland,A,Annual,LFEXP,Life expectancy,Y,Years,Y0,0 years,_T,Total,_Z,Not applicable,_Z,Not applicable,_Z,Not applicable,_Z,Not applicable,_Z,Not applicable,_Z,Not applicable,_Z,Not applicable,2011,,82.4,,,,,,,,,,,
DATAFLOW,OECD.ELS.HD:DSD_HEALTH_STAT@DF_LE(1.0),Life expectancy,I,ISL,Iceland,A,Annual,LFEXP,Life expectancy,Y,Years,Y0,0 years,_T,Total,_Z,Not applicable,_Z,Not applicable,_Z,Not applicable,_Z,Not applicable,_Z,Not applicable,_Z,Not applicable,_Z,Not applicable,2012,,83,,,,,,,,,,,
DATAFLOW,OECD.ELS.HD:DSD_HEALTH_STAT@DF_LE(1.0),Life expectancy,I,ISL,Iceland,A,Annual,LFEXP,Life expectancy,Y,Years,Y0,0 years,_T,Total,_Z,Not applicable,_Z,Not applicable,_Z,Not applicable,_Z,Not applicable,_Z,Not applicable,_Z,Not applicable,_Z,Not applicable,2013,,82.1,,,,,,,,,,,
DATAFLOW,OECD.ELS.HD:DSD_HEALTH_STAT@DF_LE(1.0),Life expectancy,I,ISL,Iceland,A,Annual,LFEXP,Life expectancy,Y,Years,Y0,0 years,_T,Total,_Z,Not applicable,_Z,Not applicable,_Z,Not applicable,_Z,Not applicable,_Z,Not applicable,_Z,Not applicable,_Z,Not applicable,2014,,82.9,,,,,,,,,,,
DATAFLOW,OECD.ELS.HD:DSD_HEALTH_STAT@DF_LE(1.0),Life expectancy,I,ISL,Iceland,A,Annual,LFEXP,Life expectancy,Y,Years,Y0,0 years,_T,Total,_Z,Not applicable,_Z,Not applicable,_Z,Not applicable,_Z,Not applicable,_Z,Not applicable,_Z,Not applicable,_Z,Not applicable,2015,,82.5,,,,,,,,,,,
DATAFLOW,OECD.ELS.HD:DSD_HEALTH_STAT@DF_LE(1.0),Life expectancy,I,ISL,Iceland,A,Annual,LFEXP,Life expectancy,Y,Years,Y0,0 years,_T,Total,_Z,Not applicable,_Z,Not applicable,_Z,Not applicable,_Z,Not applicable,_Z,Not applicable,_Z,Not applicable,_Z,Not applicable,2016,,82.2,,,,,,,,,,,
DATAFLOW,OECD.ELS.HD:DSD_HEALTH_STAT@DF_LE(1.0),Life expectancy,I,ISL,Iceland,A,Annual,LFEXP,Life expectancy,Y,Years,Y0,0 years,_T,Total,_Z,Not applicable,_Z,Not applicable,_Z,Not applicable,_Z,Not applicable,_Z,Not applicable,_Z,Not applicable,_Z,Not applicable,2017,,82.6,,,,,,,,,,,
DATAFLOW,OECD.ELS.HD:DSD_HEALTH_STAT@DF_LE(1.0),Life expectancy,I,ISL,Iceland,A,Annual,LFEXP,Life expectancy,Y,Years,Y0,0 years,_T,Total,_Z,Not applicable,_Z,Not applicable,_Z,Not applicable,_Z,Not applicable,_Z,Not applicable,_Z,Not applicable,_Z,Not applicable,2018,,82.9,,,,,,,,,,,
DATAFLOW,OECD.ELS.HD:DSD_HEALTH_STAT@DF_LE(1.0),Life expectancy,I,ISL,Iceland,A,Annual,LFEXP,Life expectancy,Y,Years,Y0,0 years,_T,Total,_Z,Not applicable,_Z,Not applicable,_Z,Not applicable,_Z,Not applicable,_Z,Not applicable,_Z,Not applicable,_Z,Not applicable,2019,,83.2,,,,,,,,,,,
DATAFLOW,OECD.ELS.HD:DSD_HEALTH_STAT@DF_LE(1.0),Life expectancy,I,ISL,Iceland,A,Annual,LFEXP,Life expectancy,Y,Years,Y0,0 years,_T,Total,_Z,Not applicable,_Z,Not applicable,_Z,Not applicable,_Z,Not applicable,_Z,Not applicable,_Z,Not applicable,_Z,Not applicable,2020,,83.1,,,,,,,,,,,
DATAFLOW,OECD.ELS.HD:DSD_HEALTH_STAT@DF_LE(1.0),Life expectancy,I,ISL,Iceland,A,Annual,LFEXP,Life expectancy,Y,Years,Y0,0 years,_T,Total,_Z,Not applicable,_Z,Not applicable,_Z,Not applicable,_Z,Not applicable,_Z,Not applicable,_Z,Not applicable,_Z,Not applicable,2021,,83.2,,,,,,,,,,,
DATAFLOW,OECD.ELS.HD:DSD_HEALTH_STAT@DF_LE(1.0),Life expectancy,I,ISL,Iceland,A,Annual,LFEXP,Life expectancy,Y,Years,Y0,0 years,_T,Total,_Z,Not applicable,_Z,Not applicable,_Z,Not applicable,_Z,Not applicable,_Z,Not applicable,_Z,Not applicable,_Z,Not applicable,2022,,82.1,,,,,,,,,,,
DATAFLOW,OECD.ELS.HD:DSD_HEALTH_STAT@DF_LE(1.0),Life expectancy,I,IRL,Ireland,A,Annual,LFEXP,Life expectancy,Y,Years,Y0,0 years,_T,Total,_Z,Not applicable,_Z,Not applicable,_Z,Not applicable,_Z,Not applicable,_Z,Not applicable,_Z,Not applicable,_Z,Not applicable,2000,,76.6,,,,,,,,,,,
DATAFLOW,OECD.ELS.HD:DSD_HEALTH_STAT@DF_LE(1.0),Life expectancy,I,IRL,Ireland,A,Annual,LFEXP,Life expectancy,Y,Years,Y0,0 years,_T,Total,_Z,Not applicable,_Z,Not applicable,_Z,Not applicable,_Z,Not applicable,_Z,Not applicable,_Z,Not applicable,_Z,Not applicable,2001,,77.2,,,,,,,,,,,
DATAFLOW,OECD.ELS.HD:DSD_HEALTH_STAT@DF_LE(1.0),Life expectancy,I,IRL,Ireland,A,Annual,LFEXP,Life expectancy,Y,Years,Y0,0 years,_T,Total,_Z,Not applicable,_Z,Not applicable,_Z,Not applicable,_Z,Not applicable,_Z,Not applicable,_Z,Not applicable,_Z,Not applicable,2002,,77.7,,,,,,,,,,,
DATAFLOW,OECD.ELS.HD:DSD_HEALTH_STAT@DF_LE(1.0),Life expectancy,I,IRL,Ireland,A,Annual,LFEXP,Life expectancy,Y,Years,Y0,0 years,_T,Total,_Z,Not applicable,_Z,Not applicable,_Z,Not applicable,_Z,Not applicable,_Z,Not applicable,_Z,Not applicable,_Z,Not applicable,2003,,78.2,,,,,,,,,,,
DATAFLOW,OECD.ELS.HD:DSD_HEALTH_STAT@DF_LE(1.0),Life expectancy,I,IRL,Ireland,A,Annual,LFEXP,Life expectancy,Y,Years,Y0,0 years,_T,Total,_Z,Not applicable,_Z,Not applicable,_Z,Not applicable,_Z,Not applicable,_Z,Not applicable,_Z,Not applicable,_Z,Not applicable,2004,,78.6,,,,,,,,,,,
DATAFLOW,OECD.ELS.HD:DSD_HEALTH_STAT@DF_LE(1.0),Life expectancy,I,IRL,Ireland,A,Annual,LFEXP,Life expectancy,Y,Years,Y0,0 years,_T,Total,_Z,Not applicable,_Z,Not applicable,_Z,Not applicable,_Z,Not applicable,_Z,Not applicable,_Z,Not applicable,_Z,Not applicable,2005,,79,,,,,,,,,,,
DATAFLOW,OECD.ELS.HD:DSD_HEALTH_STAT@DF_LE(1.0),Life expectancy,I,IRL,Ireland,A,Annual,LFEXP,Life expectancy,Y,Years,Y0,0 years,_T,Total,_Z,Not applicable,_Z,Not applicable,_Z,Not applicable,_Z,Not applicable,_Z,Not applicable,_Z,Not applicable,_Z,Not applicable,2006,,79.3,,,,,,,,,,,
DATAFLOW,OECD.ELS.HD:DSD_HEALTH_STAT@DF_LE(1.0),Life expectancy,I,IRL,Ireland,A,Annual,LFEXP,Life expectancy,Y,Years,Y0,0 years,_T,Total,_Z,Not applicable,_Z,Not applicable,_Z,Not applicable,_Z,Not applicable,_Z,Not applicable,_Z,Not applicable,_Z,Not applicable,2007,,79.7,,,,,,,,,,,
DATAFLOW,OECD.ELS.HD:DSD_HEALTH_STAT@DF_LE(1.0),Life expectancy,I,IRL,Ireland,A,Annual,LFEXP,Life expectancy,Y,Years,Y0,0 years,_T,Total,_Z,Not applicable,_Z,Not applicable,_Z,Not applicable,_Z,Not applicable,_Z,Not applicable,_Z,Not applicable,_Z,Not applicable,2008,,80.2,,,,,,,,,,,
DATAFLOW,OECD.ELS.HD:DSD_HEALTH_STAT@DF_LE(1.0),Life expectancy,I,IRL,Ireland,A,Annual,LFEXP,Life expectancy,Y,Years,Y0,0 years,_T,Total,_Z,Not applicable,_Z,Not applicable,_Z,Not applicable,_Z,Not applicable,_Z,Not applicable,_Z,Not applicable,_Z,Not applicable,2009,,80.2,,,,,,,,,,,
DATAFLOW,OECD.ELS.HD:DSD_HEALTH_STAT@DF_LE(1.0),Life expectancy,I,IRL,Ireland,A,Annual,LFEXP,Life expectancy,Y,Years,Y0,0 years,_T,Total,_Z,Not applicable,_Z,Not applicable,_Z,Not applicable,_Z,Not applicable,_Z,Not applicable,_Z,Not applicable,_Z,Not applicable,2010,,80.8,,,,,,,,,,,
DATAFLOW,OECD.ELS.HD:DSD_HEALTH_STAT@DF_LE(1.0),Life expectancy,I,IRL,Ireland,A,Annual,LFEXP,Life expectancy,Y,Years,Y0,0 years,_T,Total,_Z,Not applicable,_Z,Not applicable,_Z,Not applicable,_Z,Not applicable,_Z,Not applicable,_Z,Not applicable,_Z,Not applicable,2011,,80.9,,,,,,,,,,,
DATAFLOW,OECD.ELS.HD:DSD_HEALTH_STAT@DF_LE(1.0),Life expectancy,I,IRL,Ireland,A,Annual,LFEXP,Life expectancy,Y,Years,Y0,0 years,_T,Total,_Z,Not applicable,_Z,Not applicable,_Z,Not applicable,_Z,Not applicable,_Z,Not applicable,_Z,Not applicable,_Z,Not applicable,2012,,80.9,,,,,,,,,,,
DATAFLOW,OECD.ELS.HD:DSD_HEALTH_STAT@DF_LE(1.0),Life expectancy,I,IRL,Ireland,A,Annual,LFEXP,Life expectancy,Y,Years,Y0,0 years,_T,Total,_Z,Not applicable,_Z,Not applicable,_Z,Not applicable,_Z,Not applicable,_Z,Not applicable,_Z,Not applicable,_Z,Not applicable,2013,,81,,,,,,,,,,,
DATAFLOW,OECD.ELS.HD:DSD_HEALTH_STAT@DF_LE(1.0),Life expectancy,I,IRL,Ireland,A,Annual,LFEXP,Life expectancy,Y,Years,Y0,0 years,_T,Total,_Z,Not applicable,_Z,Not applicable,_Z,Not applicable,_Z,Not applicable,_Z,Not applicable,_Z,Not applicable,_Z,Not applicable,2014,,81.4,,,,,,,,,,,
DATAFLOW,OECD.ELS.HD:DSD_HEALTH_STAT@DF_LE(1.0),Life expectancy,I,IRL,Ireland,A,Annual,LFEXP,Life expectancy,Y,Years,Y0,0 years,_T,Total,_Z,Not applicable,_Z,Not applicable,_Z,Not applicable,_Z,Not applicable,_Z,Not applicable,_Z,Not applicable,_Z,Not applicable,2015,,81.5,,,,,,,,,,,
DATAFLOW,OECD.ELS.HD:DSD_HEALTH_STAT@DF_LE(1.0),Life expectancy,I,IRL,Ireland,A,Annual,LFEXP,Life expectancy,Y,Years,Y0,0 years,_T,Total,_Z,Not applicable,_Z,Not applicable,_Z,Not applicable,_Z,Not applicable,_Z,Not applicable,_Z,Not applicable,_Z,Not applicable,2016,,81.7,,,,,,,,,,,
DATAFLOW,OECD.ELS.HD:DSD_HEALTH_STAT@DF_LE(1.0),Life expectancy,I,IRL,Ireland,A,Annual,LFEXP,Life expectancy,Y,Years,Y0,0 years,_T,Total,_Z,Not applicable,_Z,Not applicable,_Z,Not applicable,_Z,Not applicable,_Z,Not applicable,_Z,Not applicable,_Z,Not applicable,2017,,82.2,,,,,,,,,,,
DATAFLOW,OECD.ELS.HD:DSD_HEALTH_STAT@DF_LE(1.0),Life expectancy,I,IRL,Ireland,A,Annual,LFEXP,Life expectancy,Y,Years,Y0,0 years,_T,Total,_Z,Not applicable,_Z,Not applicable,_Z,Not applicable,_Z,Not applicable,_Z,Not applicable,_Z,Not applicable,_Z,Not applicable,2018,,82.2,,,,,,,,,,,
DATAFLOW,OECD.ELS.HD:DSD_HEALTH_STAT@DF_LE(1.0),Life expectancy,I,IRL,Ireland,A,Annual,LFEXP,Life expectancy,Y,Years,Y0,0 years,_T,Total,_Z,Not applicable,_Z,Not applicable,_Z,Not applicable,_Z,Not applicable,_Z,Not applicable,_Z,Not applicable,_Z,Not applicable,2019,,82.8,,,,,,,,,,,
DATAFLOW,OECD.ELS.HD:DSD_HEALTH_STAT@DF_LE(1.0),Life expectancy,I,IRL,Ireland,A,Annual,LFEXP,Life expectancy,Y,Years,Y0,0 years,_T,Total,_Z,Not applicable,_Z,Not applicable,_Z,Not applicable,_Z,Not applicable,_Z,Not applicable,_Z,Not applicable,_Z,Not applicable,2022,,82.6,,,,,,,,,,,
DATAFLOW,OECD.ELS.HD:DSD_HEALTH_STAT@DF_LE(1.0),Life expectancy,I,ISR,Israel,A,Annual,LFEXP,Life expectancy,Y,Years,Y0,0 years,_T,Total,_Z,Not applicable,_Z,Not applicable,_Z,Not applicable,_Z,Not applicable,_Z,Not applicable,_Z,Not applicable,_Z,Not applicable,2000,,78.8,,,,,,,,,,,
DATAFLOW,OECD.ELS.HD:DSD_HEALTH_STAT@DF_LE(1.0),Life expectancy,I,ISR,Israel,A,Annual,LFEXP,Life expectancy,Y,Years,Y0,0 years,_T,Total,_Z,Not applicable,_Z,Not applicable,_Z,Not applicable,_Z,Not applicable,_Z,Not applicable,_Z,Not applicable,_Z,Not applicable,2001,,79.3,,,,,,,,,,,
DATAFLOW,OECD.ELS.HD:DSD_HEALTH_STAT@DF_LE(1.0),Life expectancy,I,ISR,Israel,A,Annual,LFEXP,Life expectancy,Y,Years,Y0,0 years,_T,Total,_Z,Not applicable,_Z,Not applicable,_Z,Not applicable,_Z,Not applicable,_Z,Not applicable,_Z,Not applicable,_Z,Not applicable,2002,,79.6,,,,,,,,,,,
DATAFLOW,OECD.ELS.HD:DSD_HEALTH_STAT@DF_LE(1.0),Life expectancy,I,ISR,Israel,A,Annual,LFEXP,Life expectancy,Y,Years,Y0,0 years,_T,Total,_Z,Not applicable,_Z,Not applicable,_Z,Not applicable,_Z,Not applicable,_Z,Not applicable,_Z,Not applicable,_Z,Not applicable,2003,,79.8,,,,,,,,,,,
DATAFLOW,OECD.ELS.HD:DSD_HEALTH_STAT@DF_LE(1.0),Life expectancy,I,ISR,Israel,A,Annual,LFEXP,Life expectancy,Y,Years,Y0,0 years,_T,Total,_Z,Not applicable,_Z,Not applicable,_Z,Not applicable,_Z,Not applicable,_Z,Not applicable,_Z,Not applicable,_Z,Not applicable,2004,,80.3,,,,,,,,,,,
DATAFLOW,OECD.ELS.HD:DSD_HEALTH_STAT@DF_LE(1.0),Life expectancy,I,ISR,Israel,A,Annual,LFEXP,Life expectancy,Y,Years,Y0,0 years,_T,Total,_Z,Not applicable,_Z,Not applicable,_Z,Not applicable,_Z,Not applicable,_Z,Not applicable,_Z,Not applicable,_Z,Not applicable,2005,,80.3,,,,,,,,,,,
DATAFLOW,OECD.ELS.HD:DSD_HEALTH_STAT@DF_LE(1.0),Life expectancy,I,ISR,Israel,A,Annual,LFEXP,Life expectancy,Y,Years,Y0,0 years,_T,Total,_Z,Not applicable,_Z,Not applicable,_Z,Not applicable,_Z,Not applicable,_Z,Not applicable,_Z,Not applicable,_Z,Not applicable,2006,,80.7,,,,,,,,,,,
DATAFLOW,OECD.ELS.HD:DSD_HEALTH_STAT@DF_LE(1.0),Life expectancy,I,ISR,Israel,A,Annual,LFEXP,Life expectancy,Y,Years,Y0,0 years,_T,Total,_Z,Not applicable,_Z,Not applicable,_Z,Not applicable,_Z,Not applicable,_Z,Not applicable,_Z,Not applicable,_Z,Not applicable,2007,,80.7,,,,,,,,,,,
DATAFLOW,OECD.ELS.HD:DSD_HEALTH_STAT@DF_LE(1.0),Life expectancy,I,ISR,Israel,A,Annual,LFEXP,Life expectancy,Y,Years,Y0,0 years,_T,Total,_Z,Not applicable,_Z,Not applicable,_Z,Not applicable,_Z,Not applicable,_Z,Not applicable,_Z,Not applicable,_Z,Not applicable,2008,,81.1,,,,,,,,,,,
DATAFLOW,OECD.ELS.HD:DSD_HEALTH_STAT@DF_LE(1.0),Life expectancy,I,ISR,Israel,A,Annual,LFEXP,Life expectancy,Y,Years,Y0,0 years,_T,Total,_Z,Not applicable,_Z,Not applicable,_Z,Not applicable,_Z,Not applicable,_Z,Not applicable,_Z,Not applicable,_Z,Not applicable,2010,,81.7,,,,,,,,,,,
DATAFLOW,OECD.ELS.HD:DSD_HEALTH_STAT@DF_LE(1.0),Life expectancy,I,ISR,Israel,A,Annual,LFEXP,Life expectancy,Y,Years,Y0,0 years,_T,Total,_Z,Not applicable,_Z,Not applicable,_Z,Not applicable,_Z,Not applicable,_Z,Not applicable,_Z,Not applicable,_Z,Not applicable,2011,,81.8,,,,,,,,,,,
DATAFLOW,OECD.ELS.HD:DSD_HEALTH_STAT@DF_LE(1.0),Life expectancy,I,ISR,Israel,A,Annual,LFEXP,Life expectancy,Y,Years,Y0,0 years,_T,Total,_Z,Not applicable,_Z,Not applicable,_Z,Not applicable,_Z,Not applicable,_Z,Not applicable,_Z,Not applicable,_Z,Not applicable,2012,,81.8,,,,,,,,,,,
DATAFLOW,OECD.ELS.HD:DSD_HEALTH_STAT@DF_LE(1.0),Life expectancy,I,ISR,Israel,A,Annual,LFEXP,Life expectancy,Y,Years,Y0,0 years,_T,Total,_Z,Not applicable,_Z,Not applicable,_Z,Not applicable,_Z,Not applicable,_Z,Not applicable,_Z,Not applicable,_Z,Not applicable,2013,,82.1,,,,,,,,,,,
DATAFLOW,OECD.ELS.HD:DSD_HEALTH_STAT@DF_LE(1.0),Life expectancy,I,ISR,Israel,A,Annual,LFEXP,Life expectancy,Y,Years,Y0,0 years,_T,Total,_Z,Not applicable,_Z,Not applicable,_Z,Not applicable,_Z,Not applicable,_Z,Not applicable,_Z,Not applicable,_Z,Not applicable,2014,,82.2,,,,,,,,,,,
DATAFLOW,OECD.ELS.HD:DSD_HEALTH_STAT@DF_LE(1.0),Life expectancy,I,ISR,Israel,A,Annual,LFEXP,Life expectancy,Y,Years,Y0,0 years,_T,Total,_Z,Not applicable,_Z,Not applicable,_Z,Not applicable,_Z,Not applicable,_Z,Not applicable,_Z,Not applicable,_Z,Not applicable,2015,,82.2,,,,,,,,,,,
DATAFLOW,OECD.ELS.HD:DSD_HEALTH_STAT@DF_LE(1.0),Life expectancy,I,ISR,Israel,A,Annual,LFEXP,Life expectancy,Y,Years,Y0,0 years,_T,Total,_Z,Not applicable,_Z,Not applicable,_Z,Not applicable,_Z,Not applicable,_Z,Not applicable,_Z,Not applicable,_Z,Not applicable,2016,,82.5,,,,,,,,,,,
DATAFLOW,OECD.ELS.HD:DSD_HEALTH_STAT@DF_LE(1.0),Life expectancy,I,ISR,Israel,A,Annual,LFEXP,Life expectancy,Y,Years,Y0,0 years,_T,Total,_Z,Not applicable,_Z,Not applicable,_Z,Not applicable,_Z,Not applicable,_Z,Not applicable,_Z,Not applicable,_Z,Not applicable,2017,,82.7,,,,,,,,,,,
DATAFLOW,OECD.ELS.HD:DSD_HEALTH_STAT@DF_LE(1.0),Life expectancy,I,ISR,Israel,A,Annual,LFEXP,Life expectancy,Y,Years,Y0,0 years,_T,Total,_Z,Not applicable,_Z,Not applicable,_Z,Not applicable,_Z,Not applicable,_Z,Not applicable,_Z,Not applicable,_Z,Not applicable,2018,,82.9,,,,,,,,,,,
DATAFLOW,OECD.ELS.HD:DSD_HEALTH_STAT@DF_LE(1.0),Life expectancy,I,ISR,Israel,A,Annual,LFEXP,Life expectancy,Y,Years,Y0,0 years,_T,Total,_Z,Not applicable,_Z,Not applicable,_Z,Not applicable,_Z,Not applicable,_Z,Not applicable,_Z,Not applicable,_Z,Not applicable,2019,,82.9,,,,,,,,,,,
DATAFLOW,OECD.ELS.HD:DSD_HEALTH_STAT@DF_LE(1.0),Life expectancy,I,ISR,Israel,A,Annual,LFEXP,Life expectancy,Y,Years,Y0,0 years,_T,Total,_Z,Not applicable,_Z,Not applicable,_Z,Not applicable,_Z,Not applicable,_Z,Not applicable,_Z,Not applicable,_Z,Not applicable,2020,,82.7,,,,,,,,,,,
DATAFLOW,OECD.ELS.HD:DSD_HEALTH_STAT@DF_LE(1.0),Life expectancy,I,ISR,Israel,A,Annual,LFEXP,Life expectancy,Y,Years,Y0,0 years,_T,Total,_Z,Not applicable,_Z,Not applicable,_Z,Not applicable,_Z,Not applicable,_Z,Not applicable,_Z,Not applicable,_Z,Not applicable,2021,,82.6,,,,,,,,,,,
DATAFLOW,OECD.ELS.HD:DSD_HEALTH_STAT@DF_LE(1.0),Life expectancy,I,ISR,Israel,A,Annual,LFEXP,Life expectancy,Y,Years,Y0,0 years,_T,Total,_Z,Not applicable,_Z,Not applicable,_Z,Not applicable,_Z,Not applicable,_Z,Not applicable,_Z,Not applicable,_Z,Not applicable,2022,,82.8,,,,,,,,,,,
DATAFLOW,OECD.ELS.HD:DSD_HEALTH_STAT@DF_LE(1.0),Life expectancy,I,ITA,Italy,A,Annual,LFEXP,Life expectancy,Y,Years,Y0,0 years,_T,Total,_Z,Not applicable,_Z,Not applicable,_Z,Not applicable,_Z,Not applicable,_Z,Not applicable,_Z,Not applicable,_Z,Not applicable,2000,,79.9,,,,,,,,,,,
DATAFLOW,OECD.ELS.HD:DSD_HEALTH_STAT@DF_LE(1.0),Life expectancy,I,ITA,Italy,A,Annual,LFEXP,Life expectancy,Y,Years,Y0,0 years,_T,Total,_Z,Not applicable,_Z,Not applicable,_Z,Not applicable,_Z,Not applicable,_Z,Not applicable,_Z,Not applicable,_Z,Not applicable,2001,,80.3,,,,,,,,,,,
DATAFLOW,OECD.ELS.HD:DSD_HEALTH_STAT@DF_LE(1.0),Life expectancy,I,ITA,Italy,A,Annual,LFEXP,Life expectancy,Y,Years,Y0,0 years,_T,Total,_Z,Not applicable,_Z,Not applicable,_Z,Not applicable,_Z,Not applicable,_Z,Not applicable,_Z,Not applicable,_Z,Not applicable,2002,,80.4,,,,,,,,,,,
DATAFLOW,OECD.ELS.HD:DSD_HEALTH_STAT@DF_LE(1.0),Life expectancy,I,ITA,Italy,A,Annual,LFEXP,Life expectancy,Y,Years,Y0,0 years,_T,Total,_Z,Not applicable,_Z,Not applicable,_Z,Not applicable,_Z,Not applicable,_Z,Not applicable,_Z,Not applicable,_Z,Not applicable,2003,,80.1,,,,,,,,,,,
DATAFLOW,OECD.ELS.HD:DSD_HEALTH_STAT@DF_LE(1.0),Life expectancy,I,ITA,Italy,A,Annual,LFEXP,Life expectancy,Y,Years,Y0,0 years,_T,Total,_Z,Not applicable,_Z,Not applicable,_Z,Not applicable,_Z,Not applicable,_Z,Not applicable,_Z,Not applicable,_Z,Not applicable,2004,,80.9,,,,,,,,,,,
DATAFLOW,OECD.ELS.HD:DSD_HEALTH_STAT@DF_LE(1.0),Life expectancy,I,ITA,Italy,A,Annual,LFEXP,Life expectancy,Y,Years,Y0,0 years,_T,Total,_Z,Not applicable,_Z,Not applicable,_Z,Not applicable,_Z,Not applicable,_Z,Not applicable,_Z,Not applicable,_Z,Not applicable,2005,,80.9,,,,,,,,,,,
DATAFLOW,OECD.ELS.HD:DSD_HEALTH_STAT@DF_LE(1.0),Life expectancy,I,ITA,Italy,A,Annual,LFEXP,Life expectancy,Y,Years,Y0,0 years,_T,Total,_Z,Not applicable,_Z,Not applicable,_Z,Not applicable,_Z,Not applicable,_Z,Not applicable,_Z,Not applicable,_Z,Not applicable,2006,,81.4,,,,,,,,,,,
DATAFLOW,OECD.ELS.HD:DSD_HEALTH_STAT@DF_LE(1.0),Life expectancy,I,ITA,Italy,A,Annual,LFEXP,Life expectancy,Y,Years,Y0,0 years,_T,Total,_Z,Not applicable,_Z,Not applicable,_Z,Not applicable,_Z,Not applicable,_Z,Not applicable,_Z,Not applicable,_Z,Not applicable,2007,,81.6,,,,,,,,,,,
DATAFLOW,OECD.ELS.HD:DSD_HEALTH_STAT@DF_LE(1.0),Life expectancy,I,ITA,Italy,A,Annual,LFEXP,Life expectancy,Y,Years,Y0,0 years,_T,Total,_Z,Not applicable,_Z,Not applicable,_Z,Not applicable,_Z,Not applicable,_Z,Not applicable,_Z,Not applicable,_Z,Not applicable,2008,,81.7,,,,,,,,,,,
DATAFLOW,OECD.ELS.HD:DSD_HEALTH_STAT@DF_LE(1.0),Life expectancy,I,ITA,Italy,A,Annual,LFEXP,Life expectancy,Y,Years,Y0,0 years,_T,Total,_Z,Not applicable,_Z,Not applicable,_Z,Not applicable,_Z,Not applicable,_Z,Not applicable,_Z,Not applicable,_Z,Not applicable,2009,,81.8,,,,,,,,,,,
DATAFLOW,OECD.ELS.HD:DSD_HEALTH_STAT@DF_LE(1.0),Life expectancy,I,ITA,Italy,A,Annual,LFEXP,Life expectancy,Y,Years,Y0,0 years,_T,Total,_Z,Not applicable,_Z,Not applicable,_Z,Not applicable,_Z,Not applicable,_Z,Not applicable,_Z,Not applicable,_Z,Not applicable,2010,,82.2,,,,,,,,,,,
DATAFLOW,OECD.ELS.HD:DSD_HEALTH_STAT@DF_LE(1.0),Life expectancy,I,ITA,Italy,A,Annual,LFEXP,Life expectancy,Y,Years,Y0,0 years,_T,Total,_Z,Not applicable,_Z,Not applicable,_Z,Not applicable,_Z,Not applicable,_Z,Not applicable,_Z,Not applicable,_Z,Not applicable,2011,,82.4,,,,,,,,,,,
DATAFLOW,OECD.ELS.HD:DSD_HEALTH_STAT@DF_LE(1.0),Life expectancy,I,ITA,Italy,A,Annual,LFEXP,Life expectancy,Y,Years,Y0,0 years,_T,Total,_Z,Not applicable,_Z,Not applicable,_Z,Not applicable,_Z,Not applicable,_Z,Not applicable,_Z,Not applicable,_Z,Not applicable,2012,,82.4,,,,,,,,,,,
DATAFLOW,OECD.ELS.HD:DSD_HEALTH_STAT@DF_LE(1.0),Life expectancy,I,ITA,Italy,A,Annual,LFEXP,Life expectancy,Y,Years,Y0,0 years,_T,Total,_Z,Not applicable,_Z,Not applicable,_Z,Not applicable,_Z,Not applicable,_Z,Not applicable,_Z,Not applicable,_Z,Not applicable,2013,,82.9,,,,,,,,,,,
DATAFLOW,OECD.ELS.HD:DSD_HEALTH_STAT@DF_LE(1.0),Life expectancy,I,ITA,Italy,A,Annual,LFEXP,Life expectancy,Y,Years,Y0,0 years,_T,Total,_Z,Not applicable,_Z,Not applicable,_Z,Not applicable,_Z,Not applicable,_Z,Not applicable,_Z,Not applicable,_Z,Not applicable,2014,,83.2,,,,,,,,,,,
DATAFLOW,OECD.ELS.HD:DSD_HEALTH_STAT@DF_LE(1.0),Life expectancy,I,ITA,Italy,A,Annual,LFEXP,Life expectancy,Y,Years,Y0,0 years,_T,Total,_Z,Not applicable,_Z,Not applicable,_Z,Not applicable,_Z,Not applicable,_Z,Not applicable,_Z,Not applicable,_Z,Not applicable,2015,,82.7,,,,,,,,,,,
DATAFLOW,OECD.ELS.HD:DSD_HEALTH_STAT@DF_LE(1.0),Life expectancy,I,ITA,Italy,A,Annual,LFEXP,Life expectancy,Y,Years,Y0,0 years,_T,Total,_Z,Not applicable,_Z,Not applicable,_Z,Not applicable,_Z,Not applicable,_Z,Not applicable,_Z,Not applicable,_Z,Not applicable,2016,,83.4,,,,,,,,,,,
DATAFLOW,OECD.ELS.HD:DSD_HEALTH_STAT@DF_LE(1.0),Life expectancy,I,ITA,Italy,A,Annual,LFEXP,Life expectancy,Y,Years,Y0,0 years,_T,Total,_Z,Not applicable,_Z,Not applicable,_Z,Not applicable,_Z,Not applicable,_Z,Not applicable,_Z,Not applicable,_Z,Not applicable,2017,,83.1,,,,,,,,,,,
DATAFLOW,OECD.ELS.HD:DSD_HEALTH_STAT@DF_LE(1.0),Life expectancy,I,ITA,Italy,A,Annual,LFEXP,Life expectancy,Y,Years,Y0,0 years,_T,Total,_Z,Not applicable,_Z,Not applicable,_Z,Not applicable,_Z,Not applicable,_Z,Not applicable,_Z,Not applicable,_Z,Not applicable,2018,,83.4,,,,,,,,,,,
DATAFLOW,OECD.ELS.HD:DSD_HEALTH_STAT@DF_LE(1.0),Life expectancy,I,ITA,Italy,A,Annual,LFEXP,Life expectancy,Y,Years,Y0,0 years,_T,Total,_Z,Not applicable,_Z,Not applicable,_Z,Not applicable,_Z,Not applicable,_Z,Not applicable,_Z,Not applicable,_Z,Not applicable,2019,,83.6,,,,,,,,,,,
DATAFLOW,OECD.ELS.HD:DSD_HEALTH_STAT@DF_LE(1.0),Life expectancy,I,ITA,Italy,A,Annual,LFEXP,Life expectancy,Y,Years,Y0,0 years,_T,Total,_Z,Not applicable,_Z,Not applicable,_Z,Not applicable,_Z,Not applicable,_Z,Not applicable,_Z,Not applicable,_Z,Not applicable,2020,,82.3,,,,,,,,,,,
DATAFLOW,OECD.ELS.HD:DSD_HEALTH_STAT@DF_LE(1.0),Life expectancy,I,ITA,Italy,A,Annual,LFEXP,Life expectancy,Y,Years,Y0,0 years,_T,Total,_Z,Not applicable,_Z,Not applicable,_Z,Not applicable,_Z,Not applicable,_Z,Not applicable,_Z,Not applicable,_Z,Not applicable,2021,,82.7,,,,,,,,,,,
DATAFLOW,OECD.ELS.HD:DSD_HEALTH_STAT@DF_LE(1.0),Life expectancy,I,ITA,Italy,A,Annual,LFEXP,Life expectancy,Y,Years,Y0,0 years,_T,Total,_Z,Not applicable,_Z,Not applicable,_Z,Not applicable,_Z,Not applicable,_Z,Not applicable,_Z,Not applicable,_Z,Not applicable,2022,,82.8,,,,,,,,,,,
DATAFLOW,OECD.ELS.HD:DSD_HEALTH_STAT@DF_LE(1.0),Life expectancy,I,KOR,Korea,A,Annual,LFEXP,Life expectancy,Y,Years,Y0,0 years,_T,Total,_Z,Not applicable,_Z,Not applicable,_Z,Not applicable,_Z,Not applicable,_Z,Not applicable,_Z,Not applicable,_Z,Not applicable,2000,,76,,,,,,,,,,,
DATAFLOW,OECD.ELS.HD:DSD_HEALTH_STAT@DF_LE(1.0),Life expectancy,I,KOR,Korea,A,Annual,LFEXP,Life expectancy,Y,Years,Y0,0 years,_T,Total,_Z,Not applicable,_Z,Not applicable,_Z,Not applicable,_Z,Not applicable,_Z,Not applicable,_Z,Not applicable,_Z,Not applicable,2001,,76.5,,,,,,,,,,,
DATAFLOW,OECD.ELS.HD:DSD_HEALTH_STAT@DF_LE(1.0),Life expectancy,I,KOR,Korea,A,Annual,LFEXP,Life expectancy,Y,Years,Y0,0 years,_T,Total,_Z,Not applicable,_Z,Not applicable,_Z,Not applicable,_Z,Not applicable,_Z,Not applicable,_Z,Not applicable,_Z,Not applicable,2002,,76.8,,,,,,,,,,,
DATAFLOW,OECD.ELS.HD:DSD_HEALTH_STAT@DF_LE(1.0),Life expectancy,I,KOR,Korea,A,Annual,LFEXP,Life expectancy,Y,Years,Y0,0 years,_T,Total,_Z,Not applicable,_Z,Not applicable,_Z,Not applicable,_Z,Not applicable,_Z,Not applicable,_Z,Not applicable,_Z,Not applicable,2003,,77.3,,,,,,,,,,,
DATAFLOW,OECD.ELS.HD:DSD_HEALTH_STAT@DF_LE(1.0),Life expectancy,I,KOR,Korea,A,Annual,LFEXP,Life expectancy,Y,Years,Y0,0 years,_T,Total,_Z,Not applicable,_Z,Not applicable,_Z,Not applicable,_Z,Not applicable,_Z,Not applicable,_Z,Not applicable,_Z,Not applicable,2004,,77.8,,,,,,,,,,,
DATAFLOW,OECD.ELS.HD:DSD_HEALTH_STAT@DF_LE(1.0),Life expectancy,I,KOR,Korea,A,Annual,LFEXP,Life expectancy,Y,Years,Y0,0 years,_T,Total,_Z,Not applicable,_Z,Not applicable,_Z,Not applicable,_Z,Not applicable,_Z,Not applicable,_Z,Not applicable,_Z,Not applicable,2005,,78.2,,,,,,,,,,,
DATAFLOW,OECD.ELS.HD:DSD_HEALTH_STAT@DF_LE(1.0),Life expectancy,I,KOR,Korea,A,Annual,LFEXP,Life expectancy,Y,Years,Y0,0 years,_T,Total,_Z,Not applicable,_Z,Not applicable,_Z,Not applicable,_Z,Not applicable,_Z,Not applicable,_Z,Not applicable,_Z,Not applicable,2006,,78.8,,,,,,,,,,,
DATAFLOW,OECD.ELS.HD:DSD_HEALTH_STAT@DF_LE(1.0),Life expectancy,I,KOR,Korea,A,Annual,LFEXP,Life expectancy,Y,Years,Y0,0 years,_T,Total,_Z,Not applicable,_Z,Not applicable,_Z,Not applicable,_Z,Not applicable,_Z,Not applicable,_Z,Not applicable,_Z,Not applicable,2007,,79.2,,,,,,,,,,,
DATAFLOW,OECD.ELS.HD:DSD_HEALTH_STAT@DF_LE(1.0),Life expectancy,I,KOR,Korea,A,Annual,LFEXP,Life expectancy,Y,Years,Y0,0 years,_T,Total,_Z,Not applicable,_Z,Not applicable,_Z,Not applicable,_Z,Not applicable,_Z,Not applicable,_Z,Not applicable,_Z,Not applicable,2008,,79.6,,,,,,,,,,,
DATAFLOW,OECD.ELS.HD:DSD_HEALTH_STAT@DF_LE(1.0),Life expectancy,I,KOR,Korea,A,Annual,LFEXP,Life expectancy,Y,Years,Y0,0 years,_T,Total,_Z,Not applicable,_Z,Not applicable,_Z,Not applicable,_Z,Not applicable,_Z,Not applicable,_Z,Not applicable,_Z,Not applicable,2009,,80,,,,,,,,,,,
DATAFLOW,OECD.ELS.HD:DSD_HEALTH_STAT@DF_LE(1.0),Life expectancy,I,KOR,Korea,A,Annual,LFEXP,Life expectancy,Y,Years,Y0,0 years,_T,Total,_Z,Not applicable,_Z,Not applicable,_Z,Not applicable,_Z,Not applicable,_Z,Not applicable,_Z,Not applicable,_Z,Not applicable,2010,,80.2,,,,,,,,,,,
DATAFLOW,OECD.ELS.HD:DSD_HEALTH_STAT@DF_LE(1.0),Life expectancy,I,KOR,Korea,A,Annual,LFEXP,Life expectancy,Y,Years,Y0,0 years,_T,Total,_Z,Not applicable,_Z,Not applicable,_Z,Not applicable,_Z,Not applicable,_Z,Not applicable,_Z,Not applicable,_Z,Not applicable,2011,,80.6,,,,,,,,,,,
DATAFLOW,OECD.ELS.HD:DSD_HEALTH_STAT@DF_LE(1.0),Life expectancy,I,KOR,Korea,A,Annual,LFEXP,Life expectancy,Y,Years,Y0,0 years,_T,Total,_Z,Not applicable,_Z,Not applicable,_Z,Not applicable,_Z,Not applicable,_Z,Not applicable,_Z,Not applicable,_Z,Not applicable,2012,,80.9,,,,,,,,,,,
DATAFLOW,OECD.ELS.HD:DSD_HEALTH_STAT@DF_LE(1.0),Life expectancy,I,KOR,Korea,A,Annual,LFEXP,Life expectancy,Y,Years,Y0,0 years,_T,Total,_Z,Not applicable,_Z,Not applicable,_Z,Not applicable,_Z,Not applicable,_Z,Not applicable,_Z,Not applicable,_Z,Not applicable,2013,,81.4,,,,,,,,,,,
DATAFLOW,OECD.ELS.HD:DSD_HEALTH_STAT@DF_LE(1.0),Life expectancy,I,KOR,Korea,A,Annual,LFEXP,Life expectancy,Y,Years,Y0,0 years,_T,Total,_Z,Not applicable,_Z,Not applicable,_Z,Not applicable,_Z,Not applicable,_Z,Not applicable,_Z,Not applicable,_Z,Not applicable,2014,,81.8,,,,,,,,,,,
DATAFLOW,OECD.ELS.HD:DSD_HEALTH_STAT@DF_LE(1.0),Life expectancy,I,KOR,Korea,A,Annual,LFEXP,Life expectancy,Y,Years,Y0,0 years,_T,Total,_Z,Not applicable,_Z,Not applicable,_Z,Not applicable,_Z,Not applicable,_Z,Not applicable,_Z,Not applicable,_Z,Not applicable,2015,,82.1,,,,,,,,,,,
DATAFLOW,OECD.ELS.HD:DSD_HEALTH_STAT@DF_LE(1.0),Life expectancy,I,KOR,Korea,A,Annual,LFEXP,Life expectancy,Y,Years,Y0,0 years,_T,Total,_Z,Not applicable,_Z,Not applicable,_Z,Not applicable,_Z,Not applicable,_Z,Not applicable,_Z,Not applicable,_Z,Not applicable,2016,,82.4,,,,,,,,,,,
DATAFLOW,OECD.ELS.HD:DSD_HEALTH_STAT@DF_LE(1.0),Life expectancy,I,KOR,Korea,A,Annual,LFEXP,Life expectancy,Y,Years,Y0,0 years,_T,Total,_Z,Not applicable,_Z,Not applicable,_Z,Not applicable,_Z,Not applicable,_Z,Not applicable,_Z,Not applicable,_Z,Not applicable,2017,,82.7,,,,,,,,,,,
DATAFLOW,OECD.ELS.HD:DSD_HEALTH_STAT@DF_LE(1.0),Life expectancy,I,KOR,Korea,A,Annual,LFEXP,Life expectancy,Y,Years,Y0,0 years,_T,Total,_Z,Not applicable,_Z,Not applicable,_Z,Not applicable,_Z,Not applicable,_Z,Not applicable,_Z,Not applicable,_Z,Not applicable,2018,,82.7,,,,,,,,,,,
DATAFLOW,OECD.ELS.HD:DSD_HEALTH_STAT@DF_LE(1.0),Life expectancy,I,KOR,Korea,A,Annual,LFEXP,Life expectancy,Y,Years,Y0,0 years,_T,Total,_Z,Not applicable,_Z,Not applicable,_Z,Not applicable,_Z,Not applicable,_Z,Not applicable,_Z,Not applicable,_Z,Not applicable,2019,,83.3,,,,,,,,,,,
DATAFLOW,OECD.ELS.HD:DSD_HEALTH_STAT@DF_LE(1.0),Life expectancy,I,KOR,Korea,A,Annual,LFEXP,Life expectancy,Y,Years,Y0,0 years,_T,Total,_Z,Not applicable,_Z,Not applicable,_Z,Not applicable,_Z,Not applicable,_Z,Not applicable,_Z,Not applicable,_Z,Not applicable,2020,,83.5,,,,,,,,,,,
DATAFLOW,OECD.ELS.HD:DSD_HEALTH_STAT@DF_LE(1.0),Life expectancy,I,KOR,Korea,A,Annual,LFEXP,Life expectancy,Y,Years,Y0,0 years,_T,Total,_Z,Not applicable,_Z,Not applicable,_Z,Not applicable,_Z,Not applicable,_Z,Not applicable,_Z,Not applicable,_Z,Not applicable,2021,,83.6,,,,,,,,,,,
DATAFLOW,OECD.ELS.HD:DSD_HEALTH_STAT@DF_LE(1.0),Life expectancy,I,KOR,Korea,A,Annual,LFEXP,Life expectancy,Y,Years,Y0,0 years,_T,Total,_Z,Not applicable,_Z,Not applicable,_Z,Not applicable,_Z,Not applicable,_Z,Not applicable,_Z,Not applicable,_Z,Not applicable,2022,,82.7,,,,,,,,,,,
DATAFLOW,OECD.ELS.HD:DSD_HEALTH_STAT@DF_LE(1.0),Life expectancy,I,LVA,Latvia,A,Annual,LFEXP,Life expectancy,Y,Years,Y0,0 years,_T,Total,_Z,Not applicable,_Z,Not applicable,_Z,Not applicable,_Z,Not applicable,_Z,Not applicable,_Z,Not applicable,_Z,Not applicable,2002,,70.2,,,,,,,,,,,
DATAFLOW,OECD.ELS.HD:DSD_HEALTH_STAT@DF_LE(1.0),Life expectancy,I,LVA,Latvia,A,Annual,LFEXP,Life expectancy,Y,Years,Y0,0 years,_T,Total,_Z,Not applicable,_Z,Not applicable,_Z,Not applicable,_Z,Not applicable,_Z,Not applicable,_Z,Not applicable,_Z,Not applicable,2003,,70.6,,,,,,,,,,,
DATAFLOW,OECD.ELS.HD:DSD_HEALTH_STAT@DF_LE(1.0),Life expectancy,I,LVA,Latvia,A,Annual,LFEXP,Life expectancy,Y,Years,Y0,0 years,_T,Total,_Z,Not applicable,_Z,Not applicable,_Z,Not applicable,_Z,Not applicable,_Z,Not applicable,_Z,Not applicable,_Z,Not applicable,2004,,70.9,,,,,,,,,,,
DATAFLOW,OECD.ELS.HD:DSD_HEALTH_STAT@DF_LE(1.0),Life expectancy,I,LVA,Latvia,A,Annual,LFEXP,Life expectancy,Y,Years,Y0,0 years,_T,Total,_Z,Not applicable,_Z,Not applicable,_Z,Not applicable,_Z,Not applicable,_Z,Not applicable,_Z,Not applicable,_Z,Not applicable,2005,,70.6,,,,,,,,,,,
DATAFLOW,OECD.ELS.HD:DSD_HEALTH_STAT@DF_LE(1.0),Life expectancy,I,LVA,Latvia,A,Annual,LFEXP,Life expectancy,Y,Years,Y0,0 years,_T,Total,_Z,Not applicable,_Z,Not applicable,_Z,Not applicable,_Z,Not applicable,_Z,Not applicable,_Z,Not applicable,_Z,Not applicable,2006,,70.6,,,,,,,,,,,
DATAFLOW,OECD.ELS.HD:DSD_HEALTH_STAT@DF_LE(1.0),Life expectancy,I,LVA,Latvia,A,Annual,LFEXP,Life expectancy,Y,Years,Y0,0 years,_T,Total,_Z,Not applicable,_Z,Not applicable,_Z,Not applicable,_Z,Not applicable,_Z,Not applicable,_Z,Not applicable,_Z,Not applicable,2007,,70.8,,,,,,,,,,,
DATAFLOW,OECD.ELS.HD:DSD_HEALTH_STAT@DF_LE(1.0),Life expectancy,I,LVA,Latvia,A,Annual,LFEXP,Life expectancy,Y,Years,Y0,0 years,_T,Total,_Z,Not applicable,_Z,Not applicable,_Z,Not applicable,_Z,Not applicable,_Z,Not applicable,_Z,Not applicable,_Z,Not applicable,2008,,72.1,,,,,,,,,,,
DATAFLOW,OECD.ELS.HD:DSD_HEALTH_STAT@DF_LE(1.0),Life expectancy,I,LVA,Latvia,A,Annual,LFEXP,Life expectancy,Y,Years,Y0,0 years,_T,Total,_Z,Not applicable,_Z,Not applicable,_Z,Not applicable,_Z,Not applicable,_Z,Not applicable,_Z,Not applicable,_Z,Not applicable,2009,,72.8,,,,,,,,,,,
DATAFLOW,OECD.ELS.HD:DSD_HEALTH_STAT@DF_LE(1.0),Life expectancy,I,LVA,Latvia,A,Annual,LFEXP,Life expectancy,Y,Years,Y0,0 years,_T,Total,_Z,Not applicable,_Z,Not applicable,_Z,Not applicable,_Z,Not applicable,_Z,Not applicable,_Z,Not applicable,_Z,Not applicable,2010,,73.1,,,,,,,,,,,
DATAFLOW,OECD.ELS.HD:DSD_HEALTH_STAT@DF_LE(1.0),Life expectancy,I,LVA,Latvia,A,Annual,LFEXP,Life expectancy,Y,Years,Y0,0 years,_T,Total,_Z,Not applicable,_Z,Not applicable,_Z,Not applicable,_Z,Not applicable,_Z,Not applicable,_Z,Not applicable,_Z,Not applicable,2011,,73.9,,,,,,,,,,,
DATAFLOW,OECD.ELS.HD:DSD_HEALTH_STAT@DF_LE(1.0),Life expectancy,I,LVA,Latvia,A,Annual,LFEXP,Life expectancy,Y,Years,Y0,0 years,_T,Total,_Z,Not applicable,_Z,Not applicable,_Z,Not applicable,_Z,Not applicable,_Z,Not applicable,_Z,Not applicable,_Z,Not applicable,2012,,74.1,,,,,,,,,,,
DATAFLOW,OECD.ELS.HD:DSD_HEALTH_STAT@DF_LE(1.0),Life expectancy,I,LVA,Latvia,A,Annual,LFEXP,Life expectancy,Y,Years,Y0,0 years,_T,Total,_Z,Not applicable,_Z,Not applicable,_Z,Not applicable,_Z,Not applicable,_Z,Not applicable,_Z,Not applicable,_Z,Not applicable,2013,,74.3,,,,,,,,,,,
DATAFLOW,OECD.ELS.HD:DSD_HEALTH_STAT@DF_LE(1.0),Life expectancy,I,LVA,Latvia,A,Annual,LFEXP,Life expectancy,Y,Years,Y0,0 years,_T,Total,_Z,Not applicable,_Z,Not applicable,_Z,Not applicable,_Z,Not applicable,_Z,Not applicable,_Z,Not applicable,_Z,Not applicable,2014,,74.5,,,,,,,,,,,
DATAFLOW,OECD.ELS.HD:DSD_HEALTH_STAT@DF_LE(1.0),Life expectancy,I,LVA,Latvia,A,Annual,LFEXP,Life expectancy,Y,Years,Y0,0 years,_T,Total,_Z,Not applicable,_Z,Not applicable,_Z,Not applicable,_Z,Not applicable,_Z,Not applicable,_Z,Not applicable,_Z,Not applicable,2015,,74.8,,,,,,,,,,,
DATAFLOW,OECD.ELS.HD:DSD_HEALTH_STAT@DF_LE(1.0),Life expectancy,I,LVA,Latvia,A,Annual,LFEXP,Life expectancy,Y,Years,Y0,0 years,_T,Total,_Z,Not applicable,_Z,Not applicable,_Z,Not applicable,_Z,Not applicable,_Z,Not applicable,_Z,Not applicable,_Z,Not applicable,2016,,74.9,,,,,,,,,,,
DATAFLOW,OECD.ELS.HD:DSD_HEALTH_STAT@DF_LE(1.0),Life expectancy,I,LVA,Latvia,A,Annual,LFEXP,Life expectancy,Y,Years,Y0,0 years,_T,Total,_Z,Not applicable,_Z,Not applicable,_Z,Not applicable,_Z,Not applicable,_Z,Not applicable,_Z,Not applicable,_Z,Not applicable,2017,,74.9,,,,,,,,,,,
DATAFLOW,OECD.ELS.HD:DSD_HEALTH_STAT@DF_LE(1.0),Life expectancy,I,LVA,Latvia,A,Annual,LFEXP,Life expectancy,Y,Years,Y0,0 years,_T,Total,_Z,Not applicable,_Z,Not applicable,_Z,Not applicable,_Z,Not applicable,_Z,Not applicable,_Z,Not applicable,_Z,Not applicable,2018,,75.1,,,,,,,,,,,
DATAFLOW,OECD.ELS.HD:DSD_HEALTH_STAT@DF_LE(1.0),Life expectancy,I,LVA,Latvia,A,Annual,LFEXP,Life expectancy,Y,Years,Y0,0 years,_T,Total,_Z,Not applicable,_Z,Not applicable,_Z,Not applicable,_Z,Not applicable,_Z,Not applicable,_Z,Not applicable,_Z,Not applicable,2019,,75.7,,,,,,,,,,,
DATAFLOW,OECD.ELS.HD:DSD_HEALTH_STAT@DF_LE(1.0),Life expectancy,I,LVA,Latvia,A,Annual,LFEXP,Life expectancy,Y,Years,Y0,0 years,_T,Total,_Z,Not applicable,_Z,Not applicable,_Z,Not applicable,_Z,Not applicable,_Z,Not applicable,_Z,Not applicable,_Z,Not applicable,2020,,75.5,,,,,,,,,,,
DATAFLOW,OECD.ELS.HD:DSD_HEALTH_STAT@DF_LE(1.0),Life expectancy,I,LVA,Latvia,A,Annual,LFEXP,Life expectancy,Y,Years,Y0,0 years,_T,Total,_Z,Not applicable,_Z,Not applicable,_Z,Not applicable,_Z,Not applicable,_Z,Not applicable,_Z,Not applicable,_Z,Not applicable,2021,,73.1,,,,,,,,,,,
DATAFLOW,OECD.ELS.HD:DSD_HEALTH_STAT@DF_LE(1.0),Life expectancy,I,LVA,Latvia,A,Annual,LFEXP,Life expectancy,Y,Years,Y0,0 years,_T,Total,_Z,Not applicable,_Z,Not applicable,_Z,Not applicable,_Z,Not applicable,_Z,Not applicable,_Z,Not applicable,_Z,Not applicable,2022,,74.5,,,,,,,,,,,
DATAFLOW,OECD.ELS.HD:DSD_HEALTH_STAT@DF_LE(1.0),Life expectancy,I,LTU,Lithuania,A,Annual,LFEXP,Life expectancy,Y,Years,Y0,0 years,_T,Total,_Z,Not applicable,_Z,Not applicable,_Z,Not applicable,_Z,Not applicable,_Z,Not applicable,_Z,Not applicable,_Z,Not applicable,2000,,72.1,,,,,,,,,,,
DATAFLOW,OECD.ELS.HD:DSD_HEALTH_STAT@DF_LE(1.0),Life expectancy,I,LTU,Lithuania,A,Annual,LFEXP,Life expectancy,Y,Years,Y0,0 years,_T,Total,_Z,Not applicable,_Z,Not applicable,_Z,Not applicable,_Z,Not applicable,_Z,Not applicable,_Z,Not applicable,_Z,Not applicable,2001,,71.6,,,,,,,,,,,
DATAFLOW,OECD.ELS.HD:DSD_HEALTH_STAT@DF_LE(1.0),Life expectancy,I,LTU,Lithuania,A,Annual,LFEXP,Life expectancy,Y,Years,Y0,0 years,_T,Total,_Z,Not applicable,_Z,Not applicable,_Z,Not applicable,_Z,Not applicable,_Z,Not applicable,_Z,Not applicable,_Z,Not applicable,2002,,71.8,,,,,,,,,,,
DATAFLOW,OECD.ELS.HD:DSD_HEALTH_STAT@DF_LE(1.0),Life expectancy,I,LTU,Lithuania,A,Annual,LFEXP,Life expectancy,Y,Years,Y0,0 years,_T,Total,_Z,Not applicable,_Z,Not applicable,_Z,Not applicable,_Z,Not applicable,_Z,Not applicable,_Z,Not applicable,_Z,Not applicable,2003,,72,,,,,,,,,,,
DATAFLOW,OECD.ELS.HD:DSD_HEALTH_STAT@DF_LE(1.0),Life expectancy,I,LTU,Lithuania,A,Annual,LFEXP,Life expectancy,Y,Years,Y0,0 years,_T,Total,_Z,Not applicable,_Z,Not applicable,_Z,Not applicable,_Z,Not applicable,_Z,Not applicable,_Z,Not applicable,_Z,Not applicable,2004,,72,,,,,,,,,,,
DATAFLOW,OECD.ELS.HD:DSD_HEALTH_STAT@DF_LE(1.0),Life expectancy,I,LTU,Lithuania,A,Annual,LFEXP,Life expectancy,Y,Years,Y0,0 years,_T,Total,_Z,Not applicable,_Z,Not applicable,_Z,Not applicable,_Z,Not applicable,_Z,Not applicable,_Z,Not applicable,_Z,Not applicable,2005,,71.2,,,,,,,,,,,
DATAFLOW,OECD.ELS.HD:DSD_HEALTH_STAT@DF_LE(1.0),Life expectancy,I,LTU,Lithuania,A,Annual,LFEXP,Life expectancy,Y,Years,Y0,0 years,_T,Total,_Z,Not applicable,_Z,Not applicable,_Z,Not applicable,_Z,Not applicable,_Z,Not applicable,_Z,Not applicable,_Z,Not applicable,2006,,71,,,,,,,,,,,
DATAFLOW,OECD.ELS.HD:DSD_HEALTH_STAT@DF_LE(1.0),Life expectancy,I,LTU,Lithuania,A,Annual,LFEXP,Life expectancy,Y,Years,Y0,0 years,_T,Total,_Z,Not applicable,_Z,Not applicable,_Z,Not applicable,_Z,Not applicable,_Z,Not applicable,_Z,Not applicable,_Z,Not applicable,2007,,70.7,,,,,,,,,,,
DATAFLOW,OECD.ELS.HD:DSD_HEALTH_STAT@DF_LE(1.0),Life expectancy,I,LTU,Lithuania,A,Annual,LFEXP,Life expectancy,Y,Years,Y0,0 years,_T,Total,_Z,Not applicable,_Z,Not applicable,_Z,Not applicable,_Z,Not applicable,_Z,Not applicable,_Z,Not applicable,_Z,Not applicable,2008,,71.7,,,,,,,,,,,
DATAFLOW,OECD.ELS.HD:DSD_HEALTH_STAT@DF_LE(1.0),Life expectancy,I,LTU,Lithuania,A,Annual,LFEXP,Life expectancy,Y,Years,Y0,0 years,_T,Total,_Z,Not applicable,_Z,Not applicable,_Z,Not applicable,_Z,Not applicable,_Z,Not applicable,_Z,Not applicable,_Z,Not applicable,2009,,72.9,,,,,,,,,,,
DATAFLOW,OECD.ELS.HD:DSD_HEALTH_STAT@DF_LE(1.0),Life expectancy,I,LTU,Lithuania,A,Annual,LFEXP,Life expectancy,Y,Years,Y0,0 years,_T,Total,_Z,Not applicable,_Z,Not applicable,_Z,Not applicable,_Z,Not applicable,_Z,Not applicable,_Z,Not applicable,_Z,Not applicable,2010,,73.3,,,,,,,,,,,
DATAFLOW,OECD.ELS.HD:DSD_HEALTH_STAT@DF_LE(1.0),Life expectancy,I,LTU,Lithuania,A,Annual,LFEXP,Life expectancy,Y,Years,Y0,0 years,_T,Total,_Z,Not applicable,_Z,Not applicable,_Z,Not applicable,_Z,Not applicable,_Z,Not applicable,_Z,Not applicable,_Z,Not applicable,2011,,73.7,,,,,,,,,,,
DATAFLOW,OECD.ELS.HD:DSD_HEALTH_STAT@DF_LE(1.0),Life expectancy,I,LTU,Lithuania,A,Annual,LFEXP,Life expectancy,Y,Years,Y0,0 years,_T,Total,_Z,Not applicable,_Z,Not applicable,_Z,Not applicable,_Z,Not applicable,_Z,Not applicable,_Z,Not applicable,_Z,Not applicable,2012,,74.1,,,,,,,,,,,
DATAFLOW,OECD.ELS.HD:DSD_HEALTH_STAT@DF_LE(1.0),Life expectancy,I,LTU,Lithuania,A,Annual,LFEXP,Life expectancy,Y,Years,Y0,0 years,_T,Total,_Z,Not applicable,_Z,Not applicable,_Z,Not applicable,_Z,Not applicable,_Z,Not applicable,_Z,Not applicable,_Z,Not applicable,2013,,74.1,,,,,,,,,,,
DATAFLOW,OECD.ELS.HD:DSD_HEALTH_STAT@DF_LE(1.0),Life expectancy,I,LTU,Lithuania,A,Annual,LFEXP,Life expectancy,Y,Years,Y0,0 years,_T,Total,_Z,Not applicable,_Z,Not applicable,_Z,Not applicable,_Z,Not applicable,_Z,Not applicable,_Z,Not applicable,_Z,Not applicable,2014,,74.7,,,,,,,,,,,
DATAFLOW,OECD.ELS.HD:DSD_HEALTH_STAT@DF_LE(1.0),Life expectancy,I,LTU,Lithuania,A,Annual,LFEXP,Life expectancy,Y,Years,Y0,0 years,_T,Total,_Z,Not applicable,_Z,Not applicable,_Z,Not applicable,_Z,Not applicable,_Z,Not applicable,_Z,Not applicable,_Z,Not applicable,2015,,74.6,,,,,,,,,,,
DATAFLOW,OECD.ELS.HD:DSD_HEALTH_STAT@DF_LE(1.0),Life expectancy,I,LTU,Lithuania,A,Annual,LFEXP,Life expectancy,Y,Years,Y0,0 years,_T,Total,_Z,Not applicable,_Z,Not applicable,_Z,Not applicable,_Z,Not applicable,_Z,Not applicable,_Z,Not applicable,_Z,Not applicable,2016,,74.9,,,,,,,,,,,
DATAFLOW,OECD.ELS.HD:DSD_HEALTH_STAT@DF_LE(1.0),Life expectancy,I,LTU,Lithuania,A,Annual,LFEXP,Life expectancy,Y,Years,Y0,0 years,_T,Total,_Z,Not applicable,_Z,Not applicable,_Z,Not applicable,_Z,Not applicable,_Z,Not applicable,_Z,Not applicable,_Z,Not applicable,2017,,75.8,,,,,,,,,,,
DATAFLOW,OECD.ELS.HD:DSD_HEALTH_STAT@DF_LE(1.0),Life expectancy,I,LTU,Lithuania,A,Annual,LFEXP,Life expectancy,Y,Years,Y0,0 years,_T,Total,_Z,Not applicable,_Z,Not applicable,_Z,Not applicable,_Z,Not applicable,_Z,Not applicable,_Z,Not applicable,_Z,Not applicable,2018,,76,,,,,,,,,,,
DATAFLOW,OECD.ELS.HD:DSD_HEALTH_STAT@DF_LE(1.0),Life expectancy,I,LTU,Lithuania,A,Annual,LFEXP,Life expectancy,Y,Years,Y0,0 years,_T,Total,_Z,Not applicable,_Z,Not applicable,_Z,Not applicable,_Z,Not applicable,_Z,Not applicable,_Z,Not applicable,_Z,Not applicable,2019,,76.5,,,,,,,,,,,
DATAFLOW,OECD.ELS.HD:DSD_HEALTH_STAT@DF_LE(1.0),Life expectancy,I,LTU,Lithuania,A,Annual,LFEXP,Life expectancy,Y,Years,Y0,0 years,_T,Total,_Z,Not applicable,_Z,Not applicable,_Z,Not applicable,_Z,Not applicable,_Z,Not applicable,_Z,Not applicable,_Z,Not applicable,2021,,74.2,,,,,,,,,,,
DATAFLOW,OECD.ELS.HD:DSD_HEALTH_STAT@DF_LE(1.0),Life expectancy,I,LTU,Lithuania,A,Annual,LFEXP,Life expectancy,Y,Years,Y0,0 years,_T,Total,_Z,Not applicable,_Z,Not applicable,_Z,Not applicable,_Z,Not applicable,_Z,Not applicable,_Z,Not applicable,_Z,Not applicable,2022,,75.8,,,,,,,,,,,
DATAFLOW,OECD.ELS.HD:DSD_HEALTH_STAT@DF_LE(1.0),Life expectancy,I,LUX,Luxembourg,A,Annual,LFEXP,Life expectancy,Y,Years,Y0,0 years,_T,Total,_Z,Not applicable,_Z,Not applicable,_Z,Not applicable,_Z,Not applicable,_Z,Not applicable,_Z,Not applicable,_Z,Not applicable,2000,,78,,,,,,,,,,,
DATAFLOW,OECD.ELS.HD:DSD_HEALTH_STAT@DF_LE(1.0),Life expectancy,I,LUX,Luxembourg,A,Annual,LFEXP,Life expectancy,Y,Years,Y0,0 years,_T,Total,_Z,Not applicable,_Z,Not applicable,_Z,Not applicable,_Z,Not applicable,_Z,Not applicable,_Z,Not applicable,_Z,Not applicable,2001,,78,,,,,,,,,,,
DATAFLOW,OECD.ELS.HD:DSD_HEALTH_STAT@DF_LE(1.0),Life expectancy,I,LUX,Luxembourg,A,Annual,LFEXP,Life expectancy,Y,Years,Y0,0 years,_T,Total,_Z,Not applicable,_Z,Not applicable,_Z,Not applicable,_Z,Not applicable,_Z,Not applicable,_Z,Not applicable,_Z,Not applicable,2002,,78.1,,,,,,,,,,,
DATAFLOW,OECD.ELS.HD:DSD_HEALTH_STAT@DF_LE(1.0),Life expectancy,I,LUX,Luxembourg,A,Annual,LFEXP,Life expectancy,Y,Years,Y0,0 years,_T,Total,_Z,Not applicable,_Z,Not applicable,_Z,Not applicable,_Z,Not applicable,_Z,Not applicable,_Z,Not applicable,_Z,Not applicable,2003,,77.9,,,,,,,,,,,
DATAFLOW,OECD.ELS.HD:DSD_HEALTH_STAT@DF_LE(1.0),Life expectancy,I,LUX,Luxembourg,A,Annual,LFEXP,Life expectancy,Y,Years,Y0,0 years,_T,Total,_Z,Not applicable,_Z,Not applicable,_Z,Not applicable,_Z,Not applicable,_Z,Not applicable,_Z,Not applicable,_Z,Not applicable,2004,,79.2,,,,,,,,,,,
DATAFLOW,OECD.ELS.HD:DSD_HEALTH_STAT@DF_LE(1.0),Life expectancy,I,LUX,Luxembourg,A,Annual,LFEXP,Life expectancy,Y,Years,Y0,0 years,_T,Total,_Z,Not applicable,_Z,Not applicable,_Z,Not applicable,_Z,Not applicable,_Z,Not applicable,_Z,Not applicable,_Z,Not applicable,2005,,79.6,,,,,,,,,,,
DATAFLOW,OECD.ELS.HD:DSD_HEALTH_STAT@DF_LE(1.0),Life expectancy,I,LUX,Luxembourg,A,Annual,LFEXP,Life expectancy,Y,Years,Y0,0 years,_T,Total,_Z,Not applicable,_Z,Not applicable,_Z,Not applicable,_Z,Not applicable,_Z,Not applicable,_Z,Not applicable,_Z,Not applicable,2006,,79.4,,,,,,,,,,,
DATAFLOW,OECD.ELS.HD:DSD_HEALTH_STAT@DF_LE(1.0),Life expectancy,I,LUX,Luxembourg,A,Annual,LFEXP,Life expectancy,Y,Years,Y0,0 years,_T,Total,_Z,Not applicable,_Z,Not applicable,_Z,Not applicable,_Z,Not applicable,_Z,Not applicable,_Z,Not applicable,_Z,Not applicable,2007,,79.5,,,,,,,,,,,
DATAFLOW,OECD.ELS.HD:DSD_HEALTH_STAT@DF_LE(1.0),Life expectancy,I,LUX,Luxembourg,A,Annual,LFEXP,Life expectancy,Y,Years,Y0,0 years,_T,Total,_Z,Not applicable,_Z,Not applicable,_Z,Not applicable,_Z,Not applicable,_Z,Not applicable,_Z,Not applicable,_Z,Not applicable,2008,,80.7,,,,,,,,,,,
DATAFLOW,OECD.ELS.HD:DSD_HEALTH_STAT@DF_LE(1.0),Life expectancy,I,LUX,Luxembourg,A,Annual,LFEXP,Life expectancy,Y,Years,Y0,0 years,_T,Total,_Z,Not applicable,_Z,Not applicable,_Z,Not applicable,_Z,Not applicable,_Z,Not applicable,_Z,Not applicable,_Z,Not applicable,2009,,80.8,,,,,,,,,,,
DATAFLOW,OECD.ELS.HD:DSD_HEALTH_STAT@DF_LE(1.0),Life expectancy,I,LUX,Luxembourg,A,Annual,LFEXP,Life expectancy,Y,Years,Y0,0 years,_T,Total,_Z,Not applicable,_Z,Not applicable,_Z,Not applicable,_Z,Not applicable,_Z,Not applicable,_Z,Not applicable,_Z,Not applicable,2010,,80.8,,,,,,,,,,,
DATAFLOW,OECD.ELS.HD:DSD_HEALTH_STAT@DF_LE(1.0),Life expectancy,I,LUX,Luxembourg,A,Annual,LFEXP,Life expectancy,Y,Years,Y0,0 years,_T,Total,_Z,Not applicable,_Z,Not applicable,_Z,Not applicable,_Z,Not applicable,_Z,Not applicable,_Z,Not applicable,_Z,Not applicable,2011,,81.1,,,,,,,,,,,
DATAFLOW,OECD.ELS.HD:DSD_HEALTH_STAT@DF_LE(1.0),Life expectancy,I,LUX,Luxembourg,A,Annual,LFEXP,Life expectancy,Y,Years,Y0,0 years,_T,Total,_Z,Not applicable,_Z,Not applicable,_Z,Not applicable,_Z,Not applicable,_Z,Not applicable,_Z,Not applicable,_Z,Not applicable,2012,,81.5,,,,,,,,,,,
DATAFLOW,OECD.ELS.HD:DSD_HEALTH_STAT@DF_LE(1.0),Life expectancy,I,LUX,Luxembourg,A,Annual,LFEXP,Life expectancy,Y,Years,Y0,0 years,_T,Total,_Z,Not applicable,_Z,Not applicable,_Z,Not applicable,_Z,Not applicable,_Z,Not applicable,_Z,Not applicable,_Z,Not applicable,2013,,81.9,,,,,,,,,,,
DATAFLOW,OECD.ELS.HD:DSD_HEALTH_STAT@DF_LE(1.0),Life expectancy,I,LUX,Luxembourg,A,Annual,LFEXP,Life expectancy,Y,Years,Y0,0 years,_T,Total,_Z,Not applicable,_Z,Not applicable,_Z,Not applicable,_Z,Not applicable,_Z,Not applicable,_Z,Not applicable,_Z,Not applicable,2014,,82.3,,,,,,,,,,,
DATAFLOW,OECD.ELS.HD:DSD_HEALTH_STAT@DF_LE(1.0),Life expectancy,I,LUX,Luxembourg,A,Annual,LFEXP,Life expectancy,Y,Years,Y0,0 years,_T,Total,_Z,Not applicable,_Z,Not applicable,_Z,Not applicable,_Z,Not applicable,_Z,Not applicable,_Z,Not applicable,_Z,Not applicable,2015,,82.4,,,,,,,,,,,
DATAFLOW,OECD.ELS.HD:DSD_HEALTH_STAT@DF_LE(1.0),Life expectancy,I,LUX,Luxembourg,A,Annual,LFEXP,Life expectancy,Y,Years,Y0,0 years,_T,Total,_Z,Not applicable,_Z,Not applicable,_Z,Not applicable,_Z,Not applicable,_Z,Not applicable,_Z,Not applicable,_Z,Not applicable,2016,,82.7,,,,,,,,,,,
DATAFLOW,OECD.ELS.HD:DSD_HEALTH_STAT@DF_LE(1.0),Life expectancy,I,LUX,Luxembourg,A,Annual,LFEXP,Life expectancy,Y,Years,Y0,0 years,_T,Total,_Z,Not applicable,_Z,Not applicable,_Z,Not applicable,_Z,Not applicable,_Z,Not applicable,_Z,Not applicable,_Z,Not applicable,2017,,82.1,,,,,,,,,,,
DATAFLOW,OECD.ELS.HD:DSD_HEALTH_STAT@DF_LE(1.0),Life expectancy,I,LUX,Luxembourg,A,Annual,LFEXP,Life expectancy,Y,Years,Y0,0 years,_T,Total,_Z,Not applicable,_Z,Not applicable,_Z,Not applicable,_Z,Not applicable,_Z,Not applicable,_Z,Not applicable,_Z,Not applicable,2018,,82.3,,,,,,,,,,,
DATAFLOW,OECD.ELS.HD:DSD_HEALTH_STAT@DF_LE(1.0),Life expectancy,I,LUX,Luxembourg,A,Annual,LFEXP,Life expectancy,Y,Years,Y0,0 years,_T,Total,_Z,Not applicable,_Z,Not applicable,_Z,Not applicable,_Z,Not applicable,_Z,Not applicable,_Z,Not applicable,_Z,Not applicable,2019,,82.7,,,,,,,,,,,
DATAFLOW,OECD.ELS.HD:DSD_HEALTH_STAT@DF_LE(1.0),Life expectancy,I,LUX,Luxembourg,A,Annual,LFEXP,Life expectancy,Y,Years,Y0,0 years,_T,Total,_Z,Not applicable,_Z,Not applicable,_Z,Not applicable,_Z,Not applicable,_Z,Not applicable,_Z,Not applicable,_Z,Not applicable,2020,,82.2,,,,,,,,,,,
DATAFLOW,OECD.ELS.HD:DSD_HEALTH_STAT@DF_LE(1.0),Life expectancy,I,LUX,Luxembourg,A,Annual,LFEXP,Life expectancy,Y,Years,Y0,0 years,_T,Total,_Z,Not applicable,_Z,Not applicable,_Z,Not applicable,_Z,Not applicable,_Z,Not applicable,_Z,Not applicable,_Z,Not applicable,2021,,82.7,,,,,,,,,,,
DATAFLOW,OECD.ELS.HD:DSD_HEALTH_STAT@DF_LE(1.0),Life expectancy,I,LUX,Luxembourg,A,Annual,LFEXP,Life expectancy,Y,Years,Y0,0 years,_T,Total,_Z,Not applicable,_Z,Not applicable,_Z,Not applicable,_Z,Not applicable,_Z,Not applicable,_Z,Not applicable,_Z,Not applicable,2022,,83,,,,,,,,,,,
DATAFLOW,OECD.ELS.HD:DSD_HEALTH_STAT@DF_LE(1.0),Life expectancy,I,LUX,Luxembourg,A,Annual,LFEXP,Life expectancy,Y,Years,Y0,0 years,_T,Total,_Z,Not applicable,_Z,Not applicable,_Z,Not applicable,_Z,Not applicable,_Z,Not applicable,_Z,Not applicable,_Z,Not applicable,2023,,83.4,,,,,,,,,,,
DATAFLOW,OECD.ELS.HD:DSD_HEALTH_STAT@DF_LE(1.0),Life expectancy,I,MEX,Mexico,A,Annual,LFEXP,Life expectancy,Y,Years,Y0,0 years,_T,Total,_Z,Not applicable,_Z,Not applicable,_Z,Not applicable,_Z,Not applicable,_Z,Not applicable,_Z,Not applicable,_Z,Not applicable,2000,,74.7,,,,,,,,,,,
DATAFLOW,OECD.ELS.HD:DSD_HEALTH_STAT@DF_LE(1.0),Life expectancy,I,MEX,Mexico,A,Annual,LFEXP,Life expectancy,Y,Years,Y0,0 years,_T,Total,_Z,Not applicable,_Z,Not applicable,_Z,Not applicable,_Z,Not applicable,_Z,Not applicable,_Z,Not applicable,_Z,Not applicable,2001,,75,,,,,,,,,,,
DATAFLOW,OECD.ELS.HD:DSD_HEALTH_STAT@DF_LE(1.0),Life expectancy,I,MEX,Mexico,A,Annual,LFEXP,Life expectancy,Y,Years,Y0,0 years,_T,Total,_Z,Not applicable,_Z,Not applicable,_Z,Not applicable,_Z,Not applicable,_Z,Not applicable,_Z,Not applicable,_Z,Not applicable,2002,,75.1,,,,,,,,,,,
DATAFLOW,OECD.ELS.HD:DSD_HEALTH_STAT@DF_LE(1.0),Life expectancy,I,MEX,Mexico,A,Annual,LFEXP,Life expectancy,Y,Years,Y0,0 years,_T,Total,_Z,Not applicable,_Z,Not applicable,_Z,Not applicable,_Z,Not applicable,_Z,Not applicable,_Z,Not applicable,_Z,Not applicable,2003,,75.1,,,,,,,,,,,
DATAFLOW,OECD.ELS.HD:DSD_HEALTH_STAT@DF_LE(1.0),Life expectancy,I,MEX,Mexico,A,Annual,LFEXP,Life expectancy,Y,Years,Y0,0 years,_T,Total,_Z,Not applicable,_Z,Not applicable,_Z,Not applicable,_Z,Not applicable,_Z,Not applicable,_Z,Not applicable,_Z,Not applicable,2004,,75.4,,,,,,,,,,,
DATAFLOW,OECD.ELS.HD:DSD_HEALTH_STAT@DF_LE(1.0),Life expectancy,I,MEX,Mexico,A,Annual,LFEXP,Life expectancy,Y,Years,Y0,0 years,_T,Total,_Z,Not applicable,_Z,Not applicable,_Z,Not applicable,_Z,Not applicable,_Z,Not applicable,_Z,Not applicable,_Z,Not applicable,2005,,75.2,,,,,,,,,,,
DATAFLOW,OECD.ELS.HD:DSD_HEALTH_STAT@DF_LE(1.0),Life expectancy,I,MEX,Mexico,A,Annual,LFEXP,Life expectancy,Y,Years,Y0,0 years,_T,Total,_Z,Not applicable,_Z,Not applicable,_Z,Not applicable,_Z,Not applicable,_Z,Not applicable,_Z,Not applicable,_Z,Not applicable,2006,,75.5,,,,,,,,,,,
DATAFLOW,OECD.ELS.HD:DSD_HEALTH_STAT@DF_LE(1.0),Life expectancy,I,MEX,Mexico,A,Annual,LFEXP,Life expectancy,Y,Years,Y0,0 years,_T,Total,_Z,Not applicable,_Z,Not applicable,_Z,Not applicable,_Z,Not applicable,_Z,Not applicable,_Z,Not applicable,_Z,Not applicable,2007,,75.4,,,,,,,,,,,
DATAFLOW,OECD.ELS.HD:DSD_HEALTH_STAT@DF_LE(1.0),Life expectancy,I,MEX,Mexico,A,Annual,LFEXP,Life expectancy,Y,Years,Y0,0 years,_T,Total,_Z,Not applicable,_Z,Not applicable,_Z,Not applicable,_Z,Not applicable,_Z,Not applicable,_Z,Not applicable,_Z,Not applicable,2008,,75.2,,,,,,,,,,,
DATAFLOW,OECD.ELS.HD:DSD_HEALTH_STAT@DF_LE(1.0),Life expectancy,I,MEX,Mexico,A,Annual,LFEXP,Life expectancy,Y,Years,Y0,0 years,_T,Total,_Z,Not applicable,_Z,Not applicable,_Z,Not applicable,_Z,Not applicable,_Z,Not applicable,_Z,Not applicable,_Z,Not applicable,2009,,74.9,,,,,,,,,,,
DATAFLOW,OECD.ELS.HD:DSD_HEALTH_STAT@DF_LE(1.0),Life expectancy,I,MEX,Mexico,A,Annual,LFEXP,Life expectancy,Y,Years,Y0,0 years,_T,Total,_Z,Not applicable,_Z,Not applicable,_Z,Not applicable,_Z,Not applicable,_Z,Not applicable,_Z,Not applicable,_Z,Not applicable,2010,,74.3,,,,,,,,,,,
DATAFLOW,OECD.ELS.HD:DSD_HEALTH_STAT@DF_LE(1.0),Life expectancy,I,MEX,Mexico,A,Annual,LFEXP,Life expectancy,Y,Years,Y0,0 years,_T,Total,_Z,Not applicable,_Z,Not applicable,_Z,Not applicable,_Z,Not applicable,_Z,Not applicable,_Z,Not applicable,_Z,Not applicable,2011,,74.8,,,,,,,,,,,
DATAFLOW,OECD.ELS.HD:DSD_HEALTH_STAT@DF_LE(1.0),Life expectancy,I,MEX,Mexico,A,Annual,LFEXP,Life expectancy,Y,Years,Y0,0 years,_T,Total,_Z,Not applicable,_Z,Not applicable,_Z,Not applicable,_Z,Not applicable,_Z,Not applicable,_Z,Not applicable,_Z,Not applicable,2012,,74.9,,,,,,,,,,,
DATAFLOW,OECD.ELS.HD:DSD_HEALTH_STAT@DF_LE(1.0),Life expectancy,I,MEX,Mexico,A,Annual,LFEXP,Life expectancy,Y,Years,Y0,0 years,_T,Total,_Z,Not applicable,_Z,Not applicable,_Z,Not applicable,_Z,Not applicable,_Z,Not applicable,_Z,Not applicable,_Z,Not applicable,2013,,75.2,,,,,,,,,,,
DATAFLOW,OECD.ELS.HD:DSD_HEALTH_STAT@DF_LE(1.0),Life expectancy,I,MEX,Mexico,A,Annual,LFEXP,Life expectancy,Y,Years,Y0,0 years,_T,Total,_Z,Not applicable,_Z,Not applicable,_Z,Not applicable,_Z,Not applicable,_Z,Not applicable,_Z,Not applicable,_Z,Not applicable,2014,,75.1,,,,,,,,,,,
DATAFLOW,OECD.ELS.HD:DSD_HEALTH_STAT@DF_LE(1.0),Life expectancy,I,MEX,Mexico,A,Annual,LFEXP,Life expectancy,Y,Years,Y0,0 years,_T,Total,_Z,Not applicable,_Z,Not applicable,_Z,Not applicable,_Z,Not applicable,_Z,Not applicable,_Z,Not applicable,_Z,Not applicable,2015,,75.1,,,,,,,,,,,
DATAFLOW,OECD.ELS.HD:DSD_HEALTH_STAT@DF_LE(1.0),Life expectancy,I,MEX,Mexico,A,Annual,LFEXP,Life expectancy,Y,Years,Y0,0 years,_T,Total,_Z,Not applicable,_Z,Not applicable,_Z,Not applicable,_Z,Not applicable,_Z,Not applicable,_Z,Not applicable,_Z,Not applicable,2016,,74.8,,,,,,,,,,,
DATAFLOW,OECD.ELS.HD:DSD_HEALTH_STAT@DF_LE(1.0),Life expectancy,I,MEX,Mexico,A,Annual,LFEXP,Life expectancy,Y,Years,Y0,0 years,_T,Total,_Z,Not applicable,_Z,Not applicable,_Z,Not applicable,_Z,Not applicable,_Z,Not applicable,_Z,Not applicable,_Z,Not applicable,2017,,74.8,,,,,,,,,,,
DATAFLOW,OECD.ELS.HD:DSD_HEALTH_STAT@DF_LE(1.0),Life expectancy,I,MEX,Mexico,A,Annual,LFEXP,Life expectancy,Y,Years,Y0,0 years,_T,Total,_Z,Not applicable,_Z,Not applicable,_Z,Not applicable,_Z,Not applicable,_Z,Not applicable,_Z,Not applicable,_Z,Not applicable,2018,,74.9,,,,,,,,,,,
DATAFLOW,OECD.ELS.HD:DSD_HEALTH_STAT@DF_LE(1.0),Life expectancy,I,MEX,Mexico,A,Annual,LFEXP,Life expectancy,Y,Years,Y0,0 years,_T,Total,_Z,Not applicable,_Z,Not applicable,_Z,Not applicable,_Z,Not applicable,_Z,Not applicable,_Z,Not applicable,_Z,Not applicable,2019,,74.8,,,,,,,,,,,
DATAFLOW,OECD.ELS.HD:DSD_HEALTH_STAT@DF_LE(1.0),Life expectancy,I,MEX,Mexico,A,Annual,LFEXP,Life expectancy,Y,Years,Y0,0 years,_T,Total,_Z,Not applicable,_Z,Not applicable,_Z,Not applicable,_Z,Not applicable,_Z,Not applicable,_Z,Not applicable,_Z,Not applicable,2020,,68.9,,,,,,,,,,,
DATAFLOW,OECD.ELS.HD:DSD_HEALTH_STAT@DF_LE(1.0),Life expectancy,I,MEX,Mexico,A,Annual,LFEXP,Life expectancy,Y,Years,Y0,0 years,_T,Total,_Z,Not applicable,_Z,Not applicable,_Z,Not applicable,_Z,Not applicable,_Z,Not applicable,_Z,Not applicable,_Z,Not applicable,2021,,68.8,,,,,,,,,,,
DATAFLOW,OECD.ELS.HD:DSD_HEALTH_STAT@DF_LE(1.0),Life expectancy,I,MEX,Mexico,A,Annual,LFEXP,Life expectancy,Y,Years,Y0,0 years,_T,Total,_Z,Not applicable,_Z,Not applicable,_Z,Not applicable,_Z,Not applicable,_Z,Not applicable,_Z,Not applicable,_Z,Not applicable,2022,,75.2,,,,,,,,,,,
DATAFLOW,OECD.ELS.HD:DSD_HEALTH_STAT@DF_LE(1.0),Life expectancy,I,MEX,Mexico,A,Annual,LFEXP,Life expectancy,Y,Years,Y0,0 years,_T,Total,_Z,Not applicable,_Z,Not applicable,_Z,Not applicable,_Z,Not applicable,_Z,Not applicable,_Z,Not applicable,_Z,Not applicable,2023,,75.3,,,,,,,,,,,
DATAFLOW,OECD.ELS.HD:DSD_HEALTH_STAT@DF_LE(1.0),Life expectancy,I,NLD,Netherlands,A,Annual,LFEXP,Life expectancy,Y,Years,Y0,0 years,_T,Total,_Z,Not applicable,_Z,Not applicable,_Z,Not applicable,_Z,Not applicable,_Z,Not applicable,_Z,Not applicable,_Z,Not applicable,2000,,78.2,,,,,,,,,,,
DATAFLOW,OECD.ELS.HD:DSD_HEALTH_STAT@DF_LE(1.0),Life expectancy,I,NLD,Netherlands,A,Annual,LFEXP,Life expectancy,Y,Years,Y0,0 years,_T,Total,_Z,Not applicable,_Z,Not applicable,_Z,Not applicable,_Z,Not applicable,_Z,Not applicable,_Z,Not applicable,_Z,Not applicable,2001,,78.4,,,,,,,,,,,
DATAFLOW,OECD.ELS.HD:DSD_HEALTH_STAT@DF_LE(1.0),Life expectancy,I,NLD,Netherlands,A,Annual,LFEXP,Life expectancy,Y,Years,Y0,0 years,_T,Total,_Z,Not applicable,_Z,Not applicable,_Z,Not applicable,_Z,Not applicable,_Z,Not applicable,_Z,Not applicable,_Z,Not applicable,2002,,78.5,,,,,,,,,,,
DATAFLOW,OECD.ELS.HD:DSD_HEALTH_STAT@DF_LE(1.0),Life expectancy,I,NLD,Netherlands,A,Annual,LFEXP,Life expectancy,Y,Years,Y0,0 years,_T,Total,_Z,Not applicable,_Z,Not applicable,_Z,Not applicable,_Z,Not applicable,_Z,Not applicable,_Z,Not applicable,_Z,Not applicable,2003,,78.7,,,,,,,,,,,
DATAFLOW,OECD.ELS.HD:DSD_HEALTH_STAT@DF_LE(1.0),Life expectancy,I,NLD,Netherlands,A,Annual,LFEXP,Life expectancy,Y,Years,Y0,0 years,_T,Total,_Z,Not applicable,_Z,Not applicable,_Z,Not applicable,_Z,Not applicable,_Z,Not applicable,_Z,Not applicable,_Z,Not applicable,2004,,79.3,,,,,,,,,,,
DATAFLOW,OECD.ELS.HD:DSD_HEALTH_STAT@DF_LE(1.0),Life expectancy,I,NLD,Netherlands,A,Annual,LFEXP,Life expectancy,Y,Years,Y0,0 years,_T,Total,_Z,Not applicable,_Z,Not applicable,_Z,Not applicable,_Z,Not applicable,_Z,Not applicable,_Z,Not applicable,_Z,Not applicable,2005,,79.6,,,,,,,,,,,
DATAFLOW,OECD.ELS.HD:DSD_HEALTH_STAT@DF_LE(1.0),Life expectancy,I,NLD,Netherlands,A,Annual,LFEXP,Life expectancy,Y,Years,Y0,0 years,_T,Total,_Z,Not applicable,_Z,Not applicable,_Z,Not applicable,_Z,Not applicable,_Z,Not applicable,_Z,Not applicable,_Z,Not applicable,2006,,80,,,,,,,,,,,
DATAFLOW,OECD.ELS.HD:DSD_HEALTH_STAT@DF_LE(1.0),Life expectancy,I,NLD,Netherlands,A,Annual,LFEXP,Life expectancy,Y,Years,Y0,0 years,_T,Total,_Z,Not applicable,_Z,Not applicable,_Z,Not applicable,_Z,Not applicable,_Z,Not applicable,_Z,Not applicable,_Z,Not applicable,2007,,80.4,,,,,,,,,,,
DATAFLOW,OECD.ELS.HD:DSD_HEALTH_STAT@DF_LE(1.0),Life expectancy,I,NLD,Netherlands,A,Annual,LFEXP,Life expectancy,Y,Years,Y0,0 years,_T,Total,_Z,Not applicable,_Z,Not applicable,_Z,Not applicable,_Z,Not applicable,_Z,Not applicable,_Z,Not applicable,_Z,Not applicable,2008,,80.5,,,,,,,,,,,
DATAFLOW,OECD.ELS.HD:DSD_HEALTH_STAT@DF_LE(1.0),Life expectancy,I,NLD,Netherlands,A,Annual,LFEXP,Life expectancy,Y,Years,Y0,0 years,_T,Total,_Z,Not applicable,_Z,Not applicable,_Z,Not applicable,_Z,Not applicable,_Z,Not applicable,_Z,Not applicable,_Z,Not applicable,2009,,80.9,,,,,,,,,,,
DATAFLOW,OECD.ELS.HD:DSD_HEALTH_STAT@DF_LE(1.0),Life expectancy,I,NLD,Netherlands,A,Annual,LFEXP,Life expectancy,Y,Years,Y0,0 years,_T,Total,_Z,Not applicable,_Z,Not applicable,_Z,Not applicable,_Z,Not applicable,_Z,Not applicable,_Z,Not applicable,_Z,Not applicable,2010,,81,,,,,,,,,,,
DATAFLOW,OECD.ELS.HD:DSD_HEALTH_STAT@DF_LE(1.0),Life expectancy,I,NLD,Netherlands,A,Annual,LFEXP,Life expectancy,Y,Years,Y0,0 years,_T,Total,_Z,Not applicable,_Z,Not applicable,_Z,Not applicable,_Z,Not applicable,_Z,Not applicable,_Z,Not applicable,_Z,Not applicable,2011,,81.3,,,,,,,,,,,
DATAFLOW,OECD.ELS.HD:DSD_HEALTH_STAT@DF_LE(1.0),Life expectancy,I,NLD,Netherlands,A,Annual,LFEXP,Life expectancy,Y,Years,Y0,0 years,_T,Total,_Z,Not applicable,_Z,Not applicable,_Z,Not applicable,_Z,Not applicable,_Z,Not applicable,_Z,Not applicable,_Z,Not applicable,2012,,81.2,,,,,,,,,,,
DATAFLOW,OECD.ELS.HD:DSD_HEALTH_STAT@DF_LE(1.0),Life expectancy,I,NLD,Netherlands,A,Annual,LFEXP,Life expectancy,Y,Years,Y0,0 years,_T,Total,_Z,Not applicable,_Z,Not applicable,_Z,Not applicable,_Z,Not applicable,_Z,Not applicable,_Z,Not applicable,_Z,Not applicable,2013,,81.4,,,,,,,,,,,
DATAFLOW,OECD.ELS.HD:DSD_HEALTH_STAT@DF_LE(1.0),Life expectancy,I,NLD,Netherlands,A,Annual,LFEXP,Life expectancy,Y,Years,Y0,0 years,_T,Total,_Z,Not applicable,_Z,Not applicable,_Z,Not applicable,_Z,Not applicable,_Z,Not applicable,_Z,Not applicable,_Z,Not applicable,2014,,81.8,,,,,,,,,,,
DATAFLOW,OECD.ELS.HD:DSD_HEALTH_STAT@DF_LE(1.0),Life expectancy,I,NLD,Netherlands,A,Annual,LFEXP,Life expectancy,Y,Years,Y0,0 years,_T,Total,_Z,Not applicable,_Z,Not applicable,_Z,Not applicable,_Z,Not applicable,_Z,Not applicable,_Z,Not applicable,_Z,Not applicable,2015,,81.6,,,,,,,,,,,
DATAFLOW,OECD.ELS.HD:DSD_HEALTH_STAT@DF_LE(1.0),Life expectancy,I,NLD,Netherlands,A,Annual,LFEXP,Life expectancy,Y,Years,Y0,0 years,_T,Total,_Z,Not applicable,_Z,Not applicable,_Z,Not applicable,_Z,Not applicable,_Z,Not applicable,_Z,Not applicable,_Z,Not applicable,2016,,81.7,,,,,,,,,,,
DATAFLOW,OECD.ELS.HD:DSD_HEALTH_STAT@DF_LE(1.0),Life expectancy,I,NLD,Netherlands,A,Annual,LFEXP,Life expectancy,Y,Years,Y0,0 years,_T,Total,_Z,Not applicable,_Z,Not applicable,_Z,Not applicable,_Z,Not applicable,_Z,Not applicable,_Z,Not applicable,_Z,Not applicable,2017,,81.8,,,,,,,,,,,
DATAFLOW,OECD.ELS.HD:DSD_HEALTH_STAT@DF_LE(1.0),Life expectancy,I,NLD,Netherlands,A,Annual,LFEXP,Life expectancy,Y,Years,Y0,0 years,_T,Total,_Z,Not applicable,_Z,Not applicable,_Z,Not applicable,_Z,Not applicable,_Z,Not applicable,_Z,Not applicable,_Z,Not applicable,2018,,81.9,,,,,,,,,,,
DATAFLOW,OECD.ELS.HD:DSD_HEALTH_STAT@DF_LE(1.0),Life expectancy,I,NLD,Netherlands,A,Annual,LFEXP,Life expectancy,Y,Years,Y0,0 years,_T,Total,_Z,Not applicable,_Z,Not applicable,_Z,Not applicable,_Z,Not applicable,_Z,Not applicable,_Z,Not applicable,_Z,Not applicable,2019,,82.2,,,,,,,,,,,
DATAFLOW,OECD.ELS.HD:DSD_HEALTH_STAT@DF_LE(1.0),Life expectancy,I,NLD,Netherlands,A,Annual,LFEXP,Life expectancy,Y,Years,Y0,0 years,_T,Total,_Z,Not applicable,_Z,Not applicable,_Z,Not applicable,_Z,Not applicable,_Z,Not applicable,_Z,Not applicable,_Z,Not applicable,2020,,81.4,,,,,,,,,,,
DATAFLOW,OECD.ELS.HD:DSD_HEALTH_STAT@DF_LE(1.0),Life expectancy,I,NLD,Netherlands,A,Annual,LFEXP,Life expectancy,Y,Years,Y0,0 years,_T,Total,_Z,Not applicable,_Z,Not applicable,_Z,Not applicable,_Z,Not applicable,_Z,Not applicable,_Z,Not applicable,_Z,Not applicable,2021,,81.4,,,,,,,,,,,
DATAFLOW,OECD.ELS.HD:DSD_HEALTH_STAT@DF_LE(1.0),Life expectancy,I,NLD,Netherlands,A,Annual,LFEXP,Life expectancy,Y,Years,Y0,0 years,_T,Total,_Z,Not applicable,_Z,Not applicable,_Z,Not applicable,_Z,Not applicable,_Z,Not applicable,_Z,Not applicable,_Z,Not applicable,2022,,81.7,,,,,,,,,,,
DATAFLOW,OECD.ELS.HD:DSD_HEALTH_STAT@DF_LE(1.0),Life expectancy,I,NZL,New Zealand,A,Annual,LFEXP,Life expectancy,Y,Years,Y0,0 years,_T,Total,_Z,Not applicable,_Z,Not applicable,_Z,Not applicable,_Z,Not applicable,_Z,Not applicable,_Z,Not applicable,_Z,Not applicable,2018,,81.7,,,,,,,,,,,
DATAFLOW,OECD.ELS.HD:DSD_HEALTH_STAT@DF_LE(1.0),Life expectancy,I,NZL,New Zealand,A,Annual,LFEXP,Life expectancy,Y,Years,Y0,0 years,_T,Total,_Z,Not applicable,_Z,Not applicable,_Z,Not applicable,_Z,Not applicable,_Z,Not applicable,_Z,Not applicable,_Z,Not applicable,2019,,82.1,,,,,,,,,,,
DATAFLOW,OECD.ELS.HD:DSD_HEALTH_STAT@DF_LE(1.0),Life expectancy,I,NZL,New Zealand,A,Annual,LFEXP,Life expectancy,Y,Years,Y0,0 years,_T,Total,_Z,Not applicable,_Z,Not applicable,_Z,Not applicable,_Z,Not applicable,_Z,Not applicable,_Z,Not applicable,_Z,Not applicable,2020,,82.3,,,,,,,,,,,
DATAFLOW,OECD.ELS.HD:DSD_HEALTH_STAT@DF_LE(1.0),Life expectancy,I,NZL,New Zealand,A,Annual,LFEXP,Life expectancy,Y,Years,Y0,0 years,_T,Total,_Z,Not applicable,_Z,Not applicable,_Z,Not applicable,_Z,Not applicable,_Z,Not applicable,_Z,Not applicable,_Z,Not applicable,2021,,82.3,,,,,,,,,,,
DATAFLOW,OECD.ELS.HD:DSD_HEALTH_STAT@DF_LE(1.0),Life expectancy,I,NZL,New Zealand,A,Annual,LFEXP,Life expectancy,Y,Years,Y0,0 years,_T,Total,_Z,Not applicable,_Z,Not applicable,_Z,Not applicable,_Z,Not applicable,_Z,Not applicable,_Z,Not applicable,_Z,Not applicable,2022,,82,,,,,,,,,,,
DATAFLOW,OECD.ELS.HD:DSD_HEALTH_STAT@DF_LE(1.0),Life expectancy,I,NOR,Norway,A,Annual,LFEXP,Life expectancy,Y,Years,Y0,0 years,_T,Total,_Z,Not applicable,_Z,Not applicable,_Z,Not applicable,_Z,Not applicable,_Z,Not applicable,_Z,Not applicable,_Z,Not applicable,2000,,78.8,,,,,,,,,,,
DATAFLOW,OECD.ELS.HD:DSD_HEALTH_STAT@DF_LE(1.0),Life expectancy,I,NOR,Norway,A,Annual,LFEXP,Life expectancy,Y,Years,Y0,0 years,_T,Total,_Z,Not applicable,_Z,Not applicable,_Z,Not applicable,_Z,Not applicable,_Z,Not applicable,_Z,Not applicable,_Z,Not applicable,2001,,79,,,,,,,,,,,
DATAFLOW,OECD.ELS.HD:DSD_HEALTH_STAT@DF_LE(1.0),Life expectancy,I,NOR,Norway,A,Annual,LFEXP,Life expectancy,Y,Years,Y0,0 years,_T,Total,_Z,Not applicable,_Z,Not applicable,_Z,Not applicable,_Z,Not applicable,_Z,Not applicable,_Z,Not applicable,_Z,Not applicable,2002,,79,,,,,,,,,,,
DATAFLOW,OECD.ELS.HD:DSD_HEALTH_STAT@DF_LE(1.0),Life expectancy,I,NOR,Norway,A,Annual,LFEXP,Life expectancy,Y,Years,Y0,0 years,_T,Total,_Z,Not applicable,_Z,Not applicable,_Z,Not applicable,_Z,Not applicable,_Z,Not applicable,_Z,Not applicable,_Z,Not applicable,2003,,79.6,,,,,,,,,,,
DATAFLOW,OECD.ELS.HD:DSD_HEALTH_STAT@DF_LE(1.0),Life expectancy,I,NOR,Norway,A,Annual,LFEXP,Life expectancy,Y,Years,Y0,0 years,_T,Total,_Z,Not applicable,_Z,Not applicable,_Z,Not applicable,_Z,Not applicable,_Z,Not applicable,_Z,Not applicable,_Z,Not applicable,2004,,80.1,,,,,,,,,,,
DATAFLOW,OECD.ELS.HD:DSD_HEALTH_STAT@DF_LE(1.0),Life expectancy,I,NOR,Norway,A,Annual,LFEXP,Life expectancy,Y,Years,Y0,0 years,_T,Total,_Z,Not applicable,_Z,Not applicable,_Z,Not applicable,_Z,Not applicable,_Z,Not applicable,_Z,Not applicable,_Z,Not applicable,2005,,80.3,,,,,,,,,,,
DATAFLOW,OECD.ELS.HD:DSD_HEALTH_STAT@DF_LE(1.0),Life expectancy,I,NOR,Norway,A,Annual,LFEXP,Life expectancy,Y,Years,Y0,0 years,_T,Total,_Z,Not applicable,_Z,Not applicable,_Z,Not applicable,_Z,Not applicable,_Z,Not applicable,_Z,Not applicable,_Z,Not applicable,2006,,80.6,,,,,,,,,,,
DATAFLOW,OECD.ELS.HD:DSD_HEALTH_STAT@DF_LE(1.0),Life expectancy,I,NOR,Norway,A,Annual,LFEXP,Life expectancy,Y,Years,Y0,0 years,_T,Total,_Z,Not applicable,_Z,Not applicable,_Z,Not applicable,_Z,Not applicable,_Z,Not applicable,_Z,Not applicable,_Z,Not applicable,2007,,80.6,,,,,,,,,,,
DATAFLOW,OECD.ELS.HD:DSD_HEALTH_STAT@DF_LE(1.0),Life expectancy,I,NOR,Norway,A,Annual,LFEXP,Life expectancy,Y,Years,Y0,0 years,_T,Total,_Z,Not applicable,_Z,Not applicable,_Z,Not applicable,_Z,Not applicable,_Z,Not applicable,_Z,Not applicable,_Z,Not applicable,2008,,80.8,,,,,,,,,,,
DATAFLOW,OECD.ELS.HD:DSD_HEALTH_STAT@DF_LE(1.0),Life expectancy,I,NOR,Norway,A,Annual,LFEXP,Life expectancy,Y,Years,Y0,0 years,_T,Total,_Z,Not applicable,_Z,Not applicable,_Z,Not applicable,_Z,Not applicable,_Z,Not applicable,_Z,Not applicable,_Z,Not applicable,2009,,81,,,,,,,,,,,
DATAFLOW,OECD.ELS.HD:DSD_HEALTH_STAT@DF_LE(1.0),Life expectancy,I,NOR,Norway,A,Annual,LFEXP,Life expectancy,Y,Years,Y0,0 years,_T,Total,_Z,Not applicable,_Z,Not applicable,_Z,Not applicable,_Z,Not applicable,_Z,Not applicable,_Z,Not applicable,_Z,Not applicable,2010,,81.2,,,,,,,,,,,
DATAFLOW,OECD.ELS.HD:DSD_HEALTH_STAT@DF_LE(1.0),Life expectancy,I,NOR,Norway,A,Annual,LFEXP,Life expectancy,Y,Years,Y0,0 years,_T,Total,_Z,Not applicable,_Z,Not applicable,_Z,Not applicable,_Z,Not applicable,_Z,Not applicable,_Z,Not applicable,_Z,Not applicable,2011,,81.4,,,,,,,,,,,
DATAFLOW,OECD.ELS.HD:DSD_HEALTH_STAT@DF_LE(1.0),Life expectancy,I,NOR,Norway,A,Annual,LFEXP,Life expectancy,Y,Years,Y0,0 years,_T,Total,_Z,Not applicable,_Z,Not applicable,_Z,Not applicable,_Z,Not applicable,_Z,Not applicable,_Z,Not applicable,_Z,Not applicable,2012,,81.5,,,,,,,,,,,
DATAFLOW,OECD.ELS.HD:DSD_HEALTH_STAT@DF_LE(1.0),Life expectancy,I,NOR,Norway,A,Annual,LFEXP,Life expectancy,Y,Years,Y0,0 years,_T,Total,_Z,Not applicable,_Z,Not applicable,_Z,Not applicable,_Z,Not applicable,_Z,Not applicable,_Z,Not applicable,_Z,Not applicable,2013,,81.8,,,,,,,,,,,
DATAFLOW,OECD.ELS.HD:DSD_HEALTH_STAT@DF_LE(1.0),Life expectancy,I,NOR,Norway,A,Annual,LFEXP,Life expectancy,Y,Years,Y0,0 years,_T,Total,_Z,Not applicable,_Z,Not applicable,_Z,Not applicable,_Z,Not applicable,_Z,Not applicable,_Z,Not applicable,_Z,Not applicable,2014,,82.2,,,,,,,,,,,
DATAFLOW,OECD.ELS.HD:DSD_HEALTH_STAT@DF_LE(1.0),Life expectancy,I,NOR,Norway,A,Annual,LFEXP,Life expectancy,Y,Years,Y0,0 years,_T,Total,_Z,Not applicable,_Z,Not applicable,_Z,Not applicable,_Z,Not applicable,_Z,Not applicable,_Z,Not applicable,_Z,Not applicable,2015,,82.4,,,,,,,,,,,
DATAFLOW,OECD.ELS.HD:DSD_HEALTH_STAT@DF_LE(1.0),Life expectancy,I,NOR,Norway,A,Annual,LFEXP,Life expectancy,Y,Years,Y0,0 years,_T,Total,_Z,Not applicable,_Z,Not applicable,_Z,Not applicable,_Z,Not applicable,_Z,Not applicable,_Z,Not applicable,_Z,Not applicable,2016,,82.5,,,,,,,,,,,
DATAFLOW,OECD.ELS.HD:DSD_HEALTH_STAT@DF_LE(1.0),Life expectancy,I,NOR,Norway,A,Annual,LFEXP,Life expectancy,Y,Years,Y0,0 years,_T,Total,_Z,Not applicable,_Z,Not applicable,_Z,Not applicable,_Z,Not applicable,_Z,Not applicable,_Z,Not applicable,_Z,Not applicable,2017,,82.7,,,,,,,,,,,
DATAFLOW,OECD.ELS.HD:DSD_HEALTH_STAT@DF_LE(1.0),Life expectancy,I,NOR,Norway,A,Annual,LFEXP,Life expectancy,Y,Years,Y0,0 years,_T,Total,_Z,Not applicable,_Z,Not applicable,_Z,Not applicable,_Z,Not applicable,_Z,Not applicable,_Z,Not applicable,_Z,Not applicable,2018,,82.8,,,,,,,,,,,
DATAFLOW,OECD.ELS.HD:DSD_HEALTH_STAT@DF_LE(1.0),Life expectancy,I,NOR,Norway,A,Annual,LFEXP,Life expectancy,Y,Years,Y0,0 years,_T,Total,_Z,Not applicable,_Z,Not applicable,_Z,Not applicable,_Z,Not applicable,_Z,Not applicable,_Z,Not applicable,_Z,Not applicable,2019,,83,,,,,,,,,,,
DATAFLOW,OECD.ELS.HD:DSD_HEALTH_STAT@DF_LE(1.0),Life expectancy,I,NOR,Norway,A,Annual,LFEXP,Life expectancy,Y,Years,Y0,0 years,_T,Total,_Z,Not applicable,_Z,Not applicable,_Z,Not applicable,_Z,Not applicable,_Z,Not applicable,_Z,Not applicable,_Z,Not applicable,2020,,83.3,,,,,,,,,,,
DATAFLOW,OECD.ELS.HD:DSD_HEALTH_STAT@DF_LE(1.0),Life expectancy,I,NOR,Norway,A,Annual,LFEXP,Life expectancy,Y,Years,Y0,0 years,_T,Total,_Z,Not applicable,_Z,Not applicable,_Z,Not applicable,_Z,Not applicable,_Z,Not applicable,_Z,Not applicable,_Z,Not applicable,2021,,83.2,,,,,,,,,,,
DATAFLOW,OECD.ELS.HD:DSD_HEALTH_STAT@DF_LE(1.0),Life expectancy,I,POL,Poland,A,Annual,LFEXP,Life expectancy,Y,Years,Y0,0 years,_T,Total,_Z,Not applicable,_Z,Not applicable,_Z,Not applicable,_Z,Not applicable,_Z,Not applicable,_Z,Not applicable,_Z,Not applicable,2000,,73.8,,,,,,,,,,,
DATAFLOW,OECD.ELS.HD:DSD_HEALTH_STAT@DF_LE(1.0),Life expectancy,I,POL,Poland,A,Annual,LFEXP,Life expectancy,Y,Years,Y0,0 years,_T,Total,_Z,Not applicable,_Z,Not applicable,_Z,Not applicable,_Z,Not applicable,_Z,Not applicable,_Z,Not applicable,_Z,Not applicable,2001,,74.2,,,,,,,,,,,
DATAFLOW,OECD.ELS.HD:DSD_HEALTH_STAT@DF_LE(1.0),Life expectancy,I,POL,Poland,A,Annual,LFEXP,Life expectancy,Y,Years,Y0,0 years,_T,Total,_Z,Not applicable,_Z,Not applicable,_Z,Not applicable,_Z,Not applicable,_Z,Not applicable,_Z,Not applicable,_Z,Not applicable,2002,,74.5,,,,,,,,,,,
DATAFLOW,OECD.ELS.HD:DSD_HEALTH_STAT@DF_LE(1.0),Life expectancy,I,POL,Poland,A,Annual,LFEXP,Life expectancy,Y,Years,Y0,0 years,_T,Total,_Z,Not applicable,_Z,Not applicable,_Z,Not applicable,_Z,Not applicable,_Z,Not applicable,_Z,Not applicable,_Z,Not applicable,2003,,74.7,,,,,,,,,,,
DATAFLOW,OECD.ELS.HD:DSD_HEALTH_STAT@DF_LE(1.0),Life expectancy,I,POL,Poland,A,Annual,LFEXP,Life expectancy,Y,Years,Y0,0 years,_T,Total,_Z,Not applicable,_Z,Not applicable,_Z,Not applicable,_Z,Not applicable,_Z,Not applicable,_Z,Not applicable,_Z,Not applicable,2004,,74.9,,,,,,,,,,,
DATAFLOW,OECD.ELS.HD:DSD_HEALTH_STAT@DF_LE(1.0),Life expectancy,I,POL,Poland,A,Annual,LFEXP,Life expectancy,Y,Years,Y0,0 years,_T,Total,_Z,Not applicable,_Z,Not applicable,_Z,Not applicable,_Z,Not applicable,_Z,Not applicable,_Z,Not applicable,_Z,Not applicable,2005,,75,,,,,,,,,,,
DATAFLOW,OECD.ELS.HD:DSD_HEALTH_STAT@DF_LE(1.0),Life expectancy,I,POL,Poland,A,Annual,LFEXP,Life expectancy,Y,Years,Y0,0 years,_T,Total,_Z,Not applicable,_Z,Not applicable,_Z,Not applicable,_Z,Not applicable,_Z,Not applicable,_Z,Not applicable,_Z,Not applicable,2006,,75.3,,,,,,,,,,,
DATAFLOW,OECD.ELS.HD:DSD_HEALTH_STAT@DF_LE(1.0),Life expectancy,I,POL,Poland,A,Annual,LFEXP,Life expectancy,Y,Years,Y0,0 years,_T,Total,_Z,Not applicable,_Z,Not applicable,_Z,Not applicable,_Z,Not applicable,_Z,Not applicable,_Z,Not applicable,_Z,Not applicable,2007,,75.4,,,,,,,,,,,
DATAFLOW,OECD.ELS.HD:DSD_HEALTH_STAT@DF_LE(1.0),Life expectancy,I,POL,Poland,A,Annual,LFEXP,Life expectancy,Y,Years,Y0,0 years,_T,Total,_Z,Not applicable,_Z,Not applicable,_Z,Not applicable,_Z,Not applicable,_Z,Not applicable,_Z,Not applicable,_Z,Not applicable,2008,,75.6,,,,,,,,,,,
DATAFLOW,OECD.ELS.HD:DSD_HEALTH_STAT@DF_LE(1.0),Life expectancy,I,POL,Poland,A,Annual,LFEXP,Life expectancy,Y,Years,Y0,0 years,_T,Total,_Z,Not applicable,_Z,Not applicable,_Z,Not applicable,_Z,Not applicable,_Z,Not applicable,_Z,Not applicable,_Z,Not applicable,2009,,75.9,,,,,,,,,,,
DATAFLOW,OECD.ELS.HD:DSD_HEALTH_STAT@DF_LE(1.0),Life expectancy,I,POL,Poland,A,Annual,LFEXP,Life expectancy,Y,Years,Y0,0 years,_T,Total,_Z,Not applicable,_Z,Not applicable,_Z,Not applicable,_Z,Not applicable,_Z,Not applicable,_Z,Not applicable,_Z,Not applicable,2010,,76.4,,,,,,,,,,,
DATAFLOW,OECD.ELS.HD:DSD_HEALTH_STAT@DF_LE(1.0),Life expectancy,I,POL,Poland,A,Annual,LFEXP,Life expectancy,Y,Years,Y0,0 years,_T,Total,_Z,Not applicable,_Z,Not applicable,_Z,Not applicable,_Z,Not applicable,_Z,Not applicable,_Z,Not applicable,_Z,Not applicable,2011,,76.8,,,,,,,,,,,
DATAFLOW,OECD.ELS.HD:DSD_HEALTH_STAT@DF_LE(1.0),Life expectancy,I,POL,Poland,A,Annual,LFEXP,Life expectancy,Y,Years,Y0,0 years,_T,Total,_Z,Not applicable,_Z,Not applicable,_Z,Not applicable,_Z,Not applicable,_Z,Not applicable,_Z,Not applicable,_Z,Not applicable,2012,,76.9,,,,,,,,,,,
DATAFLOW,OECD.ELS.HD:DSD_HEALTH_STAT@DF_LE(1.0),Life expectancy,I,POL,Poland,A,Annual,LFEXP,Life expectancy,Y,Years,Y0,0 years,_T,Total,_Z,Not applicable,_Z,Not applicable,_Z,Not applicable,_Z,Not applicable,_Z,Not applicable,_Z,Not applicable,_Z,Not applicable,2013,,77.1,,,,,,,,,,,
DATAFLOW,OECD.ELS.HD:DSD_HEALTH_STAT@DF_LE(1.0),Life expectancy,I,POL,Poland,A,Annual,LFEXP,Life expectancy,Y,Years,Y0,0 years,_T,Total,_Z,Not applicable,_Z,Not applicable,_Z,Not applicable,_Z,Not applicable,_Z,Not applicable,_Z,Not applicable,_Z,Not applicable,2014,,77.8,,,,,,,,,,,
DATAFLOW,OECD.ELS.HD:DSD_HEALTH_STAT@DF_LE(1.0),Life expectancy,I,POL,Poland,A,Annual,LFEXP,Life expectancy,Y,Years,Y0,0 years,_T,Total,_Z,Not applicable,_Z,Not applicable,_Z,Not applicable,_Z,Not applicable,_Z,Not applicable,_Z,Not applicable,_Z,Not applicable,2015,,77.5,,,,,,,,,,,
DATAFLOW,OECD.ELS.HD:DSD_HEALTH_STAT@DF_LE(1.0),Life expectancy,I,POL,Poland,A,Annual,LFEXP,Life expectancy,Y,Years,Y0,0 years,_T,Total,_Z,Not applicable,_Z,Not applicable,_Z,Not applicable,_Z,Not applicable,_Z,Not applicable,_Z,Not applicable,_Z,Not applicable,2016,,78,,,,,,,,,,,
DATAFLOW,OECD.ELS.HD:DSD_HEALTH_STAT@DF_LE(1.0),Life expectancy,I,POL,Poland,A,Annual,LFEXP,Life expectancy,Y,Years,Y0,0 years,_T,Total,_Z,Not applicable,_Z,Not applicable,_Z,Not applicable,_Z,Not applicable,_Z,Not applicable,_Z,Not applicable,_Z,Not applicable,2017,,77.8,,,,,,,,,,,
DATAFLOW,OECD.ELS.HD:DSD_HEALTH_STAT@DF_LE(1.0),Life expectancy,I,POL,Poland,A,Annual,LFEXP,Life expectancy,Y,Years,Y0,0 years,_T,Total,_Z,Not applicable,_Z,Not applicable,_Z,Not applicable,_Z,Not applicable,_Z,Not applicable,_Z,Not applicable,_Z,Not applicable,2018,,77.7,,,,,,,,,,,
DATAFLOW,OECD.ELS.HD:DSD_HEALTH_STAT@DF_LE(1.0),Life expectancy,I,POL,Poland,A,Annual,LFEXP,Life expectancy,Y,Years,Y0,0 years,_T,Total,_Z,Not applicable,_Z,Not applicable,_Z,Not applicable,_Z,Not applicable,_Z,Not applicable,_Z,Not applicable,_Z,Not applicable,2019,,78,,,,,,,,,,,
DATAFLOW,OECD.ELS.HD:DSD_HEALTH_STAT@DF_LE(1.0),Life expectancy,I,POL,Poland,A,Annual,LFEXP,Life expectancy,Y,Years,Y0,0 years,_T,Total,_Z,Not applicable,_Z,Not applicable,_Z,Not applicable,_Z,Not applicable,_Z,Not applicable,_Z,Not applicable,_Z,Not applicable,2020,,76.4,,,,,,,,,,,
DATAFLOW,OECD.ELS.HD:DSD_HEALTH_STAT@DF_LE(1.0),Life expectancy,I,POL,Poland,A,Annual,LFEXP,Life expectancy,Y,Years,Y0,0 years,_T,Total,_Z,Not applicable,_Z,Not applicable,_Z,Not applicable,_Z,Not applicable,_Z,Not applicable,_Z,Not applicable,_Z,Not applicable,2021,,75.4,,,,,,,,,,,
DATAFLOW,OECD.ELS.HD:DSD_HEALTH_STAT@DF_LE(1.0),Life expectancy,I,POL,Poland,A,Annual,LFEXP,Life expectancy,Y,Years,Y0,0 years,_T,Total,_Z,Not applicable,_Z,Not applicable,_Z,Not applicable,_Z,Not applicable,_Z,Not applicable,_Z,Not applicable,_Z,Not applicable,2022,,77.2,,,,,,,,,,,
DATAFLOW,OECD.ELS.HD:DSD_HEALTH_STAT@DF_LE(1.0),Life expectancy,I,PRT,Portugal,A,Annual,LFEXP,Life expectancy,Y,Years,Y0,0 years,_T,Total,_Z,Not applicable,_Z,Not applicable,_Z,Not applicable,_Z,Not applicable,_Z,Not applicable,_Z,Not applicable,_Z,Not applicable,2000,,76.8,,,,,,,,,,,
DATAFLOW,OECD.ELS.HD:DSD_HEALTH_STAT@DF_LE(1.0),Life expectancy,I,PRT,Portugal,A,Annual,LFEXP,Life expectancy,Y,Years,Y0,0 years,_T,Total,_Z,Not applicable,_Z,Not applicable,_Z,Not applicable,_Z,Not applicable,_Z,Not applicable,_Z,Not applicable,_Z,Not applicable,2001,,77.2,,,,,,,,,,,
DATAFLOW,OECD.ELS.HD:DSD_HEALTH_STAT@DF_LE(1.0),Life expectancy,I,PRT,Portugal,A,Annual,LFEXP,Life expectancy,Y,Years,Y0,0 years,_T,Total,_Z,Not applicable,_Z,Not applicable,_Z,Not applicable,_Z,Not applicable,_Z,Not applicable,_Z,Not applicable,_Z,Not applicable,2002,,77.4,,,,,,,,,,,
DATAFLOW,OECD.ELS.HD:DSD_HEALTH_STAT@DF_LE(1.0),Life expectancy,I,PRT,Portugal,A,Annual,LFEXP,Life expectancy,Y,Years,Y0,0 years,_T,Total,_Z,Not applicable,_Z,Not applicable,_Z,Not applicable,_Z,Not applicable,_Z,Not applicable,_Z,Not applicable,_Z,Not applicable,2003,,77.5,,,,,,,,,,,
DATAFLOW,OECD.ELS.HD:DSD_HEALTH_STAT@DF_LE(1.0),Life expectancy,I,PRT,Portugal,A,Annual,LFEXP,Life expectancy,Y,Years,Y0,0 years,_T,Total,_Z,Not applicable,_Z,Not applicable,_Z,Not applicable,_Z,Not applicable,_Z,Not applicable,_Z,Not applicable,_Z,Not applicable,2004,,78.4,,,,,,,,,,,
DATAFLOW,OECD.ELS.HD:DSD_HEALTH_STAT@DF_LE(1.0),Life expectancy,I,PRT,Portugal,A,Annual,LFEXP,Life expectancy,Y,Years,Y0,0 years,_T,Total,_Z,Not applicable,_Z,Not applicable,_Z,Not applicable,_Z,Not applicable,_Z,Not applicable,_Z,Not applicable,_Z,Not applicable,2005,,78.2,,,,,,,,,,,
DATAFLOW,OECD.ELS.HD:DSD_HEALTH_STAT@DF_LE(1.0),Life expectancy,I,PRT,Portugal,A,Annual,LFEXP,Life expectancy,Y,Years,Y0,0 years,_T,Total,_Z,Not applicable,_Z,Not applicable,_Z,Not applicable,_Z,Not applicable,_Z,Not applicable,_Z,Not applicable,_Z,Not applicable,2006,,79,,,,,,,,,,,
DATAFLOW,OECD.ELS.HD:DSD_HEALTH_STAT@DF_LE(1.0),Life expectancy,I,PRT,Portugal,A,Annual,LFEXP,Life expectancy,Y,Years,Y0,0 years,_T,Total,_Z,Not applicable,_Z,Not applicable,_Z,Not applicable,_Z,Not applicable,_Z,Not applicable,_Z,Not applicable,_Z,Not applicable,2007,,79.3,,,,,,,,,,,
DATAFLOW,OECD.ELS.HD:DSD_HEALTH_STAT@DF_LE(1.0),Life expectancy,I,PRT,Portugal,A,Annual,LFEXP,Life expectancy,Y,Years,Y0,0 years,_T,Total,_Z,Not applicable,_Z,Not applicable,_Z,Not applicable,_Z,Not applicable,_Z,Not applicable,_Z,Not applicable,_Z,Not applicable,2008,,79.5,,,,,,,,,,,
DATAFLOW,OECD.ELS.HD:DSD_HEALTH_STAT@DF_LE(1.0),Life expectancy,I,PRT,Portugal,A,Annual,LFEXP,Life expectancy,Y,Years,Y0,0 years,_T,Total,_Z,Not applicable,_Z,Not applicable,_Z,Not applicable,_Z,Not applicable,_Z,Not applicable,_Z,Not applicable,_Z,Not applicable,2009,,79.7,,,,,,,,,,,
DATAFLOW,OECD.ELS.HD:DSD_HEALTH_STAT@DF_LE(1.0),Life expectancy,I,PRT,Portugal,A,Annual,LFEXP,Life expectancy,Y,Years,Y0,0 years,_T,Total,_Z,Not applicable,_Z,Not applicable,_Z,Not applicable,_Z,Not applicable,_Z,Not applicable,_Z,Not applicable,_Z,Not applicable,2010,,80.1,,,,,,,,,,,
DATAFLOW,OECD.ELS.HD:DSD_HEALTH_STAT@DF_LE(1.0),Life expectancy,I,PRT,Portugal,A,Annual,LFEXP,Life expectancy,Y,Years,Y0,0 years,_T,Total,_Z,Not applicable,_Z,Not applicable,_Z,Not applicable,_Z,Not applicable,_Z,Not applicable,_Z,Not applicable,_Z,Not applicable,2011,,80.7,,,,,,,,,,,
DATAFLOW,OECD.ELS.HD:DSD_HEALTH_STAT@DF_LE(1.0),Life expectancy,I,PRT,Portugal,A,Annual,LFEXP,Life expectancy,Y,Years,Y0,0 years,_T,Total,_Z,Not applicable,_Z,Not applicable,_Z,Not applicable,_Z,Not applicable,_Z,Not applicable,_Z,Not applicable,_Z,Not applicable,2012,,80.6,,,,,,,,,,,
DATAFLOW,OECD.ELS.HD:DSD_HEALTH_STAT@DF_LE(1.0),Life expectancy,I,PRT,Portugal,A,Annual,LFEXP,Life expectancy,Y,Years,Y0,0 years,_T,Total,_Z,Not applicable,_Z,Not applicable,_Z,Not applicable,_Z,Not applicable,_Z,Not applicable,_Z,Not applicable,_Z,Not applicable,2013,,80.9,,,,,,,,,,,
DATAFLOW,OECD.ELS.HD:DSD_HEALTH_STAT@DF_LE(1.0),Life expectancy,I,PRT,Portugal,A,Annual,LFEXP,Life expectancy,Y,Years,Y0,0 years,_T,Total,_Z,Not applicable,_Z,Not applicable,_Z,Not applicable,_Z,Not applicable,_Z,Not applicable,_Z,Not applicable,_Z,Not applicable,2014,,81.3,,,,,,,,,,,
DATAFLOW,OECD.ELS.HD:DSD_HEALTH_STAT@DF_LE(1.0),Life expectancy,I,PRT,Portugal,A,Annual,LFEXP,Life expectancy,Y,Years,Y0,0 years,_T,Total,_Z,Not applicable,_Z,Not applicable,_Z,Not applicable,_Z,Not applicable,_Z,Not applicable,_Z,Not applicable,_Z,Not applicable,2015,,81.3,,,,,,,,,,,
DATAFLOW,OECD.ELS.HD:DSD_HEALTH_STAT@DF_LE(1.0),Life expectancy,I,PRT,Portugal,A,Annual,LFEXP,Life expectancy,Y,Years,Y0,0 years,_T,Total,_Z,Not applicable,_Z,Not applicable,_Z,Not applicable,_Z,Not applicable,_Z,Not applicable,_Z,Not applicable,_Z,Not applicable,2016,,81.3,,,,,,,,,,,
DATAFLOW,OECD.ELS.HD:DSD_HEALTH_STAT@DF_LE(1.0),Life expectancy,I,PRT,Portugal,A,Annual,LFEXP,Life expectancy,Y,Years,Y0,0 years,_T,Total,_Z,Not applicable,_Z,Not applicable,_Z,Not applicable,_Z,Not applicable,_Z,Not applicable,_Z,Not applicable,_Z,Not applicable,2017,,81.6,,,,,,,,,,,
DATAFLOW,OECD.ELS.HD:DSD_HEALTH_STAT@DF_LE(1.0),Life expectancy,I,PRT,Portugal,A,Annual,LFEXP,Life expectancy,Y,Years,Y0,0 years,_T,Total,_Z,Not applicable,_Z,Not applicable,_Z,Not applicable,_Z,Not applicable,_Z,Not applicable,_Z,Not applicable,_Z,Not applicable,2018,,81.5,,,,,,,,,,,
DATAFLOW,OECD.ELS.HD:DSD_HEALTH_STAT@DF_LE(1.0),Life expectancy,I,PRT,Portugal,A,Annual,LFEXP,Life expectancy,Y,Years,Y0,0 years,_T,Total,_Z,Not applicable,_Z,Not applicable,_Z,Not applicable,_Z,Not applicable,_Z,Not applicable,_Z,Not applicable,_Z,Not applicable,2019,,81.9,,,,,,,,,,,
DATAFLOW,OECD.ELS.HD:DSD_HEALTH_STAT@DF_LE(1.0),Life expectancy,I,PRT,Portugal,A,Annual,LFEXP,Life expectancy,Y,Years,Y0,0 years,_T,Total,_Z,Not applicable,_Z,Not applicable,_Z,Not applicable,_Z,Not applicable,_Z,Not applicable,_Z,Not applicable,_Z,Not applicable,2021,,81.5,,,,,,,,,,,
DATAFLOW,OECD.ELS.HD:DSD_HEALTH_STAT@DF_LE(1.0),Life expectancy,I,PRT,Portugal,A,Annual,LFEXP,Life expectancy,Y,Years,Y0,0 years,_T,Total,_Z,Not applicable,_Z,Not applicable,_Z,Not applicable,_Z,Not applicable,_Z,Not applicable,_Z,Not applicable,_Z,Not applicable,2022,,81.8,,,,,,,,,,,
DATAFLOW,OECD.ELS.HD:DSD_HEALTH_STAT@DF_LE(1.0),Life expectancy,I,SVK,Slovak Republic,A,Annual,LFEXP,Life expectancy,Y,Years,Y0,0 years,_T,Total,_Z,Not applicable,_Z,Not applicable,_Z,Not applicable,_Z,Not applicable,_Z,Not applicable,_Z,Not applicable,_Z,Not applicable,2000,,73.3,,,,,,,,,,,
DATAFLOW,OECD.ELS.HD:DSD_HEALTH_STAT@DF_LE(1.0),Life expectancy,I,SVK,Slovak Republic,A,Annual,LFEXP,Life expectancy,Y,Years,Y0,0 years,_T,Total,_Z,Not applicable,_Z,Not applicable,_Z,Not applicable,_Z,Not applicable,_Z,Not applicable,_Z,Not applicable,_Z,Not applicable,2001,,73.6,,,,,,,,,,,
DATAFLOW,OECD.ELS.HD:DSD_HEALTH_STAT@DF_LE(1.0),Life expectancy,I,SVK,Slovak Republic,A,Annual,LFEXP,Life expectancy,Y,Years,Y0,0 years,_T,Total,_Z,Not applicable,_Z,Not applicable,_Z,Not applicable,_Z,Not applicable,_Z,Not applicable,_Z,Not applicable,_Z,Not applicable,2002,,73.8,,,,,,,,,,,
DATAFLOW,OECD.ELS.HD:DSD_HEALTH_STAT@DF_LE(1.0),Life expectancy,I,SVK,Slovak Republic,A,Annual,LFEXP,Life expectancy,Y,Years,Y0,0 years,_T,Total,_Z,Not applicable,_Z,Not applicable,_Z,Not applicable,_Z,Not applicable,_Z,Not applicable,_Z,Not applicable,_Z,Not applicable,2003,,73.8,,,,,,,,,,,
DATAFLOW,OECD.ELS.HD:DSD_HEALTH_STAT@DF_LE(1.0),Life expectancy,I,SVK,Slovak Republic,A,Annual,LFEXP,Life expectancy,Y,Years,Y0,0 years,_T,Total,_Z,Not applicable,_Z,Not applicable,_Z,Not applicable,_Z,Not applicable,_Z,Not applicable,_Z,Not applicable,_Z,Not applicable,2004,,74.2,,,,,,,,,,,
DATAFLOW,OECD.ELS.HD:DSD_HEALTH_STAT@DF_LE(1.0),Life expectancy,I,SVK,Slovak Republic,A,Annual,LFEXP,Life expectancy,Y,Years,Y0,0 years,_T,Total,_Z,Not applicable,_Z,Not applicable,_Z,Not applicable,_Z,Not applicable,_Z,Not applicable,_Z,Not applicable,_Z,Not applicable,2005,,74.1,,,,,,,,,,,
DATAFLOW,OECD.ELS.HD:DSD_HEALTH_STAT@DF_LE(1.0),Life expectancy,I,SVK,Slovak Republic,A,Annual,LFEXP,Life expectancy,Y,Years,Y0,0 years,_T,Total,_Z,Not applicable,_Z,Not applicable,_Z,Not applicable,_Z,Not applicable,_Z,Not applicable,_Z,Not applicable,_Z,Not applicable,2006,,74.5,,,,,,,,,,,
DATAFLOW,OECD.ELS.HD:DSD_HEALTH_STAT@DF_LE(1.0),Life expectancy,I,SVK,Slovak Republic,A,Annual,LFEXP,Life expectancy,Y,Years,Y0,0 years,_T,Total,_Z,Not applicable,_Z,Not applicable,_Z,Not applicable,_Z,Not applicable,_Z,Not applicable,_Z,Not applicable,_Z,Not applicable,2007,,74.6,,,,,,,,,,,
DATAFLOW,OECD.ELS.HD:DSD_HEALTH_STAT@DF_LE(1.0),Life expectancy,I,SVK,Slovak Republic,A,Annual,LFEXP,Life expectancy,Y,Years,Y0,0 years,_T,Total,_Z,Not applicable,_Z,Not applicable,_Z,Not applicable,_Z,Not applicable,_Z,Not applicable,_Z,Not applicable,_Z,Not applicable,2008,,74.9,,,,,,,,,,,
DATAFLOW,OECD.ELS.HD:DSD_HEALTH_STAT@DF_LE(1.0),Life expectancy,I,SVK,Slovak Republic,A,Annual,LFEXP,Life expectancy,Y,Years,Y0,0 years,_T,Total,_Z,Not applicable,_Z,Not applicable,_Z,Not applicable,_Z,Not applicable,_Z,Not applicable,_Z,Not applicable,_Z,Not applicable,2009,,75.3,,,,,,,,,,,
DATAFLOW,OECD.ELS.HD:DSD_HEALTH_STAT@DF_LE(1.0),Life expectancy,I,SVK,Slovak Republic,A,Annual,LFEXP,Life expectancy,Y,Years,Y0,0 years,_T,Total,_Z,Not applicable,_Z,Not applicable,_Z,Not applicable,_Z,Not applicable,_Z,Not applicable,_Z,Not applicable,_Z,Not applicable,2010,,75.6,,,,,,,,,,,
DATAFLOW,OECD.ELS.HD:DSD_HEALTH_STAT@DF_LE(1.0),Life expectancy,I,SVK,Slovak Republic,A,Annual,LFEXP,Life expectancy,Y,Years,Y0,0 years,_T,Total,_Z,Not applicable,_Z,Not applicable,_Z,Not applicable,_Z,Not applicable,_Z,Not applicable,_Z,Not applicable,_Z,Not applicable,2011,,76.1,,,,,,,,,,,
DATAFLOW,OECD.ELS.HD:DSD_HEALTH_STAT@DF_LE(1.0),Life expectancy,I,SVK,Slovak Republic,A,Annual,LFEXP,Life expectancy,Y,Years,Y0,0 years,_T,Total,_Z,Not applicable,_Z,Not applicable,_Z,Not applicable,_Z,Not applicable,_Z,Not applicable,_Z,Not applicable,_Z,Not applicable,2012,,76.3,,,,,,,,,,,
DATAFLOW,OECD.ELS.HD:DSD_HEALTH_STAT@DF_LE(1.0),Life expectancy,I,SVK,Slovak Republic,A,Annual,LFEXP,Life expectancy,Y,Years,Y0,0 years,_T,Total,_Z,Not applicable,_Z,Not applicable,_Z,Not applicable,_Z,Not applicable,_Z,Not applicable,_Z,Not applicable,_Z,Not applicable,2013,,76.6,,,,,,,,,,,
DATAFLOW,OECD.ELS.HD:DSD_HEALTH_STAT@DF_LE(1.0),Life expectancy,I,SVK,Slovak Republic,A,Annual,LFEXP,Life expectancy,Y,Years,Y0,0 years,_T,Total,_Z,Not applicable,_Z,Not applicable,_Z,Not applicable,_Z,Not applicable,_Z,Not applicable,_Z,Not applicable,_Z,Not applicable,2014,,77,,,,,,,,,,,
DATAFLOW,OECD.ELS.HD:DSD_HEALTH_STAT@DF_LE(1.0),Life expectancy,I,SVK,Slovak Republic,A,Annual,LFEXP,Life expectancy,Y,Years,Y0,0 years,_T,Total,_Z,Not applicable,_Z,Not applicable,_Z,Not applicable,_Z,Not applicable,_Z,Not applicable,_Z,Not applicable,_Z,Not applicable,2015,,76.7,,,,,,,,,,,
DATAFLOW,OECD.ELS.HD:DSD_HEALTH_STAT@DF_LE(1.0),Life expectancy,I,SVK,Slovak Republic,A,Annual,LFEXP,Life expectancy,Y,Years,Y0,0 years,_T,Total,_Z,Not applicable,_Z,Not applicable,_Z,Not applicable,_Z,Not applicable,_Z,Not applicable,_Z,Not applicable,_Z,Not applicable,2016,,77.3,,,,,,,,,,,
DATAFLOW,OECD.ELS.HD:DSD_HEALTH_STAT@DF_LE(1.0),Life expectancy,I,SVK,Slovak Republic,A,Annual,LFEXP,Life expectancy,Y,Years,Y0,0 years,_T,Total,_Z,Not applicable,_Z,Not applicable,_Z,Not applicable,_Z,Not applicable,_Z,Not applicable,_Z,Not applicable,_Z,Not applicable,2017,,77.3,,,,,,,,,,,
DATAFLOW,OECD.ELS.HD:DSD_HEALTH_STAT@DF_LE(1.0),Life expectancy,I,SVK,Slovak Republic,A,Annual,LFEXP,Life expectancy,Y,Years,Y0,0 years,_T,Total,_Z,Not applicable,_Z,Not applicable,_Z,Not applicable,_Z,Not applicable,_Z,Not applicable,_Z,Not applicable,_Z,Not applicable,2018,,77.4,,,,,,,,,,,
DATAFLOW,OECD.ELS.HD:DSD_HEALTH_STAT@DF_LE(1.0),Life expectancy,I,SVK,Slovak Republic,A,Annual,LFEXP,Life expectancy,Y,Years,Y0,0 years,_T,Total,_Z,Not applicable,_Z,Not applicable,_Z,Not applicable,_Z,Not applicable,_Z,Not applicable,_Z,Not applicable,_Z,Not applicable,2019,,77.8,,,,,,,,,,,
DATAFLOW,OECD.ELS.HD:DSD_HEALTH_STAT@DF_LE(1.0),Life expectancy,I,SVK,Slovak Republic,A,Annual,LFEXP,Life expectancy,Y,Years,Y0,0 years,_T,Total,_Z,Not applicable,_Z,Not applicable,_Z,Not applicable,_Z,Not applicable,_Z,Not applicable,_Z,Not applicable,_Z,Not applicable,2020,,77,,,,,,,,,,,
DATAFLOW,OECD.ELS.HD:DSD_HEALTH_STAT@DF_LE(1.0),Life expectancy,I,SVK,Slovak Republic,A,Annual,LFEXP,Life expectancy,Y,Years,Y0,0 years,_T,Total,_Z,Not applicable,_Z,Not applicable,_Z,Not applicable,_Z,Not applicable,_Z,Not applicable,_Z,Not applicable,_Z,Not applicable,2021,,74.6,,,,,,,,,,,
DATAFLOW,OECD.ELS.HD:DSD_HEALTH_STAT@DF_LE(1.0),Life expectancy,I,SVK,Slovak Republic,A,Annual,LFEXP,Life expectancy,Y,Years,Y0,0 years,_T,Total,_Z,Not applicable,_Z,Not applicable,_Z,Not applicable,_Z,Not applicable,_Z,Not applicable,_Z,Not applicable,_Z,Not applicable,2022,,77,,,,,,,,,,,
DATAFLOW,OECD.ELS.HD:DSD_HEALTH_STAT@DF_LE(1.0),Life expectancy,I,SVN,Slovenia,A,Annual,LFEXP,Life expectancy,Y,Years,Y0,0 years,_T,Total,_Z,Not applicable,_Z,Not applicable,_Z,Not applicable,_Z,Not applicable,_Z,Not applicable,_Z,Not applicable,_Z,Not applicable,2000,,76.2,,,,,,,,,,,
DATAFLOW,OECD.ELS.HD:DSD_HEALTH_STAT@DF_LE(1.0),Life expectancy,I,SVN,Slovenia,A,Annual,LFEXP,Life expectancy,Y,Years,Y0,0 years,_T,Total,_Z,Not applicable,_Z,Not applicable,_Z,Not applicable,_Z,Not applicable,_Z,Not applicable,_Z,Not applicable,_Z,Not applicable,2001,,76.4,,,,,,,,,,,
DATAFLOW,OECD.ELS.HD:DSD_HEALTH_STAT@DF_LE(1.0),Life expectancy,I,SVN,Slovenia,A,Annual,LFEXP,Life expectancy,Y,Years,Y0,0 years,_T,Total,_Z,Not applicable,_Z,Not applicable,_Z,Not applicable,_Z,Not applicable,_Z,Not applicable,_Z,Not applicable,_Z,Not applicable,2002,,76.6,,,,,,,,,,,
DATAFLOW,OECD.ELS.HD:DSD_HEALTH_STAT@DF_LE(1.0),Life expectancy,I,SVN,Slovenia,A,Annual,LFEXP,Life expectancy,Y,Years,Y0,0 years,_T,Total,_Z,Not applicable,_Z,Not applicable,_Z,Not applicable,_Z,Not applicable,_Z,Not applicable,_Z,Not applicable,_Z,Not applicable,2003,,76.4,,,,,,,,,,,
DATAFLOW,OECD.ELS.HD:DSD_HEALTH_STAT@DF_LE(1.0),Life expectancy,I,SVN,Slovenia,A,Annual,LFEXP,Life expectancy,Y,Years,Y0,0 years,_T,Total,_Z,Not applicable,_Z,Not applicable,_Z,Not applicable,_Z,Not applicable,_Z,Not applicable,_Z,Not applicable,_Z,Not applicable,2004,,77.2,,,,,,,,,,,
DATAFLOW,OECD.ELS.HD:DSD_HEALTH_STAT@DF_LE(1.0),Life expectancy,I,SVN,Slovenia,A,Annual,LFEXP,Life expectancy,Y,Years,Y0,0 years,_T,Total,_Z,Not applicable,_Z,Not applicable,_Z,Not applicable,_Z,Not applicable,_Z,Not applicable,_Z,Not applicable,_Z,Not applicable,2005,,77.5,,,,,,,,,,,
DATAFLOW,OECD.ELS.HD:DSD_HEALTH_STAT@DF_LE(1.0),Life expectancy,I,SVN,Slovenia,A,Annual,LFEXP,Life expectancy,Y,Years,Y0,0 years,_T,Total,_Z,Not applicable,_Z,Not applicable,_Z,Not applicable,_Z,Not applicable,_Z,Not applicable,_Z,Not applicable,_Z,Not applicable,2006,,78.3,,,,,,,,,,,
DATAFLOW,OECD.ELS.HD:DSD_HEALTH_STAT@DF_LE(1.0),Life expectancy,I,SVN,Slovenia,A,Annual,LFEXP,Life expectancy,Y,Years,Y0,0 years,_T,Total,_Z,Not applicable,_Z,Not applicable,_Z,Not applicable,_Z,Not applicable,_Z,Not applicable,_Z,Not applicable,_Z,Not applicable,2007,,78.4,,,,,,,,,,,
DATAFLOW,OECD.ELS.HD:DSD_HEALTH_STAT@DF_LE(1.0),Life expectancy,I,SVN,Slovenia,A,Annual,LFEXP,Life expectancy,Y,Years,Y0,0 years,_T,Total,_Z,Not applicable,_Z,Not applicable,_Z,Not applicable,_Z,Not applicable,_Z,Not applicable,_Z,Not applicable,_Z,Not applicable,2008,,79.1,,,,,,,,,,,
DATAFLOW,OECD.ELS.HD:DSD_HEALTH_STAT@DF_LE(1.0),Life expectancy,I,SVN,Slovenia,A,Annual,LFEXP,Life expectancy,Y,Years,Y0,0 years,_T,Total,_Z,Not applicable,_Z,Not applicable,_Z,Not applicable,_Z,Not applicable,_Z,Not applicable,_Z,Not applicable,_Z,Not applicable,2009,,79.4,,,,,,,,,,,
DATAFLOW,OECD.ELS.HD:DSD_HEALTH_STAT@DF_LE(1.0),Life expectancy,I,SVN,Slovenia,A,Annual,LFEXP,Life expectancy,Y,Years,Y0,0 years,_T,Total,_Z,Not applicable,_Z,Not applicable,_Z,Not applicable,_Z,Not applicable,_Z,Not applicable,_Z,Not applicable,_Z,Not applicable,2010,,79.8,,,,,,,,,,,
DATAFLOW,OECD.ELS.HD:DSD_HEALTH_STAT@DF_LE(1.0),Life expectancy,I,SVN,Slovenia,A,Annual,LFEXP,Life expectancy,Y,Years,Y0,0 years,_T,Total,_Z,Not applicable,_Z,Not applicable,_Z,Not applicable,_Z,Not applicable,_Z,Not applicable,_Z,Not applicable,_Z,Not applicable,2011,,80.1,,,,,,,,,,,
DATAFLOW,OECD.ELS.HD:DSD_HEALTH_STAT@DF_LE(1.0),Life expectancy,I,SVN,Slovenia,A,Annual,LFEXP,Life expectancy,Y,Years,Y0,0 years,_T,Total,_Z,Not applicable,_Z,Not applicable,_Z,Not applicable,_Z,Not applicable,_Z,Not applicable,_Z,Not applicable,_Z,Not applicable,2012,,80.3,,,,,,,,,,,
DATAFLOW,OECD.ELS.HD:DSD_HEALTH_STAT@DF_LE(1.0),Life expectancy,I,SVN,Slovenia,A,Annual,LFEXP,Life expectancy,Y,Years,Y0,0 years,_T,Total,_Z,Not applicable,_Z,Not applicable,_Z,Not applicable,_Z,Not applicable,_Z,Not applicable,_Z,Not applicable,_Z,Not applicable,2013,,80.5,,,,,,,,,,,
DATAFLOW,OECD.ELS.HD:DSD_HEALTH_STAT@DF_LE(1.0),Life expectancy,I,SVN,Slovenia,A,Annual,LFEXP,Life expectancy,Y,Years,Y0,0 years,_T,Total,_Z,Not applicable,_Z,Not applicable,_Z,Not applicable,_Z,Not applicable,_Z,Not applicable,_Z,Not applicable,_Z,Not applicable,2014,,81.2,,,,,,,,,,,
DATAFLOW,OECD.ELS.HD:DSD_HEALTH_STAT@DF_LE(1.0),Life expectancy,I,SVN,Slovenia,A,Annual,LFEXP,Life expectancy,Y,Years,Y0,0 years,_T,Total,_Z,Not applicable,_Z,Not applicable,_Z,Not applicable,_Z,Not applicable,_Z,Not applicable,_Z,Not applicable,_Z,Not applicable,2015,,80.9,,,,,,,,,,,
DATAFLOW,OECD.ELS.HD:DSD_HEALTH_STAT@DF_LE(1.0),Life expectancy,I,SVN,Slovenia,A,Annual,LFEXP,Life expectancy,Y,Years,Y0,0 years,_T,Total,_Z,Not applicable,_Z,Not applicable,_Z,Not applicable,_Z,Not applicable,_Z,Not applicable,_Z,Not applicable,_Z,Not applicable,2016,,81.2,,,,,,,,,,,
DATAFLOW,OECD.ELS.HD:DSD_HEALTH_STAT@DF_LE(1.0),Life expectancy,I,SVN,Slovenia,A,Annual,LFEXP,Life expectancy,Y,Years,Y0,0 years,_T,Total,_Z,Not applicable,_Z,Not applicable,_Z,Not applicable,_Z,Not applicable,_Z,Not applicable,_Z,Not applicable,_Z,Not applicable,2017,,81.2,,,,,,,,,,,
DATAFLOW,OECD.ELS.HD:DSD_HEALTH_STAT@DF_LE(1.0),Life expectancy,I,SVN,Slovenia,A,Annual,LFEXP,Life expectancy,Y,Years,Y0,0 years,_T,Total,_Z,Not applicable,_Z,Not applicable,_Z,Not applicable,_Z,Not applicable,_Z,Not applicable,_Z,Not applicable,_Z,Not applicable,2018,,81.5,,,,,,,,,,,
DATAFLOW,OECD.ELS.HD:DSD_HEALTH_STAT@DF_LE(1.0),Life expectancy,I,SVN,Slovenia,A,Annual,LFEXP,Life expectancy,Y,Years,Y0,0 years,_T,Total,_Z,Not applicable,_Z,Not applicable,_Z,Not applicable,_Z,Not applicable,_Z,Not applicable,_Z,Not applicable,_Z,Not applicable,2019,,81.6,,,,,,,,,,,
DATAFLOW,OECD.ELS.HD:DSD_HEALTH_STAT@DF_LE(1.0),Life expectancy,I,SVN,Slovenia,A,Annual,LFEXP,Life expectancy,Y,Years,Y0,0 years,_T,Total,_Z,Not applicable,_Z,Not applicable,_Z,Not applicable,_Z,Not applicable,_Z,Not applicable,_Z,Not applicable,_Z,Not applicable,2020,,80.6,,,,,,,,,,,
DATAFLOW,OECD.ELS.HD:DSD_HEALTH_STAT@DF_LE(1.0),Life expectancy,I,SVN,Slovenia,A,Annual,LFEXP,Life expectancy,Y,Years,Y0,0 years,_T,Total,_Z,Not applicable,_Z,Not applicable,_Z,Not applicable,_Z,Not applicable,_Z,Not applicable,_Z,Not applicable,_Z,Not applicable,2021,,80.7,,,,,,,,,,,
DATAFLOW,OECD.ELS.HD:DSD_HEALTH_STAT@DF_LE(1.0),Life expectancy,I,SVN,Slovenia,A,Annual,LFEXP,Life expectancy,Y,Years,Y0,0 years,_T,Total,_Z,Not applicable,_Z,Not applicable,_Z,Not applicable,_Z,Not applicable,_Z,Not applicable,_Z,Not applicable,_Z,Not applicable,2022,,81.3,,,,,,,,,,,
DATAFLOW,OECD.ELS.HD:DSD_HEALTH_STAT@DF_LE(1.0),Life expectancy,I,SVN,Slovenia,A,Annual,LFEXP,Life expectancy,Y,Years,Y0,0 years,_T,Total,_Z,Not applicable,_Z,Not applicable,_Z,Not applicable,_Z,Not applicable,_Z,Not applicable,_Z,Not applicable,_Z,Not applicable,2023,,82,,,,,,,,,,,
DATAFLOW,OECD.ELS.HD:DSD_HEALTH_STAT@DF_LE(1.0),Life expectancy,I,ESP,Spain,A,Annual,LFEXP,Life expectancy,Y,Years,Y0,0 years,_T,Total,_Z,Not applicable,_Z,Not applicable,_Z,Not applicable,_Z,Not applicable,_Z,Not applicable,_Z,Not applicable,_Z,Not applicable,2000,,79.3,,,,,,,,,,,
DATAFLOW,OECD.ELS.HD:DSD_HEALTH_STAT@DF_LE(1.0),Life expectancy,I,ESP,Spain,A,Annual,LFEXP,Life expectancy,Y,Years,Y0,0 years,_T,Total,_Z,Not applicable,_Z,Not applicable,_Z,Not applicable,_Z,Not applicable,_Z,Not applicable,_Z,Not applicable,_Z,Not applicable,2001,,79.8,,,,,,,,,,,
DATAFLOW,OECD.ELS.HD:DSD_HEALTH_STAT@DF_LE(1.0),Life expectancy,I,ESP,Spain,A,Annual,LFEXP,Life expectancy,Y,Years,Y0,0 years,_T,Total,_Z,Not applicable,_Z,Not applicable,_Z,Not applicable,_Z,Not applicable,_Z,Not applicable,_Z,Not applicable,_Z,Not applicable,2002,,79.8,,,,,,,,,,,
DATAFLOW,OECD.ELS.HD:DSD_HEALTH_STAT@DF_LE(1.0),Life expectancy,I,ESP,Spain,A,Annual,LFEXP,Life expectancy,Y,Years,Y0,0 years,_T,Total,_Z,Not applicable,_Z,Not applicable,_Z,Not applicable,_Z,Not applicable,_Z,Not applicable,_Z,Not applicable,_Z,Not applicable,2003,,79.7,,,,,,,,,,,
DATAFLOW,OECD.ELS.HD:DSD_HEALTH_STAT@DF_LE(1.0),Life expectancy,I,ESP,Spain,A,Annual,LFEXP,Life expectancy,Y,Years,Y0,0 years,_T,Total,_Z,Not applicable,_Z,Not applicable,_Z,Not applicable,_Z,Not applicable,_Z,Not applicable,_Z,Not applicable,_Z,Not applicable,2004,,80.4,,,,,,,,,,,
DATAFLOW,OECD.ELS.HD:DSD_HEALTH_STAT@DF_LE(1.0),Life expectancy,I,ESP,Spain,A,Annual,LFEXP,Life expectancy,Y,Years,Y0,0 years,_T,Total,_Z,Not applicable,_Z,Not applicable,_Z,Not applicable,_Z,Not applicable,_Z,Not applicable,_Z,Not applicable,_Z,Not applicable,2005,,80.3,,,,,,,,,,,
DATAFLOW,OECD.ELS.HD:DSD_HEALTH_STAT@DF_LE(1.0),Life expectancy,I,ESP,Spain,A,Annual,LFEXP,Life expectancy,Y,Years,Y0,0 years,_T,Total,_Z,Not applicable,_Z,Not applicable,_Z,Not applicable,_Z,Not applicable,_Z,Not applicable,_Z,Not applicable,_Z,Not applicable,2006,,81.1,,,,,,,,,,,
DATAFLOW,OECD.ELS.HD:DSD_HEALTH_STAT@DF_LE(1.0),Life expectancy,I,ESP,Spain,A,Annual,LFEXP,Life expectancy,Y,Years,Y0,0 years,_T,Total,_Z,Not applicable,_Z,Not applicable,_Z,Not applicable,_Z,Not applicable,_Z,Not applicable,_Z,Not applicable,_Z,Not applicable,2007,,81.1,,,,,,,,,,,
DATAFLOW,OECD.ELS.HD:DSD_HEALTH_STAT@DF_LE(1.0),Life expectancy,I,ESP,Spain,A,Annual,LFEXP,Life expectancy,Y,Years,Y0,0 years,_T,Total,_Z,Not applicable,_Z,Not applicable,_Z,Not applicable,_Z,Not applicable,_Z,Not applicable,_Z,Not applicable,_Z,Not applicable,2008,,81.5,,,,,,,,,,,
DATAFLOW,OECD.ELS.HD:DSD_HEALTH_STAT@DF_LE(1.0),Life expectancy,I,ESP,Spain,A,Annual,LFEXP,Life expectancy,Y,Years,Y0,0 years,_T,Total,_Z,Not applicable,_Z,Not applicable,_Z,Not applicable,_Z,Not applicable,_Z,Not applicable,_Z,Not applicable,_Z,Not applicable,2009,,81.9,,,,,,,,,,,
DATAFLOW,OECD.ELS.HD:DSD_HEALTH_STAT@DF_LE(1.0),Life expectancy,I,ESP,Spain,A,Annual,LFEXP,Life expectancy,Y,Years,Y0,0 years,_T,Total,_Z,Not applicable,_Z,Not applicable,_Z,Not applicable,_Z,Not applicable,_Z,Not applicable,_Z,Not applicable,_Z,Not applicable,2010,,82.4,,,,,,,,,,,
DATAFLOW,OECD.ELS.HD:DSD_HEALTH_STAT@DF_LE(1.0),Life expectancy,I,ESP,Spain,A,Annual,LFEXP,Life expectancy,Y,Years,Y0,0 years,_T,Total,_Z,Not applicable,_Z,Not applicable,_Z,Not applicable,_Z,Not applicable,_Z,Not applicable,_Z,Not applicable,_Z,Not applicable,2011,,82.6,,,,,,,,,,,
DATAFLOW,OECD.ELS.HD:DSD_HEALTH_STAT@DF_LE(1.0),Life expectancy,I,ESP,Spain,A,Annual,LFEXP,Life expectancy,Y,Years,Y0,0 years,_T,Total,_Z,Not applicable,_Z,Not applicable,_Z,Not applicable,_Z,Not applicable,_Z,Not applicable,_Z,Not applicable,_Z,Not applicable,2012,,82.5,,,,,,,,,,,
DATAFLOW,OECD.ELS.HD:DSD_HEALTH_STAT@DF_LE(1.0),Life expectancy,I,ESP,Spain,A,Annual,LFEXP,Life expectancy,Y,Years,Y0,0 years,_T,Total,_Z,Not applicable,_Z,Not applicable,_Z,Not applicable,_Z,Not applicable,_Z,Not applicable,_Z,Not applicable,_Z,Not applicable,2013,,83.2,,,,,,,,,,,
DATAFLOW,OECD.ELS.HD:DSD_HEALTH_STAT@DF_LE(1.0),Life expectancy,I,ESP,Spain,A,Annual,LFEXP,Life expectancy,Y,Years,Y0,0 years,_T,Total,_Z,Not applicable,_Z,Not applicable,_Z,Not applicable,_Z,Not applicable,_Z,Not applicable,_Z,Not applicable,_Z,Not applicable,2014,,83.3,,,,,,,,,,,
DATAFLOW,OECD.ELS.HD:DSD_HEALTH_STAT@DF_LE(1.0),Life expectancy,I,ESP,Spain,A,Annual,LFEXP,Life expectancy,Y,Years,Y0,0 years,_T,Total,_Z,Not applicable,_Z,Not applicable,_Z,Not applicable,_Z,Not applicable,_Z,Not applicable,_Z,Not applicable,_Z,Not applicable,2015,,83,,,,,,,,,,,
DATAFLOW,OECD.ELS.HD:DSD_HEALTH_STAT@DF_LE(1.0),Life expectancy,I,ESP,Spain,A,Annual,LFEXP,Life expectancy,Y,Years,Y0,0 years,_T,Total,_Z,Not applicable,_Z,Not applicable,_Z,Not applicable,_Z,Not applicable,_Z,Not applicable,_Z,Not applicable,_Z,Not applicable,2016,,83.5,,,,,,,,,,,
DATAFLOW,OECD.ELS.HD:DSD_HEALTH_STAT@DF_LE(1.0),Life expectancy,I,ESP,Spain,A,Annual,LFEXP,Life expectancy,Y,Years,Y0,0 years,_T,Total,_Z,Not applicable,_Z,Not applicable,_Z,Not applicable,_Z,Not applicable,_Z,Not applicable,_Z,Not applicable,_Z,Not applicable,2017,,83.4,,,,,,,,,,,
DATAFLOW,OECD.ELS.HD:DSD_HEALTH_STAT@DF_LE(1.0),Life expectancy,I,ESP,Spain,A,Annual,LFEXP,Life expectancy,Y,Years,Y0,0 years,_T,Total,_Z,Not applicable,_Z,Not applicable,_Z,Not applicable,_Z,Not applicable,_Z,Not applicable,_Z,Not applicable,_Z,Not applicable,2018,,83.5,,,,,,,,,,,
DATAFLOW,OECD.ELS.HD:DSD_HEALTH_STAT@DF_LE(1.0),Life expectancy,I,ESP,Spain,A,Annual,LFEXP,Life expectancy,Y,Years,Y0,0 years,_T,Total,_Z,Not applicable,_Z,Not applicable,_Z,Not applicable,_Z,Not applicable,_Z,Not applicable,_Z,Not applicable,_Z,Not applicable,2019,,84,,,,,,,,,,,
DATAFLOW,OECD.ELS.HD:DSD_HEALTH_STAT@DF_LE(1.0),Life expectancy,I,ESP,Spain,A,Annual,LFEXP,Life expectancy,Y,Years,Y0,0 years,_T,Total,_Z,Not applicable,_Z,Not applicable,_Z,Not applicable,_Z,Not applicable,_Z,Not applicable,_Z,Not applicable,_Z,Not applicable,2021,,83.3,,,,,,,,,,,
DATAFLOW,OECD.ELS.HD:DSD_HEALTH_STAT@DF_LE(1.0),Life expectancy,I,ESP,Spain,A,Annual,LFEXP,Life expectancy,Y,Years,Y0,0 years,_T,Total,_Z,Not applicable,_Z,Not applicable,_Z,Not applicable,_Z,Not applicable,_Z,Not applicable,_Z,Not applicable,_Z,Not applicable,2022,,83.2,,,,,,,,,,,
DATAFLOW,OECD.ELS.HD:DSD_HEALTH_STAT@DF_LE(1.0),Life expectancy,I,ESP,Spain,A,Annual,LFEXP,Life expectancy,Y,Years,Y0,0 years,_T,Total,_Z,Not applicable,_Z,Not applicable,_Z,Not applicable,_Z,Not applicable,_Z,Not applicable,_Z,Not applicable,_Z,Not applicable,2023,,84,,,,,,,,,,,
DATAFLOW,OECD.ELS.HD:DSD_HEALTH_STAT@DF_LE(1.0),Life expectancy,I,CHE,Switzerland,A,Annual,LFEXP,Life expectancy,Y,Years,Y0,0 years,_T,Total,_Z,Not applicable,_Z,Not applicable,_Z,Not applicable,_Z,Not applicable,_Z,Not applicable,_Z,Not applicable,_Z,Not applicable,2000,,80,,,,,,,,,,,
DATAFLOW,OECD.ELS.HD:DSD_HEALTH_STAT@DF_LE(1.0),Life expectancy,I,CHE,Switzerland,A,Annual,LFEXP,Life expectancy,Y,Years,Y0,0 years,_T,Total,_Z,Not applicable,_Z,Not applicable,_Z,Not applicable,_Z,Not applicable,_Z,Not applicable,_Z,Not applicable,_Z,Not applicable,2001,,80.5,,,,,,,,,,,
DATAFLOW,OECD.ELS.HD:DSD_HEALTH_STAT@DF_LE(1.0),Life expectancy,I,CHE,Switzerland,A,Annual,LFEXP,Life expectancy,Y,Years,Y0,0 years,_T,Total,_Z,Not applicable,_Z,Not applicable,_Z,Not applicable,_Z,Not applicable,_Z,Not applicable,_Z,Not applicable,_Z,Not applicable,2002,,80.6,,,,,,,,,,,
DATAFLOW,OECD.ELS.HD:DSD_HEALTH_STAT@DF_LE(1.0),Life expectancy,I,CHE,Switzerland,A,Annual,LFEXP,Life expectancy,Y,Years,Y0,0 years,_T,Total,_Z,Not applicable,_Z,Not applicable,_Z,Not applicable,_Z,Not applicable,_Z,Not applicable,_Z,Not applicable,_Z,Not applicable,2003,,80.7,,,,,,,,,,,
DATAFLOW,OECD.ELS.HD:DSD_HEALTH_STAT@DF_LE(1.0),Life expectancy,I,CHE,Switzerland,A,Annual,LFEXP,Life expectancy,Y,Years,Y0,0 years,_T,Total,_Z,Not applicable,_Z,Not applicable,_Z,Not applicable,_Z,Not applicable,_Z,Not applicable,_Z,Not applicable,_Z,Not applicable,2004,,81.3,,,,,,,,,,,
DATAFLOW,OECD.ELS.HD:DSD_HEALTH_STAT@DF_LE(1.0),Life expectancy,I,CHE,Switzerland,A,Annual,LFEXP,Life expectancy,Y,Years,Y0,0 years,_T,Total,_Z,Not applicable,_Z,Not applicable,_Z,Not applicable,_Z,Not applicable,_Z,Not applicable,_Z,Not applicable,_Z,Not applicable,2005,,81.5,,,,,,,,,,,
DATAFLOW,OECD.ELS.HD:DSD_HEALTH_STAT@DF_LE(1.0),Life expectancy,I,CHE,Switzerland,A,Annual,LFEXP,Life expectancy,Y,Years,Y0,0 years,_T,Total,_Z,Not applicable,_Z,Not applicable,_Z,Not applicable,_Z,Not applicable,_Z,Not applicable,_Z,Not applicable,_Z,Not applicable,2006,,81.8,,,,,,,,,,,
DATAFLOW,OECD.ELS.HD:DSD_HEALTH_STAT@DF_LE(1.0),Life expectancy,I,CHE,Switzerland,A,Annual,LFEXP,Life expectancy,Y,Years,Y0,0 years,_T,Total,_Z,Not applicable,_Z,Not applicable,_Z,Not applicable,_Z,Not applicable,_Z,Not applicable,_Z,Not applicable,_Z,Not applicable,2007,,82,,,,,,,,,,,
DATAFLOW,OECD.ELS.HD:DSD_HEALTH_STAT@DF_LE(1.0),Life expectancy,I,CHE,Switzerland,A,Annual,LFEXP,Life expectancy,Y,Years,Y0,0 years,_T,Total,_Z,Not applicable,_Z,Not applicable,_Z,Not applicable,_Z,Not applicable,_Z,Not applicable,_Z,Not applicable,_Z,Not applicable,2008,,82.3,,,,,,,,,,,
DATAFLOW,OECD.ELS.HD:DSD_HEALTH_STAT@DF_LE(1.0),Life expectancy,I,CHE,Switzerland,A,Annual,LFEXP,Life expectancy,Y,Years,Y0,0 years,_T,Total,_Z,Not applicable,_Z,Not applicable,_Z,Not applicable,_Z,Not applicable,_Z,Not applicable,_Z,Not applicable,_Z,Not applicable,2009,,82.3,,,,,,,,,,,
DATAFLOW,OECD.ELS.HD:DSD_HEALTH_STAT@DF_LE(1.0),Life expectancy,I,CHE,Switzerland,A,Annual,LFEXP,Life expectancy,Y,Years,Y0,0 years,_T,Total,_Z,Not applicable,_Z,Not applicable,_Z,Not applicable,_Z,Not applicable,_Z,Not applicable,_Z,Not applicable,_Z,Not applicable,2010,,82.7,,,,,,,,,,,
DATAFLOW,OECD.ELS.HD:DSD_HEALTH_STAT@DF_LE(1.0),Life expectancy,I,CHE,Switzerland,A,Annual,LFEXP,Life expectancy,Y,Years,Y0,0 years,_T,Total,_Z,Not applicable,_Z,Not applicable,_Z,Not applicable,_Z,Not applicable,_Z,Not applicable,_Z,Not applicable,_Z,Not applicable,2011,,82.8,,,,,,,,,,,
DATAFLOW,OECD.ELS.HD:DSD_HEALTH_STAT@DF_LE(1.0),Life expectancy,I,CHE,Switzerland,A,Annual,LFEXP,Life expectancy,Y,Years,Y0,0 years,_T,Total,_Z,Not applicable,_Z,Not applicable,_Z,Not applicable,_Z,Not applicable,_Z,Not applicable,_Z,Not applicable,_Z,Not applicable,2012,,82.8,,,,,,,,,,,
DATAFLOW,OECD.ELS.HD:DSD_HEALTH_STAT@DF_LE(1.0),Life expectancy,I,CHE,Switzerland,A,Annual,LFEXP,Life expectancy,Y,Years,Y0,0 years,_T,Total,_Z,Not applicable,_Z,Not applicable,_Z,Not applicable,_Z,Not applicable,_Z,Not applicable,_Z,Not applicable,_Z,Not applicable,2013,,82.9,,,,,,,,,,,
DATAFLOW,OECD.ELS.HD:DSD_HEALTH_STAT@DF_LE(1.0),Life expectancy,I,CHE,Switzerland,A,Annual,LFEXP,Life expectancy,Y,Years,Y0,0 years,_T,Total,_Z,Not applicable,_Z,Not applicable,_Z,Not applicable,_Z,Not applicable,_Z,Not applicable,_Z,Not applicable,_Z,Not applicable,2014,,83.3,,,,,,,,,,,
DATAFLOW,OECD.ELS.HD:DSD_HEALTH_STAT@DF_LE(1.0),Life expectancy,I,CHE,Switzerland,A,Annual,LFEXP,Life expectancy,Y,Years,Y0,0 years,_T,Total,_Z,Not applicable,_Z,Not applicable,_Z,Not applicable,_Z,Not applicable,_Z,Not applicable,_Z,Not applicable,_Z,Not applicable,2015,,83,,,,,,,,,,,
DATAFLOW,OECD.ELS.HD:DSD_HEALTH_STAT@DF_LE(1.0),Life expectancy,I,CHE,Switzerland,A,Annual,LFEXP,Life expectancy,Y,Years,Y0,0 years,_T,Total,_Z,Not applicable,_Z,Not applicable,_Z,Not applicable,_Z,Not applicable,_Z,Not applicable,_Z,Not applicable,_Z,Not applicable,2016,,83.7,,,,,,,,,,,
DATAFLOW,OECD.ELS.HD:DSD_HEALTH_STAT@DF_LE(1.0),Life expectancy,I,CHE,Switzerland,A,Annual,LFEXP,Life expectancy,Y,Years,Y0,0 years,_T,Total,_Z,Not applicable,_Z,Not applicable,_Z,Not applicable,_Z,Not applicable,_Z,Not applicable,_Z,Not applicable,_Z,Not applicable,2017,,83.7,,,,,,,,,,,
DATAFLOW,OECD.ELS.HD:DSD_HEALTH_STAT@DF_LE(1.0),Life expectancy,I,CHE,Switzerland,A,Annual,LFEXP,Life expectancy,Y,Years,Y0,0 years,_T,Total,_Z,Not applicable,_Z,Not applicable,_Z,Not applicable,_Z,Not applicable,_Z,Not applicable,_Z,Not applicable,_Z,Not applicable,2018,,83.8,,,,,,,,,,,
DATAFLOW,OECD.ELS.HD:DSD_HEALTH_STAT@DF_LE(1.0),Life expectancy,I,CHE,Switzerland,A,Annual,LFEXP,Life expectancy,Y,Years,Y0,0 years,_T,Total,_Z,Not applicable,_Z,Not applicable,_Z,Not applicable,_Z,Not applicable,_Z,Not applicable,_Z,Not applicable,_Z,Not applicable,2019,,84,,,,,,,,,,,
DATAFLOW,OECD.ELS.HD:DSD_HEALTH_STAT@DF_LE(1.0),Life expectancy,I,CHE,Switzerland,A,Annual,LFEXP,Life expectancy,Y,Years,Y0,0 years,_T,Total,_Z,Not applicable,_Z,Not applicable,_Z,Not applicable,_Z,Not applicable,_Z,Not applicable,_Z,Not applicable,_Z,Not applicable,2020,,83.1,,,,,,,,,,,
DATAFLOW,OECD.ELS.HD:DSD_HEALTH_STAT@DF_LE(1.0),Life expectancy,I,CHE,Switzerland,A,Annual,LFEXP,Life expectancy,Y,Years,Y0,0 years,_T,Total,_Z,Not applicable,_Z,Not applicable,_Z,Not applicable,_Z,Not applicable,_Z,Not applicable,_Z,Not applicable,_Z,Not applicable,2021,,83.9,,,,,,,,,,,
DATAFLOW,OECD.ELS.HD:DSD_HEALTH_STAT@DF_LE(1.0),Life expectancy,I,CHE,Switzerland,A,Annual,LFEXP,Life expectancy,Y,Years,Y0,0 years,_T,Total,_Z,Not applicable,_Z,Not applicable,_Z,Not applicable,_Z,Not applicable,_Z,Not applicable,_Z,Not applicable,_Z,Not applicable,2022,,83.7,,,,,,,,,,,
DATAFLOW,OECD.ELS.HD:DSD_HEALTH_STAT@DF_LE(1.0),Life expectancy,I,TUR,Türkiye,A,Annual,LFEXP,Life expectancy,Y,Years,Y0,0 years,_T,Total,_Z,Not applicable,_Z,Not applicable,_Z,Not applicable,_Z,Not applicable,_Z,Not applicable,_Z,Not applicable,_Z,Not applicable,2000,,71.1,,,,,,,,,,,
DATAFLOW,OECD.ELS.HD:DSD_HEALTH_STAT@DF_LE(1.0),Life expectancy,I,TUR,Türkiye,A,Annual,LFEXP,Life expectancy,Y,Years,Y0,0 years,_T,Total,_Z,Not applicable,_Z,Not applicable,_Z,Not applicable,_Z,Not applicable,_Z,Not applicable,_Z,Not applicable,_Z,Not applicable,2001,,71.5,,,,,,,,,,,
DATAFLOW,OECD.ELS.HD:DSD_HEALTH_STAT@DF_LE(1.0),Life expectancy,I,TUR,Türkiye,A,Annual,LFEXP,Life expectancy,Y,Years,Y0,0 years,_T,Total,_Z,Not applicable,_Z,Not applicable,_Z,Not applicable,_Z,Not applicable,_Z,Not applicable,_Z,Not applicable,_Z,Not applicable,2002,,71.9,,,,,,,,,,,
DATAFLOW,OECD.ELS.HD:DSD_HEALTH_STAT@DF_LE(1.0),Life expectancy,I,TUR,Türkiye,A,Annual,LFEXP,Life expectancy,Y,Years,Y0,0 years,_T,Total,_Z,Not applicable,_Z,Not applicable,_Z,Not applicable,_Z,Not applicable,_Z,Not applicable,_Z,Not applicable,_Z,Not applicable,2003,,72.3,,,,,,,,,,,
DATAFLOW,OECD.ELS.HD:DSD_HEALTH_STAT@DF_LE(1.0),Life expectancy,I,TUR,Türkiye,A,Annual,LFEXP,Life expectancy,Y,Years,Y0,0 years,_T,Total,_Z,Not applicable,_Z,Not applicable,_Z,Not applicable,_Z,Not applicable,_Z,Not applicable,_Z,Not applicable,_Z,Not applicable,2004,,72.7,,,,,,,,,,,
DATAFLOW,OECD.ELS.HD:DSD_HEALTH_STAT@DF_LE(1.0),Life expectancy,I,TUR,Türkiye,A,Annual,LFEXP,Life expectancy,Y,Years,Y0,0 years,_T,Total,_Z,Not applicable,_Z,Not applicable,_Z,Not applicable,_Z,Not applicable,_Z,Not applicable,_Z,Not applicable,_Z,Not applicable,2005,,73.1,,,,,,,,,,,
DATAFLOW,OECD.ELS.HD:DSD_HEALTH_STAT@DF_LE(1.0),Life expectancy,I,TUR,Türkiye,A,Annual,LFEXP,Life expectancy,Y,Years,Y0,0 years,_T,Total,_Z,Not applicable,_Z,Not applicable,_Z,Not applicable,_Z,Not applicable,_Z,Not applicable,_Z,Not applicable,_Z,Not applicable,2006,,73.4,,,,,,,,,,,
DATAFLOW,OECD.ELS.HD:DSD_HEALTH_STAT@DF_LE(1.0),Life expectancy,I,TUR,Türkiye,A,Annual,LFEXP,Life expectancy,Y,Years,Y0,0 years,_T,Total,_Z,Not applicable,_Z,Not applicable,_Z,Not applicable,_Z,Not applicable,_Z,Not applicable,_Z,Not applicable,_Z,Not applicable,2007,,73.7,,,,,,,,,,,
DATAFLOW,OECD.ELS.HD:DSD_HEALTH_STAT@DF_LE(1.0),Life expectancy,I,TUR,Türkiye,A,Annual,LFEXP,Life expectancy,Y,Years,Y0,0 years,_T,Total,_Z,Not applicable,_Z,Not applicable,_Z,Not applicable,_Z,Not applicable,_Z,Not applicable,_Z,Not applicable,_Z,Not applicable,2008,,73.9,,,,,,,,,,,
DATAFLOW,OECD.ELS.HD:DSD_HEALTH_STAT@DF_LE(1.0),Life expectancy,I,TUR,Türkiye,A,Annual,LFEXP,Life expectancy,Y,Years,Y0,0 years,_T,Total,_Z,Not applicable,_Z,Not applicable,_Z,Not applicable,_Z,Not applicable,_Z,Not applicable,_Z,Not applicable,_Z,Not applicable,2009,,74.1,,,,,,,,,,,
DATAFLOW,OECD.ELS.HD:DSD_HEALTH_STAT@DF_LE(1.0),Life expectancy,I,TUR,Türkiye,A,Annual,LFEXP,Life expectancy,Y,Years,Y0,0 years,_T,Total,_Z,Not applicable,_Z,Not applicable,_Z,Not applicable,_Z,Not applicable,_Z,Not applicable,_Z,Not applicable,_Z,Not applicable,2010,,74.3,,,,,,,,,,,
DATAFLOW,OECD.ELS.HD:DSD_HEALTH_STAT@DF_LE(1.0),Life expectancy,I,TUR,Türkiye,A,Annual,LFEXP,Life expectancy,Y,Years,Y0,0 years,_T,Total,_Z,Not applicable,_Z,Not applicable,_Z,Not applicable,_Z,Not applicable,_Z,Not applicable,_Z,Not applicable,_Z,Not applicable,2011,,74.6,,,,,,,,,,,
DATAFLOW,OECD.ELS.HD:DSD_HEALTH_STAT@DF_LE(1.0),Life expectancy,I,TUR,Türkiye,A,Annual,LFEXP,Life expectancy,Y,Years,Y0,0 years,_T,Total,_Z,Not applicable,_Z,Not applicable,_Z,Not applicable,_Z,Not applicable,_Z,Not applicable,_Z,Not applicable,_Z,Not applicable,2012,,74.6,,,,,,,,,,,
DATAFLOW,OECD.ELS.HD:DSD_HEALTH_STAT@DF_LE(1.0),Life expectancy,I,TUR,Türkiye,A,Annual,LFEXP,Life expectancy,Y,Years,Y0,0 years,_T,Total,_Z,Not applicable,_Z,Not applicable,_Z,Not applicable,_Z,Not applicable,_Z,Not applicable,_Z,Not applicable,_Z,Not applicable,2014,,78,,,,,,,,,,,
DATAFLOW,OECD.ELS.HD:DSD_HEALTH_STAT@DF_LE(1.0),Life expectancy,I,TUR,Türkiye,A,Annual,LFEXP,Life expectancy,Y,Years,Y0,0 years,_T,Total,_Z,Not applicable,_Z,Not applicable,_Z,Not applicable,_Z,Not applicable,_Z,Not applicable,_Z,Not applicable,_Z,Not applicable,2015,,78,,,,,,,,,,,
DATAFLOW,OECD.ELS.HD:DSD_HEALTH_STAT@DF_LE(1.0),Life expectancy,I,TUR,Türkiye,A,Annual,LFEXP,Life expectancy,Y,Years,Y0,0 years,_T,Total,_Z,Not applicable,_Z,Not applicable,_Z,Not applicable,_Z,Not applicable,_Z,Not applicable,_Z,Not applicable,_Z,Not applicable,2016,,78,,,,,,,,,,,
DATAFLOW,OECD.ELS.HD:DSD_HEALTH_STAT@DF_LE(1.0),Life expectancy,I,TUR,Türkiye,A,Annual,LFEXP,Life expectancy,Y,Years,Y0,0 years,_T,Total,_Z,Not applicable,_Z,Not applicable,_Z,Not applicable,_Z,Not applicable,_Z,Not applicable,_Z,Not applicable,_Z,Not applicable,2020,,77.7,,,,,,,,,,,
DATAFLOW,OECD.ELS.HD:DSD_HEALTH_STAT@DF_LE(1.0),Life expectancy,I,TUR,Türkiye,A,Annual,LFEXP,Life expectancy,Y,Years,Y0,0 years,_T,Total,_Z,Not applicable,_Z,Not applicable,_Z,Not applicable,_Z,Not applicable,_Z,Not applicable,_Z,Not applicable,_Z,Not applicable,2021,,77.5,,,,,,,,,,,
DATAFLOW,OECD.ELS.HD:DSD_HEALTH_STAT@DF_LE(1.0),Life expectancy,I,TUR,Türkiye,A,Annual,LFEXP,Life expectancy,Y,Years,Y0,0 years,_T,Total,_Z,Not applicable,_Z,Not applicable,_Z,Not applicable,_Z,Not applicable,_Z,Not applicable,_Z,Not applicable,_Z,Not applicable,2022,,77.3,,,,,,,,,,,
DATAFLOW,OECD.ELS.HD:DSD_HEALTH_STAT@DF_LE(1.0),Life expectancy,I,USA,United States,A,Annual,LFEXP,Life expectancy,Y,Years,Y0,0 years,_T,Total,_Z,Not applicable,_Z,Not applicable,_Z,Not applicable,_Z,Not applicable,_Z,Not applicable,_Z,Not applicable,_Z,Not applicable,2000,,76.8,,,,,,,,,,,
DATAFLOW,OECD.ELS.HD:DSD_HEALTH_STAT@DF_LE(1.0),Life expectancy,I,USA,United States,A,Annual,LFEXP,Life expectancy,Y,Years,Y0,0 years,_T,Total,_Z,Not applicable,_Z,Not applicable,_Z,Not applicable,_Z,Not applicable,_Z,Not applicable,_Z,Not applicable,_Z,Not applicable,2001,,77,,,,,,,,,,,
DATAFLOW,OECD.ELS.HD:DSD_HEALTH_STAT@DF_LE(1.0),Life expectancy,I,USA,United States,A,Annual,LFEXP,Life expectancy,Y,Years,Y0,0 years,_T,Total,_Z,Not applicable,_Z,Not applicable,_Z,Not applicable,_Z,Not applicable,_Z,Not applicable,_Z,Not applicable,_Z,Not applicable,2002,,77,,,,,,,,,,,
DATAFLOW,OECD.ELS.HD:DSD_HEALTH_STAT@DF_LE(1.0),Life expectancy,I,USA,United States,A,Annual,LFEXP,Life expectancy,Y,Years,Y0,0 years,_T,Total,_Z,Not applicable,_Z,Not applicable,_Z,Not applicable,_Z,Not applicable,_Z,Not applicable,_Z,Not applicable,_Z,Not applicable,2003,,77.2,,,,,,,,,,,
DATAFLOW,OECD.ELS.HD:DSD_HEALTH_STAT@DF_LE(1.0),Life expectancy,I,USA,United States,A,Annual,LFEXP,Life expectancy,Y,Years,Y0,0 years,_T,Total,_Z,Not applicable,_Z,Not applicable,_Z,Not applicable,_Z,Not applicable,_Z,Not applicable,_Z,Not applicable,_Z,Not applicable,2004,,77.6,,,,,,,,,,,
DATAFLOW,OECD.ELS.HD:DSD_HEALTH_STAT@DF_LE(1.0),Life expectancy,I,USA,United States,A,Annual,LFEXP,Life expectancy,Y,Years,Y0,0 years,_T,Total,_Z,Not applicable,_Z,Not applicable,_Z,Not applicable,_Z,Not applicable,_Z,Not applicable,_Z,Not applicable,_Z,Not applicable,2005,,77.6,,,,,,,,,,,
DATAFLOW,OECD.ELS.HD:DSD_HEALTH_STAT@DF_LE(1.0),Life expectancy,I,USA,United States,A,Annual,LFEXP,Life expectancy,Y,Years,Y0,0 years,_T,Total,_Z,Not applicable,_Z,Not applicable,_Z,Not applicable,_Z,Not applicable,_Z,Not applicable,_Z,Not applicable,_Z,Not applicable,2006,,77.8,,,,,,,,,,,
DATAFLOW,OECD.ELS.HD:DSD_HEALTH_STAT@DF_LE(1.0),Life expectancy,I,USA,United States,A,Annual,LFEXP,Life expectancy,Y,Years,Y0,0 years,_T,Total,_Z,Not applicable,_Z,Not applicable,_Z,Not applicable,_Z,Not applicable,_Z,Not applicable,_Z,Not applicable,_Z,Not applicable,2007,,78.1,,,,,,,,,,,
DATAFLOW,OECD.ELS.HD:DSD_HEALTH_STAT@DF_LE(1.0),Life expectancy,I,USA,United States,A,Annual,LFEXP,Life expectancy,Y,Years,Y0,0 years,_T,Total,_Z,Not applicable,_Z,Not applicable,_Z,Not applicable,_Z,Not applicable,_Z,Not applicable,_Z,Not applicable,_Z,Not applicable,2008,,78.2,,,,,,,,,,,
DATAFLOW,OECD.ELS.HD:DSD_HEALTH_STAT@DF_LE(1.0),Life expectancy,I,USA,United States,A,Annual,LFEXP,Life expectancy,Y,Years,Y0,0 years,_T,Total,_Z,Not applicable,_Z,Not applicable,_Z,Not applicable,_Z,Not applicable,_Z,Not applicable,_Z,Not applicable,_Z,Not applicable,2009,,78.5,,,,,,,,,,,
DATAFLOW,OECD.ELS.HD:DSD_HEALTH_STAT@DF_LE(1.0),Life expectancy,I,USA,United States,A,Annual,LFEXP,Life expectancy,Y,Years,Y0,0 years,_T,Total,_Z,Not applicable,_Z,Not applicable,_Z,Not applicable,_Z,Not applicable,_Z,Not applicable,_Z,Not applicable,_Z,Not applicable,2010,,78.7,,,,,,,,,,,
DATAFLOW,OECD.ELS.HD:DSD_HEALTH_STAT@DF_LE(1.0),Life expectancy,I,USA,United States,A,Annual,LFEXP,Life expectancy,Y,Years,Y0,0 years,_T,Total,_Z,Not applicable,_Z,Not applicable,_Z,Not applicable,_Z,Not applicable,_Z,Not applicable,_Z,Not applicable,_Z,Not applicable,2011,,78.7,,,,,,,,,,,
DATAFLOW,OECD.ELS.HD:DSD_HEALTH_STAT@DF_LE(1.0),Life expectancy,I,USA,United States,A,Annual,LFEXP,Life expectancy,Y,Years,Y0,0 years,_T,Total,_Z,Not applicable,_Z,Not applicable,_Z,Not applicable,_Z,Not applicable,_Z,Not applicable,_Z,Not applicable,_Z,Not applicable,2012,,78.8,,,,,,,,,,,
DATAFLOW,OECD.ELS.HD:DSD_HEALTH_STAT@DF_LE(1.0),Life expectancy,I,USA,United States,A,Annual,LFEXP,Life expectancy,Y,Years,Y0,0 years,_T,Total,_Z,Not applicable,_Z,Not applicable,_Z,Not applicable,_Z,Not applicable,_Z,Not applicable,_Z,Not applicable,_Z,Not applicable,2013,,78.8,,,,,,,,,,,
DATAFLOW,OECD.ELS.HD:DSD_HEALTH_STAT@DF_LE(1.0),Life expectancy,I,USA,United States,A,Annual,LFEXP,Life expectancy,Y,Years,Y0,0 years,_T,Total,_Z,Not applicable,_Z,Not applicable,_Z,Not applicable,_Z,Not applicable,_Z,Not applicable,_Z,Not applicable,_Z,Not applicable,2014,,78.9,,,,,,,,,,,
DATAFLOW,OECD.ELS.HD:DSD_HEALTH_STAT@DF_LE(1.0),Life expectancy,I,USA,United States,A,Annual,LFEXP,Life expectancy,Y,Years,Y0,0 years,_T,Total,_Z,Not applicable,_Z,Not applicable,_Z,Not applicable,_Z,Not applicable,_Z,Not applicable,_Z,Not applicable,_Z,Not applicable,2015,,78.7,,,,,,,,,,,
DATAFLOW,OECD.ELS.HD:DSD_HEALTH_STAT@DF_LE(1.0),Life expectancy,I,USA,United States,A,Annual,LFEXP,Life expectancy,Y,Years,Y0,0 years,_T,Total,_Z,Not applicable,_Z,Not applicable,_Z,Not applicable,_Z,Not applicable,_Z,Not applicable,_Z,Not applicable,_Z,Not applicable,2016,,78.7,,,,,,,,,,,
DATAFLOW,OECD.ELS.HD:DSD_HEALTH_STAT@DF_LE(1.0),Life expectancy,I,USA,United States,A,Annual,LFEXP,Life expectancy,Y,Years,Y0,0 years,_T,Total,_Z,Not applicable,_Z,Not applicable,_Z,Not applicable,_Z,Not applicable,_Z,Not applicable,_Z,Not applicable,_Z,Not applicable,2017,,78.6,,,,,,,,,,,
DATAFLOW,OECD.ELS.HD:DSD_HEALTH_STAT@DF_LE(1.0),Life expectancy,I,USA,United States,A,Annual,LFEXP,Life expectancy,Y,Years,Y0,0 years,_T,Total,_Z,Not applicable,_Z,Not applicable,_Z,Not applicable,_Z,Not applicable,_Z,Not applicable,_Z,Not applicable,_Z,Not applicable,2018,,78.7,,,,,,,,,,,
DATAFLOW,OECD.ELS.HD:DSD_HEALTH_STAT@DF_LE(1.0),Life expectancy,I,USA,United States,A,Annual,LFEXP,Life expectancy,Y,Years,Y0,0 years,_T,Total,_Z,Not applicable,_Z,Not applicable,_Z,Not applicable,_Z,Not applicable,_Z,Not applicable,_Z,Not applicable,_Z,Not applicable,2019,,78.8,,,,,,,,,,,
DATAFLOW,OECD.ELS.HD:DSD_HEALTH_STAT@DF_LE(1.0),Life expectancy,I,USA,United States,A,Annual,LFEXP,Life expectancy,Y,Years,Y0,0 years,_T,Total,_Z,Not applicable,_Z,Not applicable,_Z,Not applicable,_Z,Not applicable,_Z,Not applicable,_Z,Not applicable,_Z,Not applicable,2020,,77,,,,,,,,,,,
DATAFLOW,OECD.ELS.HD:DSD_HEALTH_STAT@DF_LE(1.0),Life expectancy,I,USA,United States,A,Annual,LFEXP,Life expectancy,Y,Years,Y0,0 years,_T,Total,_Z,Not applicable,_Z,Not applicable,_Z,Not applicable,_Z,Not applicable,_Z,Not applicable,_Z,Not applicable,_Z,Not applicable,2021,,76.4,,,,,,,,,,,
DATAFLOW,OECD.ELS.HD:DSD_HEALTH_STAT@DF_LE(1.0),Life expectancy,I,ARG,Argentina,A,Annual,LFEXP,Life expectancy,Y,Years,Y0,0 years,_T,Total,_Z,Not applicable,_Z,Not applicable,_Z,Not applicable,_Z,Not applicable,_Z,Not applicable,_Z,Not applicable,_Z,Not applicable,2000,,73.9,,,,,,,,,,,
DATAFLOW,OECD.ELS.HD:DSD_HEALTH_STAT@DF_LE(1.0),Life expectancy,I,ARG,Argentina,A,Annual,LFEXP,Life expectancy,Y,Years,Y0,0 years,_T,Total,_Z,Not applicable,_Z,Not applicable,_Z,Not applicable,_Z,Not applicable,_Z,Not applicable,_Z,Not applicable,_Z,Not applicable,2001,,74.2,,,,,,,,,,,
DATAFLOW,OECD.ELS.HD:DSD_HEALTH_STAT@DF_LE(1.0),Life expectancy,I,ARG,Argentina,A,Annual,LFEXP,Life expectancy,Y,Years,Y0,0 years,_T,Total,_Z,Not applicable,_Z,Not applicable,_Z,Not applicable,_Z,Not applicable,_Z,Not applicable,_Z,Not applicable,_Z,Not applicable,2004,,74.9,,,,,,,,,,,
DATAFLOW,OECD.ELS.HD:DSD_HEALTH_STAT@DF_LE(1.0),Life expectancy,I,ARG,Argentina,A,Annual,LFEXP,Life expectancy,Y,Years,Y0,0 years,_T,Total,_Z,Not applicable,_Z,Not applicable,_Z,Not applicable,_Z,Not applicable,_Z,Not applicable,_Z,Not applicable,_Z,Not applicable,2010,,75.7,,,,,,,,,,,
DATAFLOW,OECD.ELS.HD:DSD_HEALTH_STAT@DF_LE(1.0),Life expectancy,I,ARG,Argentina,A,Annual,LFEXP,Life expectancy,Y,Years,Y0,0 years,_T,Total,_Z,Not applicable,_Z,Not applicable,_Z,Not applicable,_Z,Not applicable,_Z,Not applicable,_Z,Not applicable,_Z,Not applicable,2011,,76.1,,,,,,,,,,,
DATAFLOW,OECD.ELS.HD:DSD_HEALTH_STAT@DF_LE(1.0),Life expectancy,I,ARG,Argentina,A,Annual,LFEXP,Life expectancy,Y,Years,Y0,0 years,_T,Total,_Z,Not applicable,_Z,Not applicable,_Z,Not applicable,_Z,Not applicable,_Z,Not applicable,_Z,Not applicable,_Z,Not applicable,2020,,75.9,,,,,,,,,,,
DATAFLOW,OECD.ELS.HD:DSD_HEALTH_STAT@DF_LE(1.0),Life expectancy,I,BRA,Brazil,A,Annual,LFEXP,Life expectancy,Y,Years,Y0,0 years,_T,Total,_Z,Not applicable,_Z,Not applicable,_Z,Not applicable,_Z,Not applicable,_Z,Not applicable,_Z,Not applicable,_Z,Not applicable,2002,,70.4,,,,,,,,,,,
DATAFLOW,OECD.ELS.HD:DSD_HEALTH_STAT@DF_LE(1.0),Life expectancy,I,BRA,Brazil,A,Annual,LFEXP,Life expectancy,Y,Years,Y0,0 years,_T,Total,_Z,Not applicable,_Z,Not applicable,_Z,Not applicable,_Z,Not applicable,_Z,Not applicable,_Z,Not applicable,_Z,Not applicable,2005,,71.8,,,,,,,,,,,
DATAFLOW,OECD.ELS.HD:DSD_HEALTH_STAT@DF_LE(1.0),Life expectancy,I,BGR,Bulgaria,A,Annual,LFEXP,Life expectancy,Y,Years,Y0,0 years,_T,Total,_Z,Not applicable,_Z,Not applicable,_Z,Not applicable,_Z,Not applicable,_Z,Not applicable,_Z,Not applicable,_Z,Not applicable,2000,,71.6,,,,,,,,,,,
DATAFLOW,OECD.ELS.HD:DSD_HEALTH_STAT@DF_LE(1.0),Life expectancy,I,BGR,Bulgaria,A,Annual,LFEXP,Life expectancy,Y,Years,Y0,0 years,_T,Total,_Z,Not applicable,_Z,Not applicable,_Z,Not applicable,_Z,Not applicable,_Z,Not applicable,_Z,Not applicable,_Z,Not applicable,2001,,71.9,,,,,,,,,,,
DATAFLOW,OECD.ELS.HD:DSD_HEALTH_STAT@DF_LE(1.0),Life expectancy,I,BGR,Bulgaria,A,Annual,LFEXP,Life expectancy,Y,Years,Y0,0 years,_T,Total,_Z,Not applicable,_Z,Not applicable,_Z,Not applicable,_Z,Not applicable,_Z,Not applicable,_Z,Not applicable,_Z,Not applicable,2002,,72.1,,,,,,,,,,,
DATAFLOW,OECD.ELS.HD:DSD_HEALTH_STAT@DF_LE(1.0),Life expectancy,I,BGR,Bulgaria,A,Annual,LFEXP,Life expectancy,Y,Years,Y0,0 years,_T,Total,_Z,Not applicable,_Z,Not applicable,_Z,Not applicable,_Z,Not applicable,_Z,Not applicable,_Z,Not applicable,_Z,Not applicable,2003,,72.3,,,,,,,,,,,
DATAFLOW,OECD.ELS.HD:DSD_HEALTH_STAT@DF_LE(1.0),Life expectancy,I,BGR,Bulgaria,A,Annual,LFEXP,Life expectancy,Y,Years,Y0,0 years,_T,Total,_Z,Not applicable,_Z,Not applicable,_Z,Not applicable,_Z,Not applicable,_Z,Not applicable,_Z,Not applicable,_Z,Not applicable,2004,,72.5,,,,,,,,,,,
DATAFLOW,OECD.ELS.HD:DSD_HEALTH_STAT@DF_LE(1.0),Life expectancy,I,BGR,Bulgaria,A,Annual,LFEXP,Life expectancy,Y,Years,Y0,0 years,_T,Total,_Z,Not applicable,_Z,Not applicable,_Z,Not applicable,_Z,Not applicable,_Z,Not applicable,_Z,Not applicable,_Z,Not applicable,2005,,72.5,,,,,,,,,,,
DATAFLOW,OECD.ELS.HD:DSD_HEALTH_STAT@DF_LE(1.0),Life expectancy,I,BGR,Bulgaria,A,Annual,LFEXP,Life expectancy,Y,Years,Y0,0 years,_T,Total,_Z,Not applicable,_Z,Not applicable,_Z,Not applicable,_Z,Not applicable,_Z,Not applicable,_Z,Not applicable,_Z,Not applicable,2006,,72.7,,,,,,,,,,,
DATAFLOW,OECD.ELS.HD:DSD_HEALTH_STAT@DF_LE(1.0),Life expectancy,I,BGR,Bulgaria,A,Annual,LFEXP,Life expectancy,Y,Years,Y0,0 years,_T,Total,_Z,Not applicable,_Z,Not applicable,_Z,Not applicable,_Z,Not applicable,_Z,Not applicable,_Z,Not applicable,_Z,Not applicable,2007,,73,,,,,,,,,,,
DATAFLOW,OECD.ELS.HD:DSD_HEALTH_STAT@DF_LE(1.0),Life expectancy,I,BGR,Bulgaria,A,Annual,LFEXP,Life expectancy,Y,Years,Y0,0 years,_T,Total,_Z,Not applicable,_Z,Not applicable,_Z,Not applicable,_Z,Not applicable,_Z,Not applicable,_Z,Not applicable,_Z,Not applicable,2008,,73.3,,,,,,,,,,,
DATAFLOW,OECD.ELS.HD:DSD_HEALTH_STAT@DF_LE(1.0),Life expectancy,I,BGR,Bulgaria,A,Annual,LFEXP,Life expectancy,Y,Years,Y0,0 years,_T,Total,_Z,Not applicable,_Z,Not applicable,_Z,Not applicable,_Z,Not applicable,_Z,Not applicable,_Z,Not applicable,_Z,Not applicable,2009,,73.7,,,,,,,,,,,
DATAFLOW,OECD.ELS.HD:DSD_HEALTH_STAT@DF_LE(1.0),Life expectancy,I,BGR,Bulgaria,A,Annual,LFEXP,Life expectancy,Y,Years,Y0,0 years,_T,Total,_Z,Not applicable,_Z,Not applicable,_Z,Not applicable,_Z,Not applicable,_Z,Not applicable,_Z,Not applicable,_Z,Not applicable,2010,,73.8,,,,,,,,,,,
DATAFLOW,OECD.ELS.HD:DSD_HEALTH_STAT@DF_LE(1.0),Life expectancy,I,BGR,Bulgaria,A,Annual,LFEXP,Life expectancy,Y,Years,Y0,0 years,_T,Total,_Z,Not applicable,_Z,Not applicable,_Z,Not applicable,_Z,Not applicable,_Z,Not applicable,_Z,Not applicable,_Z,Not applicable,2011,,74.2,,,,,,,,,,,
DATAFLOW,OECD.ELS.HD:DSD_HEALTH_STAT@DF_LE(1.0),Life expectancy,I,BGR,Bulgaria,A,Annual,LFEXP,Life expectancy,Y,Years,Y0,0 years,_T,Total,_Z,Not applicable,_Z,Not applicable,_Z,Not applicable,_Z,Not applicable,_Z,Not applicable,_Z,Not applicable,_Z,Not applicable,2012,,74.4,,,,,,,,,,,
DATAFLOW,OECD.ELS.HD:DSD_HEALTH_STAT@DF_LE(1.0),Life expectancy,I,BGR,Bulgaria,A,Annual,LFEXP,Life expectancy,Y,Years,Y0,0 years,_T,Total,_Z,Not applicable,_Z,Not applicable,_Z,Not applicable,_Z,Not applicable,_Z,Not applicable,_Z,Not applicable,_Z,Not applicable,2013,,74.9,,,,,,,,,,,
DATAFLOW,OECD.ELS.HD:DSD_HEALTH_STAT@DF_LE(1.0),Life expectancy,I,BGR,Bulgaria,A,Annual,LFEXP,Life expectancy,Y,Years,Y0,0 years,_T,Total,_Z,Not applicable,_Z,Not applicable,_Z,Not applicable,_Z,Not applicable,_Z,Not applicable,_Z,Not applicable,_Z,Not applicable,2014,,74.5,,,,,,,,,,,
DATAFLOW,OECD.ELS.HD:DSD_HEALTH_STAT@DF_LE(1.0),Life expectancy,I,BGR,Bulgaria,A,Annual,LFEXP,Life expectancy,Y,Years,Y0,0 years,_T,Total,_Z,Not applicable,_Z,Not applicable,_Z,Not applicable,_Z,Not applicable,_Z,Not applicable,_Z,Not applicable,_Z,Not applicable,2015,,74.7,,,,,,,,,,,
DATAFLOW,OECD.ELS.HD:DSD_HEALTH_STAT@DF_LE(1.0),Life expectancy,I,BGR,Bulgaria,A,Annual,LFEXP,Life expectancy,Y,Years,Y0,0 years,_T,Total,_Z,Not applicable,_Z,Not applicable,_Z,Not applicable,_Z,Not applicable,_Z,Not applicable,_Z,Not applicable,_Z,Not applicable,2016,,74.9,,,,,,,,,,,
DATAFLOW,OECD.ELS.HD:DSD_HEALTH_STAT@DF_LE(1.0),Life expectancy,I,BGR,Bulgaria,A,Annual,LFEXP,Life expectancy,Y,Years,Y0,0 years,_T,Total,_Z,Not applicable,_Z,Not applicable,_Z,Not applicable,_Z,Not applicable,_Z,Not applicable,_Z,Not applicable,_Z,Not applicable,2017,,74.8,,,,,,,,,,,
DATAFLOW,OECD.ELS.HD:DSD_HEALTH_STAT@DF_LE(1.0),Life expectancy,I,BGR,Bulgaria,A,Annual,LFEXP,Life expectancy,Y,Years,Y0,0 years,_T,Total,_Z,Not applicable,_Z,Not applicable,_Z,Not applicable,_Z,Not applicable,_Z,Not applicable,_Z,Not applicable,_Z,Not applicable,2018,,75,,,,,,,,,,,
DATAFLOW,OECD.ELS.HD:DSD_HEALTH_STAT@DF_LE(1.0),Life expectancy,I,BGR,Bulgaria,A,Annual,LFEXP,Life expectancy,Y,Years,Y0,0 years,_T,Total,_Z,Not applicable,_Z,Not applicable,_Z,Not applicable,_Z,Not applicable,_Z,Not applicable,_Z,Not applicable,_Z,Not applicable,2019,,75.1,,,,,,,,,,,
DATAFLOW,OECD.ELS.HD:DSD_HEALTH_STAT@DF_LE(1.0),Life expectancy,I,BGR,Bulgaria,A,Annual,LFEXP,Life expectancy,Y,Years,Y0,0 years,_T,Total,_Z,Not applicable,_Z,Not applicable,_Z,Not applicable,_Z,Not applicable,_Z,Not applicable,_Z,Not applicable,_Z,Not applicable,2022,,74.2,,,,,,,,,,,
DATAFLOW,OECD.ELS.HD:DSD_HEALTH_STAT@DF_LE(1.0),Life expectancy,I,BGR,Bulgaria,A,Annual,LFEXP,Life expectancy,Y,Years,Y0,0 years,_T,Total,_Z,Not applicable,_Z,Not applicable,_Z,Not applicable,_Z,Not applicable,_Z,Not applicable,_Z,Not applicable,_Z,Not applicable,2023,,75.8,,,,,,,,,,,
DATAFLOW,OECD.ELS.HD:DSD_HEALTH_STAT@DF_LE(1.0),Life expectancy,I,CHN,China (People’s Republic of),A,Annual,LFEXP,Life expectancy,Y,Years,Y0,0 years,_T,Total,_Z,Not applicable,_Z,Not applicable,_Z,Not applicable,_Z,Not applicable,_Z,Not applicable,_Z,Not applicable,_Z,Not applicable,2002,,73,,,,,,,,,,,
DATAFLOW,OECD.ELS.HD:DSD_HEALTH_STAT@DF_LE(1.0),Life expectancy,I,CHN,China (People’s Republic of),A,Annual,LFEXP,Life expectancy,Y,Years,Y0,0 years,_T,Total,_Z,Not applicable,_Z,Not applicable,_Z,Not applicable,_Z,Not applicable,_Z,Not applicable,_Z,Not applicable,_Z,Not applicable,2003,,73.4,,,,,,,,,,,
DATAFLOW,OECD.ELS.HD:DSD_HEALTH_STAT@DF_LE(1.0),Life expectancy,I,CHN,China (People’s Republic of),A,Annual,LFEXP,Life expectancy,Y,Years,Y0,0 years,_T,Total,_Z,Not applicable,_Z,Not applicable,_Z,Not applicable,_Z,Not applicable,_Z,Not applicable,_Z,Not applicable,_Z,Not applicable,2004,,73.7,,,,,,,,,,,
DATAFLOW,OECD.ELS.HD:DSD_HEALTH_STAT@DF_LE(1.0),Life expectancy,I,CHN,China (People’s Republic of),A,Annual,LFEXP,Life expectancy,Y,Years,Y0,0 years,_T,Total,_Z,Not applicable,_Z,Not applicable,_Z,Not applicable,_Z,Not applicable,_Z,Not applicable,_Z,Not applicable,_Z,Not applicable,2005,,74.1,,,,,,,,,,,
DATAFLOW,OECD.ELS.HD:DSD_HEALTH_STAT@DF_LE(1.0),Life expectancy,I,CHN,China (People’s Republic of),A,Annual,LFEXP,Life expectancy,Y,Years,Y0,0 years,_T,Total,_Z,Not applicable,_Z,Not applicable,_Z,Not applicable,_Z,Not applicable,_Z,Not applicable,_Z,Not applicable,_Z,Not applicable,2007,,74.8,,,,,,,,,,,
DATAFLOW,OECD.ELS.HD:DSD_HEALTH_STAT@DF_LE(1.0),Life expectancy,I,CHN,China (People’s Republic of),A,Annual,LFEXP,Life expectancy,Y,Years,Y0,0 years,_T,Total,_Z,Not applicable,_Z,Not applicable,_Z,Not applicable,_Z,Not applicable,_Z,Not applicable,_Z,Not applicable,_Z,Not applicable,2009,,75.3,,,,,,,,,,,
DATAFLOW,OECD.ELS.HD:DSD_HEALTH_STAT@DF_LE(1.0),Life expectancy,I,CHN,China (People’s Republic of),A,Annual,LFEXP,Life expectancy,Y,Years,Y0,0 years,_T,Total,_Z,Not applicable,_Z,Not applicable,_Z,Not applicable,_Z,Not applicable,_Z,Not applicable,_Z,Not applicable,_Z,Not applicable,2011,,75.9,,,,,,,,,,,
DATAFLOW,OECD.ELS.HD:DSD_HEALTH_STAT@DF_LE(1.0),Life expectancy,I,CHN,China (People’s Republic of),A,Annual,LFEXP,Life expectancy,Y,Years,Y0,0 years,_T,Total,_Z,Not applicable,_Z,Not applicable,_Z,Not applicable,_Z,Not applicable,_Z,Not applicable,_Z,Not applicable,_Z,Not applicable,2012,,76.2,,,,,,,,,,,
DATAFLOW,OECD.ELS.HD:DSD_HEALTH_STAT@DF_LE(1.0),Life expectancy,I,CHN,China (People’s Republic of),A,Annual,LFEXP,Life expectancy,Y,Years,Y0,0 years,_T,Total,_Z,Not applicable,_Z,Not applicable,_Z,Not applicable,_Z,Not applicable,_Z,Not applicable,_Z,Not applicable,_Z,Not applicable,2013,,76.5,,,,,,,,,,,
DATAFLOW,OECD.ELS.HD:DSD_HEALTH_STAT@DF_LE(1.0),Life expectancy,I,CHN,China (People’s Republic of),A,Annual,LFEXP,Life expectancy,Y,Years,Y0,0 years,_T,Total,_Z,Not applicable,_Z,Not applicable,_Z,Not applicable,_Z,Not applicable,_Z,Not applicable,_Z,Not applicable,_Z,Not applicable,2014,,76.7,,,,,,,,,,,
DATAFLOW,OECD.ELS.HD:DSD_HEALTH_STAT@DF_LE(1.0),Life expectancy,I,CHN,China (People’s Republic of),A,Annual,LFEXP,Life expectancy,Y,Years,Y0,0 years,_T,Total,_Z,Not applicable,_Z,Not applicable,_Z,Not applicable,_Z,Not applicable,_Z,Not applicable,_Z,Not applicable,_Z,Not applicable,2015,,77,,,,,,,,,,,
DATAFLOW,OECD.ELS.HD:DSD_HEALTH_STAT@DF_LE(1.0),Life expectancy,I,CHN,China (People’s Republic of),A,Annual,LFEXP,Life expectancy,Y,Years,Y0,0 years,_T,Total,_Z,Not applicable,_Z,Not applicable,_Z,Not applicable,_Z,Not applicable,_Z,Not applicable,_Z,Not applicable,_Z,Not applicable,2016,,77.2,,,,,,,,,,,
DATAFLOW,OECD.ELS.HD:DSD_HEALTH_STAT@DF_LE(1.0),Life expectancy,I,CHN,China (People’s Republic of),A,Annual,LFEXP,Life expectancy,Y,Years,Y0,0 years,_T,Total,_Z,Not applicable,_Z,Not applicable,_Z,Not applicable,_Z,Not applicable,_Z,Not applicable,_Z,Not applicable,_Z,Not applicable,2017,,77.2,,,,,,,,,,,
DATAFLOW,OECD.ELS.HD:DSD_HEALTH_STAT@DF_LE(1.0),Life expectancy,I,CHN,China (People’s Republic of),A,Annual,LFEXP,Life expectancy,Y,Years,Y0,0 years,_T,Total,_Z,Not applicable,_Z,Not applicable,_Z,Not applicable,_Z,Not applicable,_Z,Not applicable,_Z,Not applicable,_Z,Not applicable,2018,,77.7,,,,,,,,,,,
DATAFLOW,OECD.ELS.HD:DSD_HEALTH_STAT@DF_LE(1.0),Life expectancy,I,HRV,Croatia,A,Annual,LFEXP,Life expectancy,Y,Years,Y0,0 years,_T,Total,_Z,Not applicable,_Z,Not applicable,_Z,Not applicable,_Z,Not applicable,_Z,Not applicable,_Z,Not applicable,_Z,Not applicable,2001,,74.6,,,,,,,,,,,
DATAFLOW,OECD.ELS.HD:DSD_HEALTH_STAT@DF_LE(1.0),Life expectancy,I,HRV,Croatia,A,Annual,LFEXP,Life expectancy,Y,Years,Y0,0 years,_T,Total,_Z,Not applicable,_Z,Not applicable,_Z,Not applicable,_Z,Not applicable,_Z,Not applicable,_Z,Not applicable,_Z,Not applicable,2002,,74.7,,,,,,,,,,,
DATAFLOW,OECD.ELS.HD:DSD_HEALTH_STAT@DF_LE(1.0),Life expectancy,I,HRV,Croatia,A,Annual,LFEXP,Life expectancy,Y,Years,Y0,0 years,_T,Total,_Z,Not applicable,_Z,Not applicable,_Z,Not applicable,_Z,Not applicable,_Z,Not applicable,_Z,Not applicable,_Z,Not applicable,2003,,74.6,,,,,,,,,,,
DATAFLOW,OECD.ELS.HD:DSD_HEALTH_STAT@DF_LE(1.0),Life expectancy,I,HRV,Croatia,A,Annual,LFEXP,Life expectancy,Y,Years,Y0,0 years,_T,Total,_Z,Not applicable,_Z,Not applicable,_Z,Not applicable,_Z,Not applicable,_Z,Not applicable,_Z,Not applicable,_Z,Not applicable,2004,,75.4,,,,,,,,,,,
DATAFLOW,OECD.ELS.HD:DSD_HEALTH_STAT@DF_LE(1.0),Life expectancy,I,HRV,Croatia,A,Annual,LFEXP,Life expectancy,Y,Years,Y0,0 years,_T,Total,_Z,Not applicable,_Z,Not applicable,_Z,Not applicable,_Z,Not applicable,_Z,Not applicable,_Z,Not applicable,_Z,Not applicable,2005,,75.3,,,,,,,,,,,
DATAFLOW,OECD.ELS.HD:DSD_HEALTH_STAT@DF_LE(1.0),Life expectancy,I,HRV,Croatia,A,Annual,LFEXP,Life expectancy,Y,Years,Y0,0 years,_T,Total,_Z,Not applicable,_Z,Not applicable,_Z,Not applicable,_Z,Not applicable,_Z,Not applicable,_Z,Not applicable,_Z,Not applicable,2006,,75.9,,,,,,,,,,,
DATAFLOW,OECD.ELS.HD:DSD_HEALTH_STAT@DF_LE(1.0),Life expectancy,I,HRV,Croatia,A,Annual,LFEXP,Life expectancy,Y,Years,Y0,0 years,_T,Total,_Z,Not applicable,_Z,Not applicable,_Z,Not applicable,_Z,Not applicable,_Z,Not applicable,_Z,Not applicable,_Z,Not applicable,2007,,75.8,,,,,,,,,,,
DATAFLOW,OECD.ELS.HD:DSD_HEALTH_STAT@DF_LE(1.0),Life expectancy,I,HRV,Croatia,A,Annual,LFEXP,Life expectancy,Y,Years,Y0,0 years,_T,Total,_Z,Not applicable,_Z,Not applicable,_Z,Not applicable,_Z,Not applicable,_Z,Not applicable,_Z,Not applicable,_Z,Not applicable,2008,,76,,,,,,,,,,,
DATAFLOW,OECD.ELS.HD:DSD_HEALTH_STAT@DF_LE(1.0),Life expectancy,I,HRV,Croatia,A,Annual,LFEXP,Life expectancy,Y,Years,Y0,0 years,_T,Total,_Z,Not applicable,_Z,Not applicable,_Z,Not applicable,_Z,Not applicable,_Z,Not applicable,_Z,Not applicable,_Z,Not applicable,2009,,76.3,,,,,,,,,,,
DATAFLOW,OECD.ELS.HD:DSD_HEALTH_STAT@DF_LE(1.0),Life expectancy,I,HRV,Croatia,A,Annual,LFEXP,Life expectancy,Y,Years,Y0,0 years,_T,Total,_Z,Not applicable,_Z,Not applicable,_Z,Not applicable,_Z,Not applicable,_Z,Not applicable,_Z,Not applicable,_Z,Not applicable,2010,,76.7,,,,,,,,,,,
DATAFLOW,OECD.ELS.HD:DSD_HEALTH_STAT@DF_LE(1.0),Life expectancy,I,HRV,Croatia,A,Annual,LFEXP,Life expectancy,Y,Years,Y0,0 years,_T,Total,_Z,Not applicable,_Z,Not applicable,_Z,Not applicable,_Z,Not applicable,_Z,Not applicable,_Z,Not applicable,_Z,Not applicable,2011,,77.2,,,,,,,,,,,
DATAFLOW,OECD.ELS.HD:DSD_HEALTH_STAT@DF_LE(1.0),Life expectancy,I,HRV,Croatia,A,Annual,LFEXP,Life expectancy,Y,Years,Y0,0 years,_T,Total,_Z,Not applicable,_Z,Not applicable,_Z,Not applicable,_Z,Not applicable,_Z,Not applicable,_Z,Not applicable,_Z,Not applicable,2012,,77.3,,,,,,,,,,,
DATAFLOW,OECD.ELS.HD:DSD_HEALTH_STAT@DF_LE(1.0),Life expectancy,I,HRV,Croatia,A,Annual,LFEXP,Life expectancy,Y,Years,Y0,0 years,_T,Total,_Z,Not applicable,_Z,Not applicable,_Z,Not applicable,_Z,Not applicable,_Z,Not applicable,_Z,Not applicable,_Z,Not applicable,2013,,77.8,,,,,,,,,,,
DATAFLOW,OECD.ELS.HD:DSD_HEALTH_STAT@DF_LE(1.0),Life expectancy,I,HRV,Croatia,A,Annual,LFEXP,Life expectancy,Y,Years,Y0,0 years,_T,Total,_Z,Not applicable,_Z,Not applicable,_Z,Not applicable,_Z,Not applicable,_Z,Not applicable,_Z,Not applicable,_Z,Not applicable,2014,,77.9,,,,,,,,,,,
DATAFLOW,OECD.ELS.HD:DSD_HEALTH_STAT@DF_LE(1.0),Life expectancy,I,HRV,Croatia,A,Annual,LFEXP,Life expectancy,Y,Years,Y0,0 years,_T,Total,_Z,Not applicable,_Z,Not applicable,_Z,Not applicable,_Z,Not applicable,_Z,Not applicable,_Z,Not applicable,_Z,Not applicable,2015,,77.5,,,,,,,,,,,
DATAFLOW,OECD.ELS.HD:DSD_HEALTH_STAT@DF_LE(1.0),Life expectancy,I,HRV,Croatia,A,Annual,LFEXP,Life expectancy,Y,Years,Y0,0 years,_T,Total,_Z,Not applicable,_Z,Not applicable,_Z,Not applicable,_Z,Not applicable,_Z,Not applicable,_Z,Not applicable,_Z,Not applicable,2016,,78.2,,,,,,,,,,,
DATAFLOW,OECD.ELS.HD:DSD_HEALTH_STAT@DF_LE(1.0),Life expectancy,I,HRV,Croatia,A,Annual,LFEXP,Life expectancy,Y,Years,Y0,0 years,_T,Total,_Z,Not applicable,_Z,Not applicable,_Z,Not applicable,_Z,Not applicable,_Z,Not applicable,_Z,Not applicable,_Z,Not applicable,2017,,78,,,,,,,,,,,
DATAFLOW,OECD.ELS.HD:DSD_HEALTH_STAT@DF_LE(1.0),Life expectancy,I,HRV,Croatia,A,Annual,LFEXP,Life expectancy,Y,Years,Y0,0 years,_T,Total,_Z,Not applicable,_Z,Not applicable,_Z,Not applicable,_Z,Not applicable,_Z,Not applicable,_Z,Not applicable,_Z,Not applicable,2018,,78.2,,,,,,,,,,,
DATAFLOW,OECD.ELS.HD:DSD_HEALTH_STAT@DF_LE(1.0),Life expectancy,I,HRV,Croatia,A,Annual,LFEXP,Life expectancy,Y,Years,Y0,0 years,_T,Total,_Z,Not applicable,_Z,Not applicable,_Z,Not applicable,_Z,Not applicable,_Z,Not applicable,_Z,Not applicable,_Z,Not applicable,2019,,78.6,,,,,,,,,,,
DATAFLOW,OECD.ELS.HD:DSD_HEALTH_STAT@DF_LE(1.0),Life expectancy,I,HRV,Croatia,A,Annual,LFEXP,Life expectancy,Y,Years,Y0,0 years,_T,Total,_Z,Not applicable,_Z,Not applicable,_Z,Not applicable,_Z,Not applicable,_Z,Not applicable,_Z,Not applicable,_Z,Not applicable,2020,,77.6,,,,,,,,,,,
DATAFLOW,OECD.ELS.HD:DSD_HEALTH_STAT@DF_LE(1.0),Life expectancy,I,HRV,Croatia,A,Annual,LFEXP,Life expectancy,Y,Years,Y0,0 years,_T,Total,_Z,Not applicable,_Z,Not applicable,_Z,Not applicable,_Z,Not applicable,_Z,Not applicable,_Z,Not applicable,_Z,Not applicable,2021,,76.6,,,,,,,,,,,
DATAFLOW,OECD.ELS.HD:DSD_HEALTH_STAT@DF_LE(1.0),Life expectancy,I,HRV,Croatia,A,Annual,LFEXP,Life expectancy,Y,Years,Y0,0 years,_T,Total,_Z,Not applicable,_Z,Not applicable,_Z,Not applicable,_Z,Not applicable,_Z,Not applicable,_Z,Not applicable,_Z,Not applicable,2022,,77.7,,,,,,,,,,,
DATAFLOW,OECD.ELS.HD:DSD_HEALTH_STAT@DF_LE(1.0),Life expectancy,I,HRV,Croatia,A,Annual,LFEXP,Life expectancy,Y,Years,Y0,0 years,_T,Total,_Z,Not applicable,_Z,Not applicable,_Z,Not applicable,_Z,Not applicable,_Z,Not applicable,_Z,Not applicable,_Z,Not applicable,2023,,78.6,,,,,,,,,,,
DATAFLOW,OECD.ELS.HD:DSD_HEALTH_STAT@DF_LE(1.0),Life expectancy,I,IND,India,A,Annual,LFEXP,Life expectancy,Y,Years,Y0,0 years,_T,Total,_Z,Not applicable,_Z,Not applicable,_Z,Not applicable,_Z,Not applicable,_Z,Not applicable,_Z,Not applicable,_Z,Not applicable,2000,,62.7,,,,,,,,,,,
DATAFLOW,OECD.ELS.HD:DSD_HEALTH_STAT@DF_LE(1.0),Life expectancy,I,IND,India,A,Annual,LFEXP,Life expectancy,Y,Years,Y0,0 years,_T,Total,_Z,Not applicable,_Z,Not applicable,_Z,Not applicable,_Z,Not applicable,_Z,Not applicable,_Z,Not applicable,_Z,Not applicable,2002,,63.6,,,,,,,,,,,
DATAFLOW,OECD.ELS.HD:DSD_HEALTH_STAT@DF_LE(1.0),Life expectancy,I,IND,India,A,Annual,LFEXP,Life expectancy,Y,Years,Y0,0 years,_T,Total,_Z,Not applicable,_Z,Not applicable,_Z,Not applicable,_Z,Not applicable,_Z,Not applicable,_Z,Not applicable,_Z,Not applicable,2003,,64.1,,,,,,,,,,,
DATAFLOW,OECD.ELS.HD:DSD_HEALTH_STAT@DF_LE(1.0),Life expectancy,I,IND,India,A,Annual,LFEXP,Life expectancy,Y,Years,Y0,0 years,_T,Total,_Z,Not applicable,_Z,Not applicable,_Z,Not applicable,_Z,Not applicable,_Z,Not applicable,_Z,Not applicable,_Z,Not applicable,2004,,64.5,,,,,,,,,,,
DATAFLOW,OECD.ELS.HD:DSD_HEALTH_STAT@DF_LE(1.0),Life expectancy,I,IND,India,A,Annual,LFEXP,Life expectancy,Y,Years,Y0,0 years,_T,Total,_Z,Not applicable,_Z,Not applicable,_Z,Not applicable,_Z,Not applicable,_Z,Not applicable,_Z,Not applicable,_Z,Not applicable,2006,,65.4,,,,,,,,,,,
DATAFLOW,OECD.ELS.HD:DSD_HEALTH_STAT@DF_LE(1.0),Life expectancy,I,IND,India,A,Annual,LFEXP,Life expectancy,Y,Years,Y0,0 years,_T,Total,_Z,Not applicable,_Z,Not applicable,_Z,Not applicable,_Z,Not applicable,_Z,Not applicable,_Z,Not applicable,_Z,Not applicable,2007,,65.8,,,,,,,,,,,
DATAFLOW,OECD.ELS.HD:DSD_HEALTH_STAT@DF_LE(1.0),Life expectancy,I,IND,India,A,Annual,LFEXP,Life expectancy,Y,Years,Y0,0 years,_T,Total,_Z,Not applicable,_Z,Not applicable,_Z,Not applicable,_Z,Not applicable,_Z,Not applicable,_Z,Not applicable,_Z,Not applicable,2013,,68.5,,,,,,,,,,,
DATAFLOW,OECD.ELS.HD:DSD_HEALTH_STAT@DF_LE(1.0),Life expectancy,I,IND,India,A,Annual,LFEXP,Life expectancy,Y,Years,Y0,0 years,_T,Total,_Z,Not applicable,_Z,Not applicable,_Z,Not applicable,_Z,Not applicable,_Z,Not applicable,_Z,Not applicable,_Z,Not applicable,2020,,70.2,,,,,,,,,,,
DATAFLOW,OECD.ELS.HD:DSD_HEALTH_STAT@DF_LE(1.0),Life expectancy,I,IDN,Indonesia,A,Annual,LFEXP,Life expectancy,Y,Years,Y0,0 years,_T,Total,_Z,Not applicable,_Z,Not applicable,_Z,Not applicable,_Z,Not applicable,_Z,Not applicable,_Z,Not applicable,_Z,Not applicable,2020,,68.8,,,,,,,,,,,
DATAFLOW,OECD.ELS.HD:DSD_HEALTH_STAT@DF_LE(1.0),Life expectancy,I,PER,Peru,A,Annual,LFEXP,Life expectancy,Y,Years,Y0,0 years,_T,Total,_Z,Not applicable,_Z,Not applicable,_Z,Not applicable,_Z,Not applicable,_Z,Not applicable,_Z,Not applicable,_Z,Not applicable,2000,,70.4,,,,,,,,,,,
DATAFLOW,OECD.ELS.HD:DSD_HEALTH_STAT@DF_LE(1.0),Life expectancy,I,PER,Peru,A,Annual,LFEXP,Life expectancy,Y,Years,Y0,0 years,_T,Total,_Z,Not applicable,_Z,Not applicable,_Z,Not applicable,_Z,Not applicable,_Z,Not applicable,_Z,Not applicable,_Z,Not applicable,2001,,71,,,,,,,,,,,
DATAFLOW,OECD.ELS.HD:DSD_HEALTH_STAT@DF_LE(1.0),Life expectancy,I,PER,Peru,A,Annual,LFEXP,Life expectancy,Y,Years,Y0,0 years,_T,Total,_Z,Not applicable,_Z,Not applicable,_Z,Not applicable,_Z,Not applicable,_Z,Not applicable,_Z,Not applicable,_Z,Not applicable,2002,,71.7,,,,,,,,,,,
DATAFLOW,OECD.ELS.HD:DSD_HEALTH_STAT@DF_LE(1.0),Life expectancy,I,PER,Peru,A,Annual,LFEXP,Life expectancy,Y,Years,Y0,0 years,_T,Total,_Z,Not applicable,_Z,Not applicable,_Z,Not applicable,_Z,Not applicable,_Z,Not applicable,_Z,Not applicable,_Z,Not applicable,2003,,72.2,,,,,,,,,,,
DATAFLOW,OECD.ELS.HD:DSD_HEALTH_STAT@DF_LE(1.0),Life expectancy,I,PER,Peru,A,Annual,LFEXP,Life expectancy,Y,Years,Y0,0 years,_T,Total,_Z,Not applicable,_Z,Not applicable,_Z,Not applicable,_Z,Not applicable,_Z,Not applicable,_Z,Not applicable,_Z,Not applicable,2004,,72.7,,,,,,,,,,,
DATAFLOW,OECD.ELS.HD:DSD_HEALTH_STAT@DF_LE(1.0),Life expectancy,I,PER,Peru,A,Annual,LFEXP,Life expectancy,Y,Years,Y0,0 years,_T,Total,_Z,Not applicable,_Z,Not applicable,_Z,Not applicable,_Z,Not applicable,_Z,Not applicable,_Z,Not applicable,_Z,Not applicable,2005,,73,,,,,,,,,,,
DATAFLOW,OECD.ELS.HD:DSD_HEALTH_STAT@DF_LE(1.0),Life expectancy,I,PER,Peru,A,Annual,LFEXP,Life expectancy,Y,Years,Y0,0 years,_T,Total,_Z,Not applicable,_Z,Not applicable,_Z,Not applicable,_Z,Not applicable,_Z,Not applicable,_Z,Not applicable,_Z,Not applicable,2006,,73.2,,,,,,,,,,,
DATAFLOW,OECD.ELS.HD:DSD_HEALTH_STAT@DF_LE(1.0),Life expectancy,I,PER,Peru,A,Annual,LFEXP,Life expectancy,Y,Years,Y0,0 years,_T,Total,_Z,Not applicable,_Z,Not applicable,_Z,Not applicable,_Z,Not applicable,_Z,Not applicable,_Z,Not applicable,_Z,Not applicable,2007,,73.2,,,,,,,,,,,
DATAFLOW,OECD.ELS.HD:DSD_HEALTH_STAT@DF_LE(1.0),Life expectancy,I,PER,Peru,A,Annual,LFEXP,Life expectancy,Y,Years,Y0,0 years,_T,Total,_Z,Not applicable,_Z,Not applicable,_Z,Not applicable,_Z,Not applicable,_Z,Not applicable,_Z,Not applicable,_Z,Not applicable,2008,,73.4,,,,,,,,,,,
DATAFLOW,OECD.ELS.HD:DSD_HEALTH_STAT@DF_LE(1.0),Life expectancy,I,PER,Peru,A,Annual,LFEXP,Life expectancy,Y,Years,Y0,0 years,_T,Total,_Z,Not applicable,_Z,Not applicable,_Z,Not applicable,_Z,Not applicable,_Z,Not applicable,_Z,Not applicable,_Z,Not applicable,2009,,73.5,,,,,,,,,,,
DATAFLOW,OECD.ELS.HD:DSD_HEALTH_STAT@DF_LE(1.0),Life expectancy,I,ROU,Romania,A,Annual,LFEXP,Life expectancy,Y,Years,Y0,0 years,_T,Total,_Z,Not applicable,_Z,Not applicable,_Z,Not applicable,_Z,Not applicable,_Z,Not applicable,_Z,Not applicable,_Z,Not applicable,2000,,71.2,,,,,,,,,,,
DATAFLOW,OECD.ELS.HD:DSD_HEALTH_STAT@DF_LE(1.0),Life expectancy,I,ROU,Romania,A,Annual,LFEXP,Life expectancy,Y,Years,Y0,0 years,_T,Total,_Z,Not applicable,_Z,Not applicable,_Z,Not applicable,_Z,Not applicable,_Z,Not applicable,_Z,Not applicable,_Z,Not applicable,2001,,71.1,,,,,,,,,,,
DATAFLOW,OECD.ELS.HD:DSD_HEALTH_STAT@DF_LE(1.0),Life expectancy,I,ROU,Romania,A,Annual,LFEXP,Life expectancy,Y,Years,Y0,0 years,_T,Total,_Z,Not applicable,_Z,Not applicable,_Z,Not applicable,_Z,Not applicable,_Z,Not applicable,_Z,Not applicable,_Z,Not applicable,2002,,70.9,,,,,,,,,,,
DATAFLOW,OECD.ELS.HD:DSD_HEALTH_STAT@DF_LE(1.0),Life expectancy,I,ROU,Romania,A,Annual,LFEXP,Life expectancy,Y,Years,Y0,0 years,_T,Total,_Z,Not applicable,_Z,Not applicable,_Z,Not applicable,_Z,Not applicable,_Z,Not applicable,_Z,Not applicable,_Z,Not applicable,2003,,71,,,,,,,,,,,
DATAFLOW,OECD.ELS.HD:DSD_HEALTH_STAT@DF_LE(1.0),Life expectancy,I,ROU,Romania,A,Annual,LFEXP,Life expectancy,Y,Years,Y0,0 years,_T,Total,_Z,Not applicable,_Z,Not applicable,_Z,Not applicable,_Z,Not applicable,_Z,Not applicable,_Z,Not applicable,_Z,Not applicable,2004,,71.4,,,,,,,,,,,
DATAFLOW,OECD.ELS.HD:DSD_HEALTH_STAT@DF_LE(1.0),Life expectancy,I,ROU,Romania,A,Annual,LFEXP,Life expectancy,Y,Years,Y0,0 years,_T,Total,_Z,Not applicable,_Z,Not applicable,_Z,Not applicable,_Z,Not applicable,_Z,Not applicable,_Z,Not applicable,_Z,Not applicable,2005,,71.9,,,,,,,,,,,
DATAFLOW,OECD.ELS.HD:DSD_HEALTH_STAT@DF_LE(1.0),Life expectancy,I,ROU,Romania,A,Annual,LFEXP,Life expectancy,Y,Years,Y0,0 years,_T,Total,_Z,Not applicable,_Z,Not applicable,_Z,Not applicable,_Z,Not applicable,_Z,Not applicable,_Z,Not applicable,_Z,Not applicable,2006,,72.5,,,,,,,,,,,
DATAFLOW,OECD.ELS.HD:DSD_HEALTH_STAT@DF_LE(1.0),Life expectancy,I,ROU,Romania,A,Annual,LFEXP,Life expectancy,Y,Years,Y0,0 years,_T,Total,_Z,Not applicable,_Z,Not applicable,_Z,Not applicable,_Z,Not applicable,_Z,Not applicable,_Z,Not applicable,_Z,Not applicable,2007,,73.1,,,,,,,,,,,
DATAFLOW,OECD.ELS.HD:DSD_HEALTH_STAT@DF_LE(1.0),Life expectancy,I,ROU,Romania,A,Annual,LFEXP,Life expectancy,Y,Years,Y0,0 years,_T,Total,_Z,Not applicable,_Z,Not applicable,_Z,Not applicable,_Z,Not applicable,_Z,Not applicable,_Z,Not applicable,_Z,Not applicable,2008,,73.5,,,,,,,,,,,
DATAFLOW,OECD.ELS.HD:DSD_HEALTH_STAT@DF_LE(1.0),Life expectancy,I,ROU,Romania,A,Annual,LFEXP,Life expectancy,Y,Years,Y0,0 years,_T,Total,_Z,Not applicable,_Z,Not applicable,_Z,Not applicable,_Z,Not applicable,_Z,Not applicable,_Z,Not applicable,_Z,Not applicable,2009,,73.7,,,,,,,,,,,
DATAFLOW,OECD.ELS.HD:DSD_HEALTH_STAT@DF_LE(1.0),Life expectancy,I,ROU,Romania,A,Annual,LFEXP,Life expectancy,Y,Years,Y0,0 years,_T,Total,_Z,Not applicable,_Z,Not applicable,_Z,Not applicable,_Z,Not applicable,_Z,Not applicable,_Z,Not applicable,_Z,Not applicable,2010,,73.7,,,,,,,,,,,
DATAFLOW,OECD.ELS.HD:DSD_HEALTH_STAT@DF_LE(1.0),Life expectancy,I,ROU,Romania,A,Annual,LFEXP,Life expectancy,Y,Years,Y0,0 years,_T,Total,_Z,Not applicable,_Z,Not applicable,_Z,Not applicable,_Z,Not applicable,_Z,Not applicable,_Z,Not applicable,_Z,Not applicable,2011,,74.4,,,,,,,,,,,
DATAFLOW,OECD.ELS.HD:DSD_HEALTH_STAT@DF_LE(1.0),Life expectancy,I,ROU,Romania,A,Annual,LFEXP,Life expectancy,Y,Years,Y0,0 years,_T,Total,_Z,Not applicable,_Z,Not applicable,_Z,Not applicable,_Z,Not applicable,_Z,Not applicable,_Z,Not applicable,_Z,Not applicable,2012,,74.4,,,,,,,,,,,
DATAFLOW,OECD.ELS.HD:DSD_HEALTH_STAT@DF_LE(1.0),Life expectancy,I,ROU,Romania,A,Annual,LFEXP,Life expectancy,Y,Years,Y0,0 years,_T,Total,_Z,Not applicable,_Z,Not applicable,_Z,Not applicable,_Z,Not applicable,_Z,Not applicable,_Z,Not applicable,_Z,Not applicable,2013,,75.1,,,,,,,,,,,
DATAFLOW,OECD.ELS.HD:DSD_HEALTH_STAT@DF_LE(1.0),Life expectancy,I,ROU,Romania,A,Annual,LFEXP,Life expectancy,Y,Years,Y0,0 years,_T,Total,_Z,Not applicable,_Z,Not applicable,_Z,Not applicable,_Z,Not applicable,_Z,Not applicable,_Z,Not applicable,_Z,Not applicable,2014,,75,,,,,,,,,,,
DATAFLOW,OECD.ELS.HD:DSD_HEALTH_STAT@DF_LE(1.0),Life expectancy,I,ROU,Romania,A,Annual,LFEXP,Life expectancy,Y,Years,Y0,0 years,_T,Total,_Z,Not applicable,_Z,Not applicable,_Z,Not applicable,_Z,Not applicable,_Z,Not applicable,_Z,Not applicable,_Z,Not applicable,2015,,74.9,,,,,,,,,,,
DATAFLOW,OECD.ELS.HD:DSD_HEALTH_STAT@DF_LE(1.0),Life expectancy,I,ROU,Romania,A,Annual,LFEXP,Life expectancy,Y,Years,Y0,0 years,_T,Total,_Z,Not applicable,_Z,Not applicable,_Z,Not applicable,_Z,Not applicable,_Z,Not applicable,_Z,Not applicable,_Z,Not applicable,2016,,75.2,,,,,,,,,,,
DATAFLOW,OECD.ELS.HD:DSD_HEALTH_STAT@DF_LE(1.0),Life expectancy,I,ROU,Romania,A,Annual,LFEXP,Life expectancy,Y,Years,Y0,0 years,_T,Total,_Z,Not applicable,_Z,Not applicable,_Z,Not applicable,_Z,Not applicable,_Z,Not applicable,_Z,Not applicable,_Z,Not applicable,2017,,75.2,,,,,,,,,,,
DATAFLOW,OECD.ELS.HD:DSD_HEALTH_STAT@DF_LE(1.0),Life expectancy,I,ROU,Romania,A,Annual,LFEXP,Life expectancy,Y,Years,Y0,0 years,_T,Total,_Z,Not applicable,_Z,Not applicable,_Z,Not applicable,_Z,Not applicable,_Z,Not applicable,_Z,Not applicable,_Z,Not applicable,2018,,75.3,,,,,,,,,,,
DATAFLOW,OECD.ELS.HD:DSD_HEALTH_STAT@DF_LE(1.0),Life expectancy,I,ROU,Romania,A,Annual,LFEXP,Life expectancy,Y,Years,Y0,0 years,_T,Total,_Z,Not applicable,_Z,Not applicable,_Z,Not applicable,_Z,Not applicable,_Z,Not applicable,_Z,Not applicable,_Z,Not applicable,2019,,75.6,,,,,,,,,,,
DATAFLOW,OECD.ELS.HD:DSD_HEALTH_STAT@DF_LE(1.0),Life expectancy,I,ROU,Romania,A,Annual,LFEXP,Life expectancy,Y,Years,Y0,0 years,_T,Total,_Z,Not applicable,_Z,Not applicable,_Z,Not applicable,_Z,Not applicable,_Z,Not applicable,_Z,Not applicable,_Z,Not applicable,2020,,74.2,,,,,,,,,,,
DATAFLOW,OECD.ELS.HD:DSD_HEALTH_STAT@DF_LE(1.0),Life expectancy,I,ROU,Romania,A,Annual,LFEXP,Life expectancy,Y,Years,Y0,0 years,_T,Total,_Z,Not applicable,_Z,Not applicable,_Z,Not applicable,_Z,Not applicable,_Z,Not applicable,_Z,Not applicable,_Z,Not applicable,2021,,72.8,,,,,,,,,,,
DATAFLOW,OECD.ELS.HD:DSD_HEALTH_STAT@DF_LE(1.0),Life expectancy,I,ROU,Romania,A,Annual,LFEXP,Life expectancy,Y,Years,Y0,0 years,_T,Total,_Z,Not applicable,_Z,Not applicable,_Z,Not applicable,_Z,Not applicable,_Z,Not applicable,_Z,Not applicable,_Z,Not applicable,2022,,75.1,,,,,,,,,,,
DATAFLOW,OECD.ELS.HD:DSD_HEALTH_STAT@DF_LE(1.0),Life expectancy,I,ZAF,South Africa,A,Annual,LFEXP,Life expectancy,Y,Years,Y0,0 years,_T,Total,_Z,Not applicable,_Z,Not applicable,_Z,Not applicable,_Z,Not applicable,_Z,Not applicable,_Z,Not applicable,_Z,Not applicable,2004,,54,,,,,,,,,,,
DATAFLOW,OECD.ELS.HD:DSD_HEALTH_STAT@DF_LE(1.0),Life expectancy,I,ZAF,South Africa,A,Annual,LFEXP,Life expectancy,Y,Years,Y0,0 years,_T,Total,_Z,Not applicable,_Z,Not applicable,_Z,Not applicable,_Z,Not applicable,_Z,Not applicable,_Z,Not applicable,_Z,Not applicable,2008,,56,,,,,,,,,,,
DATAFLOW,OECD.ELS.HD:DSD_HEALTH_STAT@DF_LE(1.0),Life expectancy,I,ZAF,South Africa,A,Annual,LFEXP,Life expectancy,Y,Years,Y0,0 years,_T,Total,_Z,Not applicable,_Z,Not applicable,_Z,Not applicable,_Z,Not applicable,_Z,Not applicable,_Z,Not applicable,_Z,Not applicable,2009,,57.4,,,,,,,,,,,
DATAFLOW,OECD.ELS.HD:DSD_HEALTH_STAT@DF_LE(1.0),Life expectancy,I,ZAF,South Africa,A,Annual,LFEXP,Life expectancy,Y,Years,Y0,0 years,_T,Total,_Z,Not applicable,_Z,Not applicable,_Z,Not applicable,_Z,Not applicable,_Z,Not applicable,_Z,Not applicable,_Z,Not applicable,2010,,58.9,,,,,,,,,,,
DATAFLOW,OECD.ELS.HD:DSD_HEALTH_STAT@DF_LE(1.0),Life expectancy,I,ZAF,South Africa,A,Annual,LFEXP,Life expectancy,Y,Years,Y0,0 years,_T,Total,_Z,Not applicable,_Z,Not applicable,_Z,Not applicable,_Z,Not applicable,_Z,Not applicable,_Z,Not applicable,_Z,Not applicable,2016,,64.7,,,,,,,,,,,
DATAFLOW,OECD.ELS.HD:DSD_HEALTH_STAT@DF_LE(1.0),Life expectancy,I,ZAF,South Africa,A,Annual,LFEXP,Life expectancy,Y,Years,Y0,0 years,_T,Total,_Z,Not applicable,_Z,Not applicable,_Z,Not applicable,_Z,Not applicable,_Z,Not applicable,_Z,Not applicable,_Z,Not applicable,2017,,65.4,,,,,,,,,,,
DATAFLOW,OECD.ELS.HD:DSD_HEALTH_STAT@DF_LE(1.0),Life expectancy,I,ZAF,South Africa,A,Annual,LFEXP,Life expectancy,Y,Years,Y0,0 years,_T,Total,_Z,Not applicable,_Z,Not applicable,_Z,Not applicable,_Z,Not applicable,_Z,Not applicable,_Z,Not applicable,_Z,Not applicable,2018,,65.7,,,,,,,,,,,
DATAFLOW,OECD.ELS.HD:DSD_HEALTH_STAT@DF_LE(1.0),Life expectancy,I,SWE,Sweden,A,Annual,LFEXP,Life expectancy,Y,Years,Y0,0 years,_T,Total,_Z,Not applicable,_Z,Not applicable,_Z,Not applicable,_Z,Not applicable,_Z,Not applicable,_Z,Not applicable,_Z,Not applicable,2000,,79.8,,,,,,,,,,,
DATAFLOW,OECD.ELS.HD:DSD_HEALTH_STAT@DF_LE(1.0),Life expectancy,I,SWE,Sweden,A,Annual,LFEXP,Life expectancy,Y,Years,Y0,0 years,_T,Total,_Z,Not applicable,_Z,Not applicable,_Z,Not applicable,_Z,Not applicable,_Z,Not applicable,_Z,Not applicable,_Z,Not applicable,2001,,79.9,,,,,,,,,,,
DATAFLOW,OECD.ELS.HD:DSD_HEALTH_STAT@DF_LE(1.0),Life expectancy,I,SWE,Sweden,A,Annual,LFEXP,Life expectancy,Y,Years,Y0,0 years,_T,Total,_Z,Not applicable,_Z,Not applicable,_Z,Not applicable,_Z,Not applicable,_Z,Not applicable,_Z,Not applicable,_Z,Not applicable,2002,,80,,,,,,,,,,,
DATAFLOW,OECD.ELS.HD:DSD_HEALTH_STAT@DF_LE(1.0),Life expectancy,I,SWE,Sweden,A,Annual,LFEXP,Life expectancy,Y,Years,Y0,0 years,_T,Total,_Z,Not applicable,_Z,Not applicable,_Z,Not applicable,_Z,Not applicable,_Z,Not applicable,_Z,Not applicable,_Z,Not applicable,2003,,80.3,,,,,,,,,,,
DATAFLOW,OECD.ELS.HD:DSD_HEALTH_STAT@DF_LE(1.0),Life expectancy,I,SWE,Sweden,A,Annual,LFEXP,Life expectancy,Y,Years,Y0,0 years,_T,Total,_Z,Not applicable,_Z,Not applicable,_Z,Not applicable,_Z,Not applicable,_Z,Not applicable,_Z,Not applicable,_Z,Not applicable,2004,,80.7,,,,,,,,,,,
DATAFLOW,OECD.ELS.HD:DSD_HEALTH_STAT@DF_LE(1.0),Life expectancy,I,SWE,Sweden,A,Annual,LFEXP,Life expectancy,Y,Years,Y0,0 years,_T,Total,_Z,Not applicable,_Z,Not applicable,_Z,Not applicable,_Z,Not applicable,_Z,Not applicable,_Z,Not applicable,_Z,Not applicable,2005,,80.7,,,,,,,,,,,
DATAFLOW,OECD.ELS.HD:DSD_HEALTH_STAT@DF_LE(1.0),Life expectancy,I,SWE,Sweden,A,Annual,LFEXP,Life expectancy,Y,Years,Y0,0 years,_T,Total,_Z,Not applicable,_Z,Not applicable,_Z,Not applicable,_Z,Not applicable,_Z,Not applicable,_Z,Not applicable,_Z,Not applicable,2006,,81,,,,,,,,,,,
DATAFLOW,OECD.ELS.HD:DSD_HEALTH_STAT@DF_LE(1.0),Life expectancy,I,SWE,Sweden,A,Annual,LFEXP,Life expectancy,Y,Years,Y0,0 years,_T,Total,_Z,Not applicable,_Z,Not applicable,_Z,Not applicable,_Z,Not applicable,_Z,Not applicable,_Z,Not applicable,_Z,Not applicable,2007,,81.1,,,,,,,,,,,
DATAFLOW,OECD.ELS.HD:DSD_HEALTH_STAT@DF_LE(1.0),Life expectancy,I,SWE,Sweden,A,Annual,LFEXP,Life expectancy,Y,Years,Y0,0 years,_T,Total,_Z,Not applicable,_Z,Not applicable,_Z,Not applicable,_Z,Not applicable,_Z,Not applicable,_Z,Not applicable,_Z,Not applicable,2008,,81.3,,,,,,,,,,,
DATAFLOW,OECD.ELS.HD:DSD_HEALTH_STAT@DF_LE(1.0),Life expectancy,I,SWE,Sweden,A,Annual,LFEXP,Life expectancy,Y,Years,Y0,0 years,_T,Total,_Z,Not applicable,_Z,Not applicable,_Z,Not applicable,_Z,Not applicable,_Z,Not applicable,_Z,Not applicable,_Z,Not applicable,2009,,81.5,,,,,,,,,,,
DATAFLOW,OECD.ELS.HD:DSD_HEALTH_STAT@DF_LE(1.0),Life expectancy,I,SWE,Sweden,A,Annual,LFEXP,Life expectancy,Y,Years,Y0,0 years,_T,Total,_Z,Not applicable,_Z,Not applicable,_Z,Not applicable,_Z,Not applicable,_Z,Not applicable,_Z,Not applicable,_Z,Not applicable,2010,,81.6,,,,,,,,,,,
DATAFLOW,OECD.ELS.HD:DSD_HEALTH_STAT@DF_LE(1.0),Life expectancy,I,SWE,Sweden,A,Annual,LFEXP,Life expectancy,Y,Years,Y0,0 years,_T,Total,_Z,Not applicable,_Z,Not applicable,_Z,Not applicable,_Z,Not applicable,_Z,Not applicable,_Z,Not applicable,_Z,Not applicable,2011,,81.9,,,,,,,,,,,
DATAFLOW,OECD.ELS.HD:DSD_HEALTH_STAT@DF_LE(1.0),Life expectancy,I,SWE,Sweden,A,Annual,LFEXP,Life expectancy,Y,Years,Y0,0 years,_T,Total,_Z,Not applicable,_Z,Not applicable,_Z,Not applicable,_Z,Not applicable,_Z,Not applicable,_Z,Not applicable,_Z,Not applicable,2012,,81.8,,,,,,,,,,,
DATAFLOW,OECD.ELS.HD:DSD_HEALTH_STAT@DF_LE(1.0),Life expectancy,I,SWE,Sweden,A,Annual,LFEXP,Life expectancy,Y,Years,Y0,0 years,_T,Total,_Z,Not applicable,_Z,Not applicable,_Z,Not applicable,_Z,Not applicable,_Z,Not applicable,_Z,Not applicable,_Z,Not applicable,2013,,82,,,,,,,,,,,
DATAFLOW,OECD.ELS.HD:DSD_HEALTH_STAT@DF_LE(1.0),Life expectancy,I,SWE,Sweden,A,Annual,LFEXP,Life expectancy,Y,Years,Y0,0 years,_T,Total,_Z,Not applicable,_Z,Not applicable,_Z,Not applicable,_Z,Not applicable,_Z,Not applicable,_Z,Not applicable,_Z,Not applicable,2014,,82.3,,,,,,,,,,,
DATAFLOW,OECD.ELS.HD:DSD_HEALTH_STAT@DF_LE(1.0),Life expectancy,I,SWE,Sweden,A,Annual,LFEXP,Life expectancy,Y,Years,Y0,0 years,_T,Total,_Z,Not applicable,_Z,Not applicable,_Z,Not applicable,_Z,Not applicable,_Z,Not applicable,_Z,Not applicable,_Z,Not applicable,2015,,82.2,,,,,,,,,,,
DATAFLOW,OECD.ELS.HD:DSD_HEALTH_STAT@DF_LE(1.0),Life expectancy,I,SWE,Sweden,A,Annual,LFEXP,Life expectancy,Y,Years,Y0,0 years,_T,Total,_Z,Not applicable,_Z,Not applicable,_Z,Not applicable,_Z,Not applicable,_Z,Not applicable,_Z,Not applicable,_Z,Not applicable,2016,,82.4,,,,,,,,,,,
DATAFLOW,OECD.ELS.HD:DSD_HEALTH_STAT@DF_LE(1.0),Life expectancy,I,SWE,Sweden,A,Annual,LFEXP,Life expectancy,Y,Years,Y0,0 years,_T,Total,_Z,Not applicable,_Z,Not applicable,_Z,Not applicable,_Z,Not applicable,_Z,Not applicable,_Z,Not applicable,_Z,Not applicable,2017,,82.5,,,,,,,,,,,
DATAFLOW,OECD.ELS.HD:DSD_HEALTH_STAT@DF_LE(1.0),Life expectancy,I,SWE,Sweden,A,Annual,LFEXP,Life expectancy,Y,Years,Y0,0 years,_T,Total,_Z,Not applicable,_Z,Not applicable,_Z,Not applicable,_Z,Not applicable,_Z,Not applicable,_Z,Not applicable,_Z,Not applicable,2018,,82.6,,,,,,,,,,,
DATAFLOW,OECD.ELS.HD:DSD_HEALTH_STAT@DF_LE(1.0),Life expectancy,I,SWE,Sweden,A,Annual,LFEXP,Life expectancy,Y,Years,Y0,0 years,_T,Total,_Z,Not applicable,_Z,Not applicable,_Z,Not applicable,_Z,Not applicable,_Z,Not applicable,_Z,Not applicable,_Z,Not applicable,2019,,83.2,,,,,,,,,,,
DATAFLOW,OECD.ELS.HD:DSD_HEALTH_STAT@DF_LE(1.0),Life expectancy,I,SWE,Sweden,A,Annual,LFEXP,Life expectancy,Y,Years,Y0,0 years,_T,Total,_Z,Not applicable,_Z,Not applicable,_Z,Not applicable,_Z,Not applicable,_Z,Not applicable,_Z,Not applicable,_Z,Not applicable,2020,,82.4,,,,,,,,,,,
DATAFLOW,OECD.ELS.HD:DSD_HEALTH_STAT@DF_LE(1.0),Life expectancy,I,SWE,Sweden,A,Annual,LFEXP,Life expectancy,Y,Years,Y0,0 years,_T,Total,_Z,Not applicable,_Z,Not applicable,_Z,Not applicable,_Z,Not applicable,_Z,Not applicable,_Z,Not applicable,_Z,Not applicable,2021,,83.1,,,,,,,,,,,
DATAFLOW,OECD.ELS.HD:DSD_HEALTH_STAT@DF_LE(1.0),Life expectancy,I,SWE,Sweden,A,Annual,LFEXP,Life expectancy,Y,Years,Y0,0 years,_T,Total,_Z,Not applicable,_Z,Not applicable,_Z,Not applicable,_Z,Not applicable,_Z,Not applicable,_Z,Not applicable,_Z,Not applicable,2022,,83.1,,,,,,,,,,,
DATAFLOW,OECD.ELS.HD:DSD_HEALTH_STAT@DF_LE(1.0),Life expectancy,I,SWE,Sweden,A,Annual,LFEXP,Life expectancy,Y,Years,Y0,0 years,_T,Total,_Z,Not applicable,_Z,Not applicable,_Z,Not applicable,_Z,Not applicable,_Z,Not applicable,_Z,Not applicable,_Z,Not applicable,2023,,83.4,,,,,,,,,,,
DATAFLOW,OECD.ELS.HD:DSD_HEALTH_STAT@DF_LE(1.0),Life expectancy,I,BEL,Belgium,A,Annual,LFEXP,Life expectancy,Y,Years,Y0,0 years,_T,Total,_Z,Not applicable,_Z,Not applicable,_Z,Not applicable,_Z,Not applicable,_Z,Not applicable,_Z,Not applicable,_Z,Not applicable,2000,,77.9,,,,,,,,,,,
DATAFLOW,OECD.ELS.HD:DSD_HEALTH_STAT@DF_LE(1.0),Life expectancy,I,BEL,Belgium,A,Annual,LFEXP,Life expectancy,Y,Years,Y0,0 years,_T,Total,_Z,Not applicable,_Z,Not applicable,_Z,Not applicable,_Z,Not applicable,_Z,Not applicable,_Z,Not applicable,_Z,Not applicable,2001,,78.1,,,,,,,,,,,
DATAFLOW,OECD.ELS.HD:DSD_HEALTH_STAT@DF_LE(1.0),Life expectancy,I,BEL,Belgium,A,Annual,LFEXP,Life expectancy,Y,Years,Y0,0 years,_T,Total,_Z,Not applicable,_Z,Not applicable,_Z,Not applicable,_Z,Not applicable,_Z,Not applicable,_Z,Not applicable,_Z,Not applicable,2002,,78.2,,,,,,,,,,,
DATAFLOW,OECD.ELS.HD:DSD_HEALTH_STAT@DF_LE(1.0),Life expectancy,I,BEL,Belgium,A,Annual,LFEXP,Life expectancy,Y,Years,Y0,0 years,_T,Total,_Z,Not applicable,_Z,Not applicable,_Z,Not applicable,_Z,Not applicable,_Z,Not applicable,_Z,Not applicable,_Z,Not applicable,2003,,78.3,,,,,,,,,,,
DATAFLOW,OECD.ELS.HD:DSD_HEALTH_STAT@DF_LE(1.0),Life expectancy,I,BEL,Belgium,A,Annual,LFEXP,Life expectancy,Y,Years,Y0,0 years,_T,Total,_Z,Not applicable,_Z,Not applicable,_Z,Not applicable,_Z,Not applicable,_Z,Not applicable,_Z,Not applicable,_Z,Not applicable,2004,,79,,,,,,,,,,,
DATAFLOW,OECD.ELS.HD:DSD_HEALTH_STAT@DF_LE(1.0),Life expectancy,I,BEL,Belgium,A,Annual,LFEXP,Life expectancy,Y,Years,Y0,0 years,_T,Total,_Z,Not applicable,_Z,Not applicable,_Z,Not applicable,_Z,Not applicable,_Z,Not applicable,_Z,Not applicable,_Z,Not applicable,2005,,79.1,,,,,,,,,,,
DATAFLOW,OECD.ELS.HD:DSD_HEALTH_STAT@DF_LE(1.0),Life expectancy,I,BEL,Belgium,A,Annual,LFEXP,Life expectancy,Y,Years,Y0,0 years,_T,Total,_Z,Not applicable,_Z,Not applicable,_Z,Not applicable,_Z,Not applicable,_Z,Not applicable,_Z,Not applicable,_Z,Not applicable,2006,,79.5,,,,,,,,,,,
DATAFLOW,OECD.ELS.HD:DSD_HEALTH_STAT@DF_LE(1.0),Life expectancy,I,BEL,Belgium,A,Annual,LFEXP,Life expectancy,Y,Years,Y0,0 years,_T,Total,_Z,Not applicable,_Z,Not applicable,_Z,Not applicable,_Z,Not applicable,_Z,Not applicable,_Z,Not applicable,_Z,Not applicable,2007,,79.9,,,,,,,,,,,
DATAFLOW,OECD.ELS.HD:DSD_HEALTH_STAT@DF_LE(1.0),Life expectancy,I,BEL,Belgium,A,Annual,LFEXP,Life expectancy,Y,Years,Y0,0 years,_T,Total,_Z,Not applicable,_Z,Not applicable,_Z,Not applicable,_Z,Not applicable,_Z,Not applicable,_Z,Not applicable,_Z,Not applicable,2008,,79.8,,,,,,,,,,,
DATAFLOW,OECD.ELS.HD:DSD_HEALTH_STAT@DF_LE(1.0),Life expectancy,I,BEL,Belgium,A,Annual,LFEXP,Life expectancy,Y,Years,Y0,0 years,_T,Total,_Z,Not applicable,_Z,Not applicable,_Z,Not applicable,_Z,Not applicable,_Z,Not applicable,_Z,Not applicable,_Z,Not applicable,2009,,80.2,,,,,,,,,,,
DATAFLOW,OECD.ELS.HD:DSD_HEALTH_STAT@DF_LE(1.0),Life expectancy,I,BEL,Belgium,A,Annual,LFEXP,Life expectancy,Y,Years,Y0,0 years,_T,Total,_Z,Not applicable,_Z,Not applicable,_Z,Not applicable,_Z,Not applicable,_Z,Not applicable,_Z,Not applicable,_Z,Not applicable,2010,,80.3,,,,,,,,,,,
DATAFLOW,OECD.ELS.HD:DSD_HEALTH_STAT@DF_LE(1.0),Life expectancy,I,BEL,Belgium,A,Annual,LFEXP,Life expectancy,Y,Years,Y0,0 years,_T,Total,_Z,Not applicable,_Z,Not applicable,_Z,Not applicable,_Z,Not applicable,_Z,Not applicable,_Z,Not applicable,_Z,Not applicable,2011,,80.7,,,,,,,,,,,
DATAFLOW,OECD.ELS.HD:DSD_HEALTH_STAT@DF_LE(1.0),Life expectancy,I,BEL,Belgium,A,Annual,LFEXP,Life expectancy,Y,Years,Y0,0 years,_T,Total,_Z,Not applicable,_Z,Not applicable,_Z,Not applicable,_Z,Not applicable,_Z,Not applicable,_Z,Not applicable,_Z,Not applicable,2012,,80.5,,,,,,,,,,,
DATAFLOW,OECD.ELS.HD:DSD_HEALTH_STAT@DF_LE(1.0),Life expectancy,I,BEL,Belgium,A,Annual,LFEXP,Life expectancy,Y,Years,Y0,0 years,_T,Total,_Z,Not applicable,_Z,Not applicable,_Z,Not applicable,_Z,Not applicable,_Z,Not applicable,_Z,Not applicable,_Z,Not applicable,2013,,80.7,,,,,,,,,,,
DATAFLOW,OECD.ELS.HD:DSD_HEALTH_STAT@DF_LE(1.0),Life expectancy,I,BEL,Belgium,A,Annual,LFEXP,Life expectancy,Y,Years,Y0,0 years,_T,Total,_Z,Not applicable,_Z,Not applicable,_Z,Not applicable,_Z,Not applicable,_Z,Not applicable,_Z,Not applicable,_Z,Not applicable,2014,,81.4,,,,,,,,,,,
DATAFLOW,OECD.ELS.HD:DSD_HEALTH_STAT@DF_LE(1.0),Life expectancy,I,BEL,Belgium,A,Annual,LFEXP,Life expectancy,Y,Years,Y0,0 years,_T,Total,_Z,Not applicable,_Z,Not applicable,_Z,Not applicable,_Z,Not applicable,_Z,Not applicable,_Z,Not applicable,_Z,Not applicable,2015,,81.1,,,,,,,,,,,
DATAFLOW,OECD.ELS.HD:DSD_HEALTH_STAT@DF_LE(1.0),Life expectancy,I,BEL,Belgium,A,Annual,LFEXP,Life expectancy,Y,Years,Y0,0 years,_T,Total,_Z,Not applicable,_Z,Not applicable,_Z,Not applicable,_Z,Not applicable,_Z,Not applicable,_Z,Not applicable,_Z,Not applicable,2016,,81.5,,,,,,,,,,,
DATAFLOW,OECD.ELS.HD:DSD_HEALTH_STAT@DF_LE(1.0),Life expectancy,I,BEL,Belgium,A,Annual,LFEXP,Life expectancy,Y,Years,Y0,0 years,_T,Total,_Z,Not applicable,_Z,Not applicable,_Z,Not applicable,_Z,Not applicable,_Z,Not applicable,_Z,Not applicable,_Z,Not applicable,2017,,81.6,,,,,,,,,,,
DATAFLOW,OECD.ELS.HD:DSD_HEALTH_STAT@DF_LE(1.0),Life expectancy,I,BEL,Belgium,A,Annual,LFEXP,Life expectancy,Y,Years,Y0,0 years,_T,Total,_Z,Not applicable,_Z,Not applicable,_Z,Not applicable,_Z,Not applicable,_Z,Not applicable,_Z,Not applicable,_Z,Not applicable,2018,,81.7,,,,,,,,,,,
DATAFLOW,OECD.ELS.HD:DSD_HEALTH_STAT@DF_LE(1.0),Life expectancy,I,BEL,Belgium,A,Annual,LFEXP,Life expectancy,Y,Years,Y0,0 years,_T,Total,_Z,Not applicable,_Z,Not applicable,_Z,Not applicable,_Z,Not applicable,_Z,Not applicable,_Z,Not applicable,_Z,Not applicable,2019,,82.1,,,,,,,,,,,
DATAFLOW,OECD.ELS.HD:DSD_HEALTH_STAT@DF_LE(1.0),Life expectancy,I,BEL,Belgium,A,Annual,LFEXP,Life expectancy,Y,Years,Y0,0 years,_T,Total,_Z,Not applicable,_Z,Not applicable,_Z,Not applicable,_Z,Not applicable,_Z,Not applicable,_Z,Not applicable,_Z,Not applicable,2020,,80.8,,,,,,,,,,,
DATAFLOW,OECD.ELS.HD:DSD_HEALTH_STAT@DF_LE(1.0),Life expectancy,I,BEL,Belgium,A,Annual,LFEXP,Life expectancy,Y,Years,Y0,0 years,_T,Total,_Z,Not applicable,_Z,Not applicable,_Z,Not applicable,_Z,Not applicable,_Z,Not applicable,_Z,Not applicable,_Z,Not applicable,2021,,81.9,,,,,,,,,,,
DATAFLOW,OECD.ELS.HD:DSD_HEALTH_STAT@DF_LE(1.0),Life expectancy,I,BEL,Belgium,A,Annual,LFEXP,Life expectancy,Y,Years,Y0,0 years,_T,Total,_Z,Not applicable,_Z,Not applicable,_Z,Not applicable,_Z,Not applicable,_Z,Not applicable,_Z,Not applicable,_Z,Not applicable,2022,,81.8,,,,,,,,,,,
DATAFLOW,OECD.ELS.HD:DSD_HEALTH_STAT@DF_LE(1.0),Life expectancy,I,BEL,Belgium,A,Annual,LFEXP,Life expectancy,Y,Years,Y0,0 years,_T,Total,_Z,Not applicable,_Z,Not applicable,_Z,Not applicable,_Z,Not applicable,_Z,Not applicable,_Z,Not applicable,_Z,Not applicable,2023,,82.5,,,,,,,,,,,
DATAFLOW,OECD.ELS.HD:DSD_HEALTH_STAT@DF_LE(1.0),Life expectancy,I,AUS,Australia,A,Annual,LFEXP,Life expectancy,Y,Years,Y0,0 years,_T,Total,_Z,Not applicable,_Z,Not applicable,_Z,Not applicable,_Z,Not applicable,_Z,Not applicable,_Z,Not applicable,_Z,Not applicable,2018,,82.8,,,,,,,,,,,
DATAFLOW,OECD.ELS.HD:DSD_HEALTH_STAT@DF_LE(1.0),Life expectancy,I,CAN,Canada,A,Annual,LFEXP,Life expectancy,Y,Years,Y0,0 years,_T,Total,_Z,Not applicable,_Z,Not applicable,_Z,Not applicable,_Z,Not applicable,_Z,Not applicable,_Z,Not applicable,_Z,Not applicable,2019,,82.2,,,,,,,,,,,
DATAFLOW,OECD.ELS.HD:DSD_HEALTH_STAT@DF_LE(1.0),Life expectancy,I,CAN,Canada,A,Annual,LFEXP,Life expectancy,Y,Years,Y0,0 years,_T,Total,_Z,Not applicable,_Z,Not applicable,_Z,Not applicable,_Z,Not applicable,_Z,Not applicable,_Z,Not applicable,_Z,Not applicable,2020,,81.6,,,,,,,,,,,
DATAFLOW,OECD.ELS.HD:DSD_HEALTH_STAT@DF_LE(1.0),Life expectancy,I,CAN,Canada,A,Annual,LFEXP,Life expectancy,Y,Years,Y0,0 years,_T,Total,_Z,Not applicable,_Z,Not applicable,_Z,Not applicable,_Z,Not applicable,_Z,Not applicable,_Z,Not applicable,_Z,Not applicable,2022,,81.3,,,,,,,,,,,
DATAFLOW,OECD.ELS.HD:DSD_HEALTH_STAT@DF_LE(1.0),Life expectancy,I,CHL,Chile,A,Annual,LFEXP,Life expectancy,Y,Years,Y0,0 years,_T,Total,_Z,Not applicable,_Z,Not applicable,_Z,Not applicable,_Z,Not applicable,_Z,Not applicable,_Z,Not applicable,_Z,Not applicable,2021,,81,,,,,,,,,,,
DATAFLOW,OECD.ELS.HD:DSD_HEALTH_STAT@DF_LE(1.0),Life expectancy,I,CHL,Chile,A,Annual,LFEXP,Life expectancy,Y,Years,Y0,0 years,_T,Total,_Z,Not applicable,_Z,Not applicable,_Z,Not applicable,_Z,Not applicable,_Z,Not applicable,_Z,Not applicable,_Z,Not applicable,2022,,81.2,,,,,,,,,,,
DATAFLOW,OECD.ELS.HD:DSD_HEALTH_STAT@DF_LE(1.0),Life expectancy,I,CHL,Chile,A,Annual,LFEXP,Life expectancy,Y,Years,Y0,0 years,_T,Total,_Z,Not applicable,_Z,Not applicable,_Z,Not applicable,_Z,Not applicable,_Z,Not applicable,_Z,Not applicable,_Z,Not applicable,2024,,81.6,,,,,,,,,,,
DATAFLOW,OECD.ELS.HD:DSD_HEALTH_STAT@DF_LE(1.0),Life expectancy,I,COL,Colombia,A,Annual,LFEXP,Life expectancy,Y,Years,Y0,0 years,_T,Total,_Z,Not applicable,_Z,Not applicable,_Z,Not applicable,_Z,Not applicable,_Z,Not applicable,_Z,Not applicable,_Z,Not applicable,2024,,77.5,,,,,,,,,,,
DATAFLOW,OECD.ELS.HD:DSD_HEALTH_STAT@DF_LE(1.0),Life expectancy,I,CZE,Czechia,A,Annual,LFEXP,Life expectancy,Y,Years,Y0,0 years,_T,Total,_Z,Not applicable,_Z,Not applicable,_Z,Not applicable,_Z,Not applicable,_Z,Not applicable,_Z,Not applicable,_Z,Not applicable,2020,,78.3,,,,,,,,,,,
DATAFLOW,OECD.ELS.HD:DSD_HEALTH_STAT@DF_LE(1.0),Life expectancy,I,HUN,Hungary,A,Annual,LFEXP,Life expectancy,Y,Years,Y0,0 years,_T,Total,_Z,Not applicable,_Z,Not applicable,_Z,Not applicable,_Z,Not applicable,_Z,Not applicable,_Z,Not applicable,_Z,Not applicable,2020,,75.5,,,,,,,,,,,
DATAFLOW,OECD.ELS.HD:DSD_HEALTH_STAT@DF_LE(1.0),Life expectancy,I,HUN,Hungary,A,Annual,LFEXP,Life expectancy,Y,Years,Y0,0 years,_T,Total,_Z,Not applicable,_Z,Not applicable,_Z,Not applicable,_Z,Not applicable,_Z,Not applicable,_Z,Not applicable,_Z,Not applicable,2021,,74.1,,,,,,,,,,,
DATAFLOW,OECD.ELS.HD:DSD_HEALTH_STAT@DF_LE(1.0),Life expectancy,I,IRL,Ireland,A,Annual,LFEXP,Life expectancy,Y,Years,Y0,0 years,_T,Total,_Z,Not applicable,_Z,Not applicable,_Z,Not applicable,_Z,Not applicable,_Z,Not applicable,_Z,Not applicable,_Z,Not applicable,2020,,82.5,,,,,,,,,,,
DATAFLOW,OECD.ELS.HD:DSD_HEALTH_STAT@DF_LE(1.0),Life expectancy,I,IRL,Ireland,A,Annual,LFEXP,Life expectancy,Y,Years,Y0,0 years,_T,Total,_Z,Not applicable,_Z,Not applicable,_Z,Not applicable,_Z,Not applicable,_Z,Not applicable,_Z,Not applicable,_Z,Not applicable,2021,,82.3,,,,,,,,,,,
DATAFLOW,OECD.ELS.HD:DSD_HEALTH_STAT@DF_LE(1.0),Life expectancy,I,LTU,Lithuania,A,Annual,LFEXP,Life expectancy,Y,Years,Y0,0 years,_T,Total,_Z,Not applicable,_Z,Not applicable,_Z,Not applicable,_Z,Not applicable,_Z,Not applicable,_Z,Not applicable,_Z,Not applicable,2020,,75.2,,,,,,,,,,,
DATAFLOW,OECD.ELS.HD:DSD_HEALTH_STAT@DF_LE(1.0),Life expectancy,I,MEX,Mexico,A,Annual,LFEXP,Life expectancy,Y,Years,Y0,0 years,_T,Total,_Z,Not applicable,_Z,Not applicable,_Z,Not applicable,_Z,Not applicable,_Z,Not applicable,_Z,Not applicable,_Z,Not applicable,2024,,75.5,,,,,,,,,,,
DATAFLOW,OECD.ELS.HD:DSD_HEALTH_STAT@DF_LE(1.0),Life expectancy,I,NOR,Norway,A,Annual,LFEXP,Life expectancy,Y,Years,Y0,0 years,_T,Total,_Z,Not applicable,_Z,Not applicable,_Z,Not applicable,_Z,Not applicable,_Z,Not applicable,_Z,Not applicable,_Z,Not applicable,2022,,82.5,,,,,,,,,,,
DATAFLOW,OECD.ELS.HD:DSD_HEALTH_STAT@DF_LE(1.0),Life expectancy,I,PRT,Portugal,A,Annual,LFEXP,Life expectancy,Y,Years,Y0,0 years,_T,Total,_Z,Not applicable,_Z,Not applicable,_Z,Not applicable,_Z,Not applicable,_Z,Not applicable,_Z,Not applicable,_Z,Not applicable,2020,,81.5,,,,,,,,,,,
DATAFLOW,OECD.ELS.HD:DSD_HEALTH_STAT@DF_LE(1.0),Life expectancy,I,ESP,Spain,A,Annual,LFEXP,Life expectancy,Y,Years,Y0,0 years,_T,Total,_Z,Not applicable,_Z,Not applicable,_Z,Not applicable,_Z,Not applicable,_Z,Not applicable,_Z,Not applicable,_Z,Not applicable,2020,,82.3,,,,,,,,,,,
DATAFLOW,OECD.ELS.HD:DSD_HEALTH_STAT@DF_LE(1.0),Life expectancy,I,TUR,Türkiye,A,Annual,LFEXP,Life expectancy,Y,Years,Y0,0 years,_T,Total,_Z,Not applicable,_Z,Not applicable,_Z,Not applicable,_Z,Not applicable,_Z,Not applicable,_Z,Not applicable,_Z,Not applicable,2017,,78.3,,,,,,,,,,,
DATAFLOW,OECD.ELS.HD:DSD_HEALTH_STAT@DF_LE(1.0),Life expectancy,I,TUR,Türkiye,A,Annual,LFEXP,Life expectancy,Y,Years,Y0,0 years,_T,Total,_Z,Not applicable,_Z,Not applicable,_Z,Not applicable,_Z,Not applicable,_Z,Not applicable,_Z,Not applicable,_Z,Not applicable,2018,,78.6,,,,,,,,,,,
DATAFLOW,OECD.ELS.HD:DSD_HEALTH_STAT@DF_LE(1.0),Life expectancy,I,TUR,Türkiye,A,Annual,LFEXP,Life expectancy,Y,Years,Y0,0 years,_T,Total,_Z,Not applicable,_Z,Not applicable,_Z,Not applicable,_Z,Not applicable,_Z,Not applicable,_Z,Not applicable,_Z,Not applicable,2019,,78.3,,,,,,,,,,,
DATAFLOW,OECD.ELS.HD:DSD_HEALTH_STAT@DF_LE(1.0),Life expectancy,I,USA,United States,A,Annual,LFEXP,Life expectancy,Y,Years,Y0,0 years,_T,Total,_Z,Not applicable,_Z,Not applicable,_Z,Not applicable,_Z,Not applicable,_Z,Not applicable,_Z,Not applicable,_Z,Not applicable,2022,,77.5,,,,,,,,,,,
DATAFLOW,OECD.ELS.HD:DSD_HEALTH_STAT@DF_LE(1.0),Life expectancy,I,BGR,Bulgaria,A,Annual,LFEXP,Life expectancy,Y,Years,Y0,0 years,_T,Total,_Z,Not applicable,_Z,Not applicable,_Z,Not applicable,_Z,Not applicable,_Z,Not applicable,_Z,Not applicable,_Z,Not applicable,2020,,73.3,,,,,,,,,,,
DATAFLOW,OECD.ELS.HD:DSD_HEALTH_STAT@DF_LE(1.0),Life expectancy,I,BGR,Bulgaria,A,Annual,LFEXP,Life expectancy,Y,Years,Y0,0 years,_T,Total,_Z,Not applicable,_Z,Not applicable,_Z,Not applicable,_Z,Not applicable,_Z,Not applicable,_Z,Not applicable,_Z,Not applicable,2021,,71.2,,,,,,,,,,,
DATAFLOW,OECD.ELS.HD:DSD_HEALTH_STAT@DF_LE(1.0),Life expectancy,I,PER,Peru,A,Annual,LFEXP,Life expectancy,Y,Years,Y0,0 years,_T,Total,_Z,Not applicable,_Z,Not applicable,_Z,Not applicable,_Z,Not applicable,_Z,Not applicable,_Z,Not applicable,_Z,Not applicable,2010,,74.4,,,,,,,,,,,
DATAFLOW,OECD.ELS.HD:DSD_HEALTH_STAT@DF_LE(1.0),Life expectancy,I,PER,Peru,A,Annual,LFEXP,Life expectancy,Y,Years,Y0,0 years,_T,Total,_Z,Not applicable,_Z,Not applicable,_Z,Not applicable,_Z,Not applicable,_Z,Not applicable,_Z,Not applicable,_Z,Not applicable,2011,,74.7,,,,,,,,,,,
DATAFLOW,OECD.ELS.HD:DSD_HEALTH_STAT@DF_LE(1.0),Life expectancy,I,PER,Peru,A,Annual,LFEXP,Life expectancy,Y,Years,Y0,0 years,_T,Total,_Z,Not applicable,_Z,Not applicable,_Z,Not applicable,_Z,Not applicable,_Z,Not applicable,_Z,Not applicable,_Z,Not applicable,2012,,75,,,,,,,,,,,
DATAFLOW,OECD.ELS.HD:DSD_HEALTH_STAT@DF_LE(1.0),Life expectancy,I,PER,Peru,A,Annual,LFEXP,Life expectancy,Y,Years,Y0,0 years,_T,Total,_Z,Not applicable,_Z,Not applicable,_Z,Not applicable,_Z,Not applicable,_Z,Not applicable,_Z,Not applicable,_Z,Not applicable,2013,,75.3,,,,,,,,,,,
DATAFLOW,OECD.ELS.HD:DSD_HEALTH_STAT@DF_LE(1.0),Life expectancy,I,PER,Peru,A,Annual,LFEXP,Life expectancy,Y,Years,Y0,0 years,_T,Total,_Z,Not applicable,_Z,Not applicable,_Z,Not applicable,_Z,Not applicable,_Z,Not applicable,_Z,Not applicable,_Z,Not applicable,2014,,75.6,,,,,,,,,,,
DATAFLOW,OECD.ELS.HD:DSD_HEALTH_STAT@DF_LE(1.0),Life expectancy,I,PER,Peru,A,Annual,LFEXP,Life expectancy,Y,Years,Y0,0 years,_T,Total,_Z,Not applicable,_Z,Not applicable,_Z,Not applicable,_Z,Not applicable,_Z,Not applicable,_Z,Not applicable,_Z,Not applicable,2015,,75.9,,,,,,,,,,,
DATAFLOW,OECD.ELS.HD:DSD_HEALTH_STAT@DF_LE(1.0),Life expectancy,I,PER,Peru,A,Annual,LFEXP,Life expectancy,Y,Years,Y0,0 years,_T,Total,_Z,Not applicable,_Z,Not applicable,_Z,Not applicable,_Z,Not applicable,_Z,Not applicable,_Z,Not applicable,_Z,Not applicable,2016,,76.1,,,,,,,,,,,
DATAFLOW,OECD.ELS.HD:DSD_HEALTH_STAT@DF_LE(1.0),Life expectancy,I,PER,Peru,A,Annual,LFEXP,Life expectancy,Y,Years,Y0,0 years,_T,Total,_Z,Not applicable,_Z,Not applicable,_Z,Not applicable,_Z,Not applicable,_Z,Not applicable,_Z,Not applicable,_Z,Not applicable,2017,,76.4,,,,,,,,,,,
DATAFLOW,OECD.ELS.HD:DSD_HEALTH_STAT@DF_LE(1.0),Life expectancy,I,PER,Peru,A,Annual,LFEXP,Life expectancy,Y,Years,Y0,0 years,_T,Total,_Z,Not applicable,_Z,Not applicable,_Z,Not applicable,_Z,Not applicable,_Z,Not applicable,_Z,Not applicable,_Z,Not applicable,2018,,76.6,,,,,,,,,,,
DATAFLOW,OECD.ELS.HD:DSD_HEALTH_STAT@DF_LE(1.0),Life expectancy,I,PER,Peru,A,Annual,LFEXP,Life expectancy,Y,Years,Y0,0 years,_T,Total,_Z,Not applicable,_Z,Not applicable,_Z,Not applicable,_Z,Not applicable,_Z,Not applicable,_Z,Not applicable,_Z,Not applicable,2019,,76.7,,,,,,,,,,,
DATAFLOW,OECD.ELS.HD:DSD_HEALTH_STAT@DF_LE(1.0),Life expectancy,I,PER,Peru,A,Annual,LFEXP,Life expectancy,Y,Years,Y0,0 years,_T,Total,_Z,Not applicable,_Z,Not applicable,_Z,Not applicable,_Z,Not applicable,_Z,Not applicable,_Z,Not applicable,_Z,Not applicable,2020,,76.9,,,,,,,,,,,
DATAFLOW,OECD.ELS.HD:DSD_HEALTH_STAT@DF_LE(1.0),Life expectancy,I,PER,Peru,A,Annual,LFEXP,Life expectancy,Y,Years,Y0,0 years,_T,Total,_Z,Not applicable,_Z,Not applicable,_Z,Not applicable,_Z,Not applicable,_Z,Not applicable,_Z,Not applicable,_Z,Not applicable,2021,,77,,,,,,,,,,,
DATAFLOW,OECD.ELS.HD:DSD_HEALTH_STAT@DF_LE(1.0),Life expectancy,I,PER,Peru,A,Annual,LFEXP,Life expectancy,Y,Years,Y0,0 years,_T,Total,_Z,Not applicable,_Z,Not applicable,_Z,Not applicable,_Z,Not applicable,_Z,Not applicable,_Z,Not applicable,_Z,Not applicable,2022,,77.1,,,,,,,,,,,
DATAFLOW,OECD.ELS.HD:DSD_HEALTH_STAT@DF_LE(1.0),Life expectancy,I,PER,Peru,A,Annual,LFEXP,Life expectancy,Y,Years,Y0,0 years,_T,Total,_Z,Not applicable,_Z,Not applicable,_Z,Not applicable,_Z,Not applicable,_Z,Not applicable,_Z,Not applicable,_Z,Not applicable,2024,,77.4,,,,,,,,,,,
DATAFLOW,OECD.ELS.HD:DSD_HEALTH_STAT@DF_LE(1.0),Life expectancy,I,RUS,Russia,A,Annual,LFEXP,Life expectancy,Y,Years,Y0,0 years,_T,Total,_Z,Not applicable,_Z,Not applicable,_Z,Not applicable,_Z,Not applicable,_Z,Not applicable,_Z,Not applicable,_Z,Not applicable,2000,,65.5,,,,,,,,,,,
DATAFLOW,OECD.ELS.HD:DSD_HEALTH_STAT@DF_LE(1.0),Life expectancy,I,RUS,Russia,A,Annual,LFEXP,Life expectancy,Y,Years,Y0,0 years,_T,Total,_Z,Not applicable,_Z,Not applicable,_Z,Not applicable,_Z,Not applicable,_Z,Not applicable,_Z,Not applicable,_Z,Not applicable,2001,,65.4,,,,,,,,,,,
DATAFLOW,OECD.ELS.HD:DSD_HEALTH_STAT@DF_LE(1.0),Life expectancy,I,RUS,Russia,A,Annual,LFEXP,Life expectancy,Y,Years,Y0,0 years,_T,Total,_Z,Not applicable,_Z,Not applicable,_Z,Not applicable,_Z,Not applicable,_Z,Not applicable,_Z,Not applicable,_Z,Not applicable,2002,,65.1,,,,,,,,,,,
DATAFLOW,OECD.ELS.HD:DSD_HEALTH_STAT@DF_LE(1.0),Life expectancy,I,RUS,Russia,A,Annual,LFEXP,Life expectancy,Y,Years,Y0,0 years,_T,Total,_Z,Not applicable,_Z,Not applicable,_Z,Not applicable,_Z,Not applicable,_Z,Not applicable,_Z,Not applicable,_Z,Not applicable,2003,,65,,,,,,,,,,,
DATAFLOW,OECD.ELS.HD:DSD_HEALTH_STAT@DF_LE(1.0),Life expectancy,I,RUS,Russia,A,Annual,LFEXP,Life expectancy,Y,Years,Y0,0 years,_T,Total,_Z,Not applicable,_Z,Not applicable,_Z,Not applicable,_Z,Not applicable,_Z,Not applicable,_Z,Not applicable,_Z,Not applicable,2004,,65.5,,,,,,,,,,,
DATAFLOW,OECD.ELS.HD:DSD_HEALTH_STAT@DF_LE(1.0),Life expectancy,I,RUS,Russia,A,Annual,LFEXP,Life expectancy,Y,Years,Y0,0 years,_T,Total,_Z,Not applicable,_Z,Not applicable,_Z,Not applicable,_Z,Not applicable,_Z,Not applicable,_Z,Not applicable,_Z,Not applicable,2005,,65.5,,,,,,,,,,,
DATAFLOW,OECD.ELS.HD:DSD_HEALTH_STAT@DF_LE(1.0),Life expectancy,I,RUS,Russia,A,Annual,LFEXP,Life expectancy,Y,Years,Y0,0 years,_T,Total,_Z,Not applicable,_Z,Not applicable,_Z,Not applicable,_Z,Not applicable,_Z,Not applicable,_Z,Not applicable,_Z,Not applicable,2006,,66.7,,,,,,,,,,,
DATAFLOW,OECD.ELS.HD:DSD_HEALTH_STAT@DF_LE(1.0),Life expectancy,I,RUS,Russia,A,Annual,LFEXP,Life expectancy,Y,Years,Y0,0 years,_T,Total,_Z,Not applicable,_Z,Not applicable,_Z,Not applicable,_Z,Not applicable,_Z,Not applicable,_Z,Not applicable,_Z,Not applicable,2007,,67.6,,,,,,,,,,,
DATAFLOW,OECD.ELS.HD:DSD_HEALTH_STAT@DF_LE(1.0),Life expectancy,I,RUS,Russia,A,Annual,LFEXP,Life expectancy,Y,Years,Y0,0 years,_T,Total,_Z,Not applicable,_Z,Not applicable,_Z,Not applicable,_Z,Not applicable,_Z,Not applicable,_Z,Not applicable,_Z,Not applicable,2008,,67.9,,,,,,,,,,,
DATAFLOW,OECD.ELS.HD:DSD_HEALTH_STAT@DF_LE(1.0),Life expectancy,I,RUS,Russia,A,Annual,LFEXP,Life expectancy,Y,Years,Y0,0 years,_T,Total,_Z,Not applicable,_Z,Not applicable,_Z,Not applicable,_Z,Not applicable,_Z,Not applicable,_Z,Not applicable,_Z,Not applicable,2009,,68.7,,,,,,,,,,,
DATAFLOW,OECD.ELS.HD:DSD_HEALTH_STAT@DF_LE(1.0),Life expectancy,I,RUS,Russia,A,Annual,LFEXP,Life expectancy,Y,Years,Y0,0 years,_T,Total,_Z,Not applicable,_Z,Not applicable,_Z,Not applicable,_Z,Not applicable,_Z,Not applicable,_Z,Not applicable,_Z,Not applicable,2010,,68.8,,,,,,,,,,,
DATAFLOW,OECD.ELS.HD:DSD_HEALTH_STAT@DF_LE(1.0),Life expectancy,I,RUS,Russia,A,Annual,LFEXP,Life expectancy,Y,Years,Y0,0 years,_T,Total,_Z,Not applicable,_Z,Not applicable,_Z,Not applicable,_Z,Not applicable,_Z,Not applicable,_Z,Not applicable,_Z,Not applicable,2011,,69.7,,,,,,,,,,,
DATAFLOW,OECD.ELS.HD:DSD_HEALTH_STAT@DF_LE(1.0),Life expectancy,I,RUS,Russia,A,Annual,LFEXP,Life expectancy,Y,Years,Y0,0 years,_T,Total,_Z,Not applicable,_Z,Not applicable,_Z,Not applicable,_Z,Not applicable,_Z,Not applicable,_Z,Not applicable,_Z,Not applicable,2012,,70.1,,,,,,,,,,,
DATAFLOW,OECD.ELS.HD:DSD_HEALTH_STAT@DF_LE(1.0),Life expectancy,I,RUS,Russia,A,Annual,LFEXP,Life expectancy,Y,Years,Y0,0 years,_T,Total,_Z,Not applicable,_Z,Not applicable,_Z,Not applicable,_Z,Not applicable,_Z,Not applicable,_Z,Not applicable,_Z,Not applicable,2013,,70.6,,,,,,,,,,,
DATAFLOW,OECD.ELS.HD:DSD_HEALTH_STAT@DF_LE(1.0),Life expectancy,I,RUS,Russia,A,Annual,LFEXP,Life expectancy,Y,Years,Y0,0 years,_T,Total,_Z,Not applicable,_Z,Not applicable,_Z,Not applicable,_Z,Not applicable,_Z,Not applicable,_Z,Not applicable,_Z,Not applicable,2014,,70.7,,,,,,,,,,,
DATAFLOW,OECD.ELS.HD:DSD_HEALTH_STAT@DF_LE(1.0),Life expectancy,I,RUS,Russia,A,Annual,LFEXP,Life expectancy,Y,Years,Y0,0 years,_T,Total,_Z,Not applicable,_Z,Not applicable,_Z,Not applicable,_Z,Not applicable,_Z,Not applicable,_Z,Not applicable,_Z,Not applicable,2015,,71.2,,,,,,,,,,,
DATAFLOW,OECD.ELS.HD:DSD_HEALTH_STAT@DF_LE(1.0),Life expectancy,I,RUS,Russia,A,Annual,LFEXP,Life expectancy,Y,Years,Y0,0 years,_T,Total,_Z,Not applicable,_Z,Not applicable,_Z,Not applicable,_Z,Not applicable,_Z,Not applicable,_Z,Not applicable,_Z,Not applicable,2016,,71.7,,,,,,,,,,,
DATAFLOW,OECD.ELS.HD:DSD_HEALTH_STAT@DF_LE(1.0),Life expectancy,I,RUS,Russia,A,Annual,LFEXP,Life expectancy,Y,Years,Y0,0 years,_T,Total,_Z,Not applicable,_Z,Not applicable,_Z,Not applicable,_Z,Not applicable,_Z,Not applicable,_Z,Not applicable,_Z,Not applicable,2017,,72.5,,,,,,,,,,,
DATAFLOW,OECD.ELS.HD:DSD_HEALTH_STAT@DF_LE(1.0),Life expectancy,I,RUS,Russia,A,Annual,LFEXP,Life expectancy,Y,Years,Y0,0 years,_T,Total,_Z,Not applicable,_Z,Not applicable,_Z,Not applicable,_Z,Not applicable,_Z,Not applicable,_Z,Not applicable,_Z,Not applicable,2018,,72.7,,,,,,,,,,,
DATAFLOW,OECD.ELS.HD:DSD_HEALTH_STAT@DF_LE(1.0),Life expectancy,I,RUS,Russia,A,Annual,LFEXP,Life expectancy,Y,Years,Y0,0 years,_T,Total,_Z,Not applicable,_Z,Not applicable,_Z,Not applicable,_Z,Not applicable,_Z,Not applicable,_Z,Not applicable,_Z,Not applicable,2019,,73.1,,,,,,,,,,,
DATAFLOW,OECD.ELS.HD:DSD_HEALTH_STAT@DF_LE(1.0),Life expectancy,I,RUS,Russia,A,Annual,LFEXP,Life expectancy,Y,Years,Y0,0 years,_T,Total,_Z,Not applicable,_Z,Not applicable,_Z,Not applicable,_Z,Not applicable,_Z,Not applicable,_Z,Not applicable,_Z,Not applicable,2020,,71.3,,,,,,,,,,,
DATAFLOW,OECD.ELS.HD:DSD_HEALTH_STAT@DF_LE(1.0),Life expectancy,I,RUS,Russia,A,Annual,LFEXP,Life expectancy,Y,Years,Y0,0 years,_T,Total,_Z,Not applicable,_Z,Not applicable,_Z,Not applicable,_Z,Not applicable,_Z,Not applicable,_Z,Not applicable,_Z,Not applicable,2021,,69.9,,,,,,,,,,,
DATAFLOW,OECD.ELS.HD:DSD_HEALTH_STAT@DF_LE(1.0),Life expectancy,I,RUS,Russia,A,Annual,LFEXP,Life expectancy,Y,Years,Y0,0 years,_T,Total,_Z,Not applicable,_Z,Not applicable,_Z,Not applicable,_Z,Not applicable,_Z,Not applicable,_Z,Not applicable,_Z,Not applicable,2022,,72.5,,,,,,,,,,,
DATAFLOW,OECD.ELS.HD:DSD_HEALTH_STAT@DF_LE(1.0),Life expectancy,I,AUS,Australia,A,Annual,LFEXP,Life expectancy,Y,Years,Y0,0 years,_T,Total,_Z,Not applicable,_Z,Not applicable,_Z,Not applicable,_Z,Not applicable,_Z,Not applicable,_Z,Not applicable,_Z,Not applicable,2023,,83,,,,,,,,,,,
DATAFLOW,OECD.ELS.HD:DSD_HEALTH_STAT@DF_LE(1.0),Life expectancy,I,AUT,Austria,A,Annual,LFEXP,Life expectancy,Y,Years,Y0,0 years,_T,Total,_Z,Not applicable,_Z,Not applicable,_Z,Not applicable,_Z,Not applicable,_Z,Not applicable,_Z,Not applicable,_Z,Not applicable,2023,,81.9,,,,,,,,,,,
DATAFLOW,OECD.ELS.HD:DSD_HEALTH_STAT@DF_LE(1.0),Life expectancy,I,CAN,Canada,A,Annual,LFEXP,Life expectancy,Y,Years,Y0,0 years,_T,Total,_Z,Not applicable,_Z,Not applicable,_Z,Not applicable,_Z,Not applicable,_Z,Not applicable,_Z,Not applicable,_Z,Not applicable,2023,,81.7,,,,,,,,,,,
DATAFLOW,OECD.ELS.HD:DSD_HEALTH_STAT@DF_LE(1.0),Life expectancy,I,COL,Colombia,A,Annual,LFEXP,Life expectancy,Y,Years,Y0,0 years,_T,Total,_Z,Not applicable,_Z,Not applicable,_Z,Not applicable,_Z,Not applicable,_Z,Not applicable,_Z,Not applicable,_Z,Not applicable,2023,,77.2,,,,,,,,,,,
DATAFLOW,OECD.ELS.HD:DSD_HEALTH_STAT@DF_LE(1.0),Life expectancy,I,CZE,Czechia,A,Annual,LFEXP,Life expectancy,Y,Years,Y0,0 years,_T,Total,_Z,Not applicable,_Z,Not applicable,_Z,Not applicable,_Z,Not applicable,_Z,Not applicable,_Z,Not applicable,_Z,Not applicable,2023,,79.9,,,,,,,,,,,
DATAFLOW,OECD.ELS.HD:DSD_HEALTH_STAT@DF_LE(1.0),Life expectancy,I,DNK,Denmark,A,Annual,LFEXP,Life expectancy,Y,Years,Y0,0 years,_T,Total,_Z,Not applicable,_Z,Not applicable,_Z,Not applicable,_Z,Not applicable,_Z,Not applicable,_Z,Not applicable,_Z,Not applicable,2023,,81.8,,,,,,,,,,,
DATAFLOW,OECD.ELS.HD:DSD_HEALTH_STAT@DF_LE(1.0),Life expectancy,I,EST,Estonia,A,Annual,LFEXP,Life expectancy,Y,Years,Y0,0 years,_T,Total,_Z,Not applicable,_Z,Not applicable,_Z,Not applicable,_Z,Not applicable,_Z,Not applicable,_Z,Not applicable,_Z,Not applicable,2023,,79.1,,,,,,,,,,,
DATAFLOW,OECD.ELS.HD:DSD_HEALTH_STAT@DF_LE(1.0),Life expectancy,I,FIN,Finland,A,Annual,LFEXP,Life expectancy,Y,Years,Y0,0 years,_T,Total,_Z,Not applicable,_Z,Not applicable,_Z,Not applicable,_Z,Not applicable,_Z,Not applicable,_Z,Not applicable,_Z,Not applicable,2023,,81.6,,,,,,,,,,,
DATAFLOW,OECD.ELS.HD:DSD_HEALTH_STAT@DF_LE(1.0),Life expectancy,I,FRA,France,A,Annual,LFEXP,Life expectancy,Y,Years,Y0,0 years,_T,Total,_Z,Not applicable,_Z,Not applicable,_Z,Not applicable,_Z,Not applicable,_Z,Not applicable,_Z,Not applicable,_Z,Not applicable,2023,,83,,,,,,,,,,,
DATAFLOW,OECD.ELS.HD:DSD_HEALTH_STAT@DF_LE(1.0),Life expectancy,I,DEU,Germany,A,Annual,LFEXP,Life expectancy,Y,Years,Y0,0 years,_T,Total,_Z,Not applicable,_Z,Not applicable,_Z,Not applicable,_Z,Not applicable,_Z,Not applicable,_Z,Not applicable,_Z,Not applicable,2023,,81.1,,,,,,,,,,,
DATAFLOW,OECD.ELS.HD:DSD_HEALTH_STAT@DF_LE(1.0),Life expectancy,I,GRC,Greece,A,Annual,LFEXP,Life expectancy,Y,Years,Y0,0 years,_T,Total,_Z,Not applicable,_Z,Not applicable,_Z,Not applicable,_Z,Not applicable,_Z,Not applicable,_Z,Not applicable,_Z,Not applicable,2023,,81.8,,,,,,,,,,,
DATAFLOW,OECD.ELS.HD:DSD_HEALTH_STAT@DF_LE(1.0),Life expectancy,I,HUN,Hungary,A,Annual,LFEXP,Life expectancy,Y,Years,Y0,0 years,_T,Total,_Z,Not applicable,_Z,Not applicable,_Z,Not applicable,_Z,Not applicable,_Z,Not applicable,_Z,Not applicable,_Z,Not applicable,2023,,76.7,,,,,,,,,,,
DATAFLOW,OECD.ELS.HD:DSD_HEALTH_STAT@DF_LE(1.0),Life expectancy,I,ISL,Iceland,A,Annual,LFEXP,Life expectancy,Y,Years,Y0,0 years,_T,Total,_Z,Not applicable,_Z,Not applicable,_Z,Not applicable,_Z,Not applicable,_Z,Not applicable,_Z,Not applicable,_Z,Not applicable,2023,,82.4,,,,,,,,,,,
DATAFLOW,OECD.ELS.HD:DSD_HEALTH_STAT@DF_LE(1.0),Life expectancy,I,IRL,Ireland,A,Annual,LFEXP,Life expectancy,Y,Years,Y0,0 years,_T,Total,_Z,Not applicable,_Z,Not applicable,_Z,Not applicable,_Z,Not applicable,_Z,Not applicable,_Z,Not applicable,_Z,Not applicable,2023,,82.9,,,,,,,,,,,
DATAFLOW,OECD.ELS.HD:DSD_HEALTH_STAT@DF_LE(1.0),Life expectancy,I,ITA,Italy,A,Annual,LFEXP,Life expectancy,Y,Years,Y0,0 years,_T,Total,_Z,Not applicable,_Z,Not applicable,_Z,Not applicable,_Z,Not applicable,_Z,Not applicable,_Z,Not applicable,_Z,Not applicable,2023,,83.5,,,,,,,,,,,
DATAFLOW,OECD.ELS.HD:DSD_HEALTH_STAT@DF_LE(1.0),Life expectancy,I,KOR,Korea,A,Annual,LFEXP,Life expectancy,Y,Years,Y0,0 years,_T,Total,_Z,Not applicable,_Z,Not applicable,_Z,Not applicable,_Z,Not applicable,_Z,Not applicable,_Z,Not applicable,_Z,Not applicable,2023,,83.5,,,,,,,,,,,
DATAFLOW,OECD.ELS.HD:DSD_HEALTH_STAT@DF_LE(1.0),Life expectancy,I,LVA,Latvia,A,Annual,LFEXP,Life expectancy,Y,Years,Y0,0 years,_T,Total,_Z,Not applicable,_Z,Not applicable,_Z,Not applicable,_Z,Not applicable,_Z,Not applicable,_Z,Not applicable,_Z,Not applicable,2023,,75.6,,,,,,,,,,,
DATAFLOW,OECD.ELS.HD:DSD_HEALTH_STAT@DF_LE(1.0),Life expectancy,I,LTU,Lithuania,A,Annual,LFEXP,Life expectancy,Y,Years,Y0,0 years,_T,Total,_Z,Not applicable,_Z,Not applicable,_Z,Not applicable,_Z,Not applicable,_Z,Not applicable,_Z,Not applicable,_Z,Not applicable,2023,,77.6,,,,,,,,,,,
DATAFLOW,OECD.ELS.HD:DSD_HEALTH_STAT@DF_LE(1.0),Life expectancy,I,NLD,Netherlands,A,Annual,LFEXP,Life expectancy,Y,Years,Y0,0 years,_T,Total,_Z,Not applicable,_Z,Not applicable,_Z,Not applicable,_Z,Not applicable,_Z,Not applicable,_Z,Not applicable,_Z,Not applicable,2023,,81.9,,,,,,,,,,,
DATAFLOW,OECD.ELS.HD:DSD_HEALTH_STAT@DF_LE(1.0),Life expectancy,I,NZL,New Zealand,A,Annual,LFEXP,Life expectancy,Y,Years,Y0,0 years,_T,Total,_Z,Not applicable,_Z,Not applicable,_Z,Not applicable,_Z,Not applicable,_Z,Not applicable,_Z,Not applicable,_Z,Not applicable,2023,,82,,,,,,,,,,,
DATAFLOW,OECD.ELS.HD:DSD_HEALTH_STAT@DF_LE(1.0),Life expectancy,I,NOR,Norway,A,Annual,LFEXP,Life expectancy,Y,Years,Y0,0 years,_T,Total,_Z,Not applicable,_Z,Not applicable,_Z,Not applicable,_Z,Not applicable,_Z,Not applicable,_Z,Not applicable,_Z,Not applicable,2023,,83.1,,,,,,,,,,,
DATAFLOW,OECD.ELS.HD:DSD_HEALTH_STAT@DF_LE(1.0),Life expectancy,I,POL,Poland,A,Annual,LFEXP,Life expectancy,Y,Years,Y0,0 years,_T,Total,_Z,Not applicable,_Z,Not applicable,_Z,Not applicable,_Z,Not applicable,_Z,Not applicable,_Z,Not applicable,_Z,Not applicable,2023,,78.4,,,,,,,,,,,
DATAFLOW,OECD.ELS.HD:DSD_HEALTH_STAT@DF_LE(1.0),Life expectancy,I,PRT,Portugal,A,Annual,LFEXP,Life expectancy,Y,Years,Y0,0 years,_T,Total,_Z,Not applicable,_Z,Not applicable,_Z,Not applicable,_Z,Not applicable,_Z,Not applicable,_Z,Not applicable,_Z,Not applicable,2023,,82.5,,,,,,,,,,,
DATAFLOW,OECD.ELS.HD:DSD_HEALTH_STAT@DF_LE(1.0),Life expectancy,I,SVK,Slovak Republic,A,Annual,LFEXP,Life expectancy,Y,Years,Y0,0 years,_T,Total,_Z,Not applicable,_Z,Not applicable,_Z,Not applicable,_Z,Not applicable,_Z,Not applicable,_Z,Not applicable,_Z,Not applicable,2023,,78.2,,,,,,,,,,,
DATAFLOW,OECD.ELS.HD:DSD_HEALTH_STAT@DF_LE(1.0),Life expectancy,I,CHE,Switzerland,A,Annual,LFEXP,Life expectancy,Y,Years,Y0,0 years,_T,Total,_Z,Not applicable,_Z,Not applicable,_Z,Not applicable,_Z,Not applicable,_Z,Not applicable,_Z,Not applicable,_Z,Not applicable,2023,,84.3,,,,,,,,,,,
DATAFLOW,OECD.ELS.HD:DSD_HEALTH_STAT@DF_LE(1.0),Life expectancy,I,USA,United States,A,Annual,LFEXP,Life expectancy,Y,Years,Y0,0 years,_T,Total,_Z,Not applicable,_Z,Not applicable,_Z,Not applicable,_Z,Not applicable,_Z,Not applicable,_Z,Not applicable,_Z,Not applicable,2023,,78.4,,,,,,,,,,,
DATAFLOW,OECD.ELS.HD:DSD_HEALTH_STAT@DF_LE(1.0),Life expectancy,I,PER,Peru,A,Annual,LFEXP,Life expectancy,Y,Years,Y0,0 years,_T,Total,_Z,Not applicable,_Z,Not applicable,_Z,Not applicable,_Z,Not applicable,_Z,Not applicable,_Z,Not applicable,_Z,Not applicable,2023,,77.2,,,,,,,,,,,
DATAFLOW,OECD.ELS.HD:DSD_HEALTH_STAT@DF_LE(1.0),Life expectancy,I,ROU,Romania,A,Annual,LFEXP,Life expectancy,Y,Years,Y0,0 years,_T,Total,_Z,Not applicable,_Z,Not applicable,_Z,Not applicable,_Z,Not applicable,_Z,Not applicable,_Z,Not applicable,_Z,Not applicable,2023,,76.4,,,,,,,,,,,
DATAFLOW,OECD.ELS.HD:DSD_HEALTH_STAT@DF_LE(1.0),Life expectancy,I,RUS,Russia,A,Annual,LFEXP,Life expectancy,Y,Years,Y0,0 years,_T,Total,_Z,Not applicable,_Z,Not applicable,_Z,Not applicable,_Z,Not applicable,_Z,Not applicable,_Z,Not applicable,_Z,Not applicable,2023,,73.3,,,,,,,,,,,
DATAFLOW,OECD.ELS.HD:DSD_HEALTH_STAT@DF_LE(1.0),Life expectancy,I,CHN,China (People’s Republic of),A,Annual,LFEXP,Life expectancy,Y,Years,Y0,0 years,_T,Total,_Z,Not applicable,_Z,Not applicable,_Z,Not applicable,_Z,Not applicable,_Z,Not applicable,_Z,Not applicable,_Z,Not applicable,2000,,72.3,,,,,,,,,,,
DATAFLOW,OECD.ELS.HD:DSD_HEALTH_STAT@DF_LE(1.0),Life expectancy,I,CHN,China (People’s Republic of),A,Annual,LFEXP,Life expectancy,Y,Years,Y0,0 years,_T,Total,_Z,Not applicable,_Z,Not applicable,_Z,Not applicable,_Z,Not applicable,_Z,Not applicable,_Z,Not applicable,_Z,Not applicable,2001,,72.7,,,,,,,,,,,
DATAFLOW,OECD.ELS.HD:DSD_HEALTH_STAT@DF_LE(1.0),Life expectancy,I,CHN,China (People’s Republic of),A,Annual,LFEXP,Life expectancy,Y,Years,Y0,0 years,_T,Total,_Z,Not applicable,_Z,Not applicable,_Z,Not applicable,_Z,Not applicable,_Z,Not applicable,_Z,Not applicable,_Z,Not applicable,2006,,74.4,,,,,,,,,,,
DATAFLOW,OECD.ELS.HD:DSD_HEALTH_STAT@DF_LE(1.0),Life expectancy,I,CHN,China (People’s Republic of),A,Annual,LFEXP,Life expectancy,Y,Years,Y0,0 years,_T,Total,_Z,Not applicable,_Z,Not applicable,_Z,Not applicable,_Z,Not applicable,_Z,Not applicable,_Z,Not applicable,_Z,Not applicable,2008,,74.8,,,,,,,,,,,
DATAFLOW,OECD.ELS.HD:DSD_HEALTH_STAT@DF_LE(1.0),Life expectancy,I,CHN,China (People’s Republic of),A,Annual,LFEXP,Life expectancy,Y,Years,Y0,0 years,_T,Total,_Z,Not applicable,_Z,Not applicable,_Z,Not applicable,_Z,Not applicable,_Z,Not applicable,_Z,Not applicable,_Z,Not applicable,2010,,75.7,,,,,,,,,,,
DATAFLOW,OECD.ELS.HD:DSD_HEALTH_STAT@DF_LE(1.0),Life expectancy,I,CHN,China (People’s Republic of),A,Annual,LFEXP,Life expectancy,Y,Years,Y0,0 years,_T,Total,_Z,Not applicable,_Z,Not applicable,_Z,Not applicable,_Z,Not applicable,_Z,Not applicable,_Z,Not applicable,_Z,Not applicable,2019,,77.9,,,,,,,,,,,
DATAFLOW,OECD.ELS.HD:DSD_HEALTH_STAT@DF_LE(1.0),Life expectancy,I,CHN,China (People’s Republic of),A,Annual,LFEXP,Life expectancy,Y,Years,Y0,0 years,_T,Total,_Z,Not applicable,_Z,Not applicable,_Z,Not applicable,_Z,Not applicable,_Z,Not applicable,_Z,Not applicable,_Z,Not applicable,2020,,78,,,,,,,,,,,
DATAFLOW,OECD.ELS.HD:DSD_HEALTH_STAT@DF_LE(1.0),Life expectancy,I,CHN,China (People’s Republic of),A,Annual,LFEXP,Life expectancy,Y,Years,Y0,0 years,_T,Total,_Z,Not applicable,_Z,Not applicable,_Z,Not applicable,_Z,Not applicable,_Z,Not applicable,_Z,Not applicable,_Z,Not applicable,2021,,78.1,,,,,,,,,,,
DATAFLOW,OECD.ELS.HD:DSD_HEALTH_STAT@DF_LE(1.0),Life expectancy,I,CHN,China (People’s Republic of),A,Annual,LFEXP,Life expectancy,Y,Years,Y0,0 years,_T,Total,_Z,Not applicable,_Z,Not applicable,_Z,Not applicable,_Z,Not applicable,_Z,Not applicable,_Z,Not applicable,_Z,Not applicable,2022,,78.2,,,,,,,,,,,
DATAFLOW,OECD.ELS.HD:DSD_HEALTH_STAT@DF_LE(1.0),Life expectancy,I,CHN,China (People’s Republic of),A,Annual,LFEXP,Life expectancy,Y,Years,Y0,0 years,_T,Total,_Z,Not applicable,_Z,Not applicable,_Z,Not applicable,_Z,Not applicable,_Z,Not applicable,_Z,Not applicable,_Z,Not applicable,2023,,78,,,,,,,,,,,
DATAFLOW,OECD.ELS.HD:DSD_HEALTH_STAT@DF_LE(1.0),Life expectancy,I,ZAF,South Africa,A,Annual,LFEXP,Life expectancy,Y,Years,Y0,0 years,_T,Total,_Z,Not applicable,_Z,Not applicable,_Z,Not applicable,_Z,Not applicable,_Z,Not applicable,_Z,Not applicable,_Z,Not applicable,2000,,58.4,,,,,,,,,,,
DATAFLOW,OECD.ELS.HD:DSD_HEALTH_STAT@DF_LE(1.0),Life expectancy,I,ZAF,South Africa,A,Annual,LFEXP,Life expectancy,Y,Years,Y0,0 years,_T,Total,_Z,Not applicable,_Z,Not applicable,_Z,Not applicable,_Z,Not applicable,_Z,Not applicable,_Z,Not applicable,_Z,Not applicable,2001,,57.2,,,,,,,,,,,
DATAFLOW,OECD.ELS.HD:DSD_HEALTH_STAT@DF_LE(1.0),Life expectancy,I,ZAF,South Africa,A,Annual,LFEXP,Life expectancy,Y,Years,Y0,0 years,_T,Total,_Z,Not applicable,_Z,Not applicable,_Z,Not applicable,_Z,Not applicable,_Z,Not applicable,_Z,Not applicable,_Z,Not applicable,2002,,55.6,,,,,,,,,,,
DATAFLOW,OECD.ELS.HD:DSD_HEALTH_STAT@DF_LE(1.0),Life expectancy,I,ZAF,South Africa,A,Annual,LFEXP,Life expectancy,Y,Years,Y0,0 years,_T,Total,_Z,Not applicable,_Z,Not applicable,_Z,Not applicable,_Z,Not applicable,_Z,Not applicable,_Z,Not applicable,_Z,Not applicable,2003,,54.2,,,,,,,,,,,
DATAFLOW,OECD.ELS.HD:DSD_HEALTH_STAT@DF_LE(1.0),Life expectancy,I,ZAF,South Africa,A,Annual,LFEXP,Life expectancy,Y,Years,Y0,0 years,_T,Total,_Z,Not applicable,_Z,Not applicable,_Z,Not applicable,_Z,Not applicable,_Z,Not applicable,_Z,Not applicable,_Z,Not applicable,2005,,53.9,,,,,,,,,,,
DATAFLOW,OECD.ELS.HD:DSD_HEALTH_STAT@DF_LE(1.0),Life expectancy,I,ZAF,South Africa,A,Annual,LFEXP,Life expectancy,Y,Years,Y0,0 years,_T,Total,_Z,Not applicable,_Z,Not applicable,_Z,Not applicable,_Z,Not applicable,_Z,Not applicable,_Z,Not applicable,_Z,Not applicable,2006,,54.2,,,,,,,,,,,
DATAFLOW,OECD.ELS.HD:DSD_HEALTH_STAT@DF_LE(1.0),Life expectancy,I,ZAF,South Africa,A,Annual,LFEXP,Life expectancy,Y,Years,Y0,0 years,_T,Total,_Z,Not applicable,_Z,Not applicable,_Z,Not applicable,_Z,Not applicable,_Z,Not applicable,_Z,Not applicable,_Z,Not applicable,2007,,54.9,,,,,,,,,,,
DATAFLOW,OECD.ELS.HD:DSD_HEALTH_STAT@DF_LE(1.0),Life expectancy,I,ZAF,South Africa,A,Annual,LFEXP,Life expectancy,Y,Years,Y0,0 years,_T,Total,_Z,Not applicable,_Z,Not applicable,_Z,Not applicable,_Z,Not applicable,_Z,Not applicable,_Z,Not applicable,_Z,Not applicable,2011,,60.6,,,,,,,,,,,
DATAFLOW,OECD.ELS.HD:DSD_HEALTH_STAT@DF_LE(1.0),Life expectancy,I,ZAF,South Africa,A,Annual,LFEXP,Life expectancy,Y,Years,Y0,0 years,_T,Total,_Z,Not applicable,_Z,Not applicable,_Z,Not applicable,_Z,Not applicable,_Z,Not applicable,_Z,Not applicable,_Z,Not applicable,2012,,61.7,,,,,,,,,,,
DATAFLOW,OECD.ELS.HD:DSD_HEALTH_STAT@DF_LE(1.0),Life expectancy,I,ZAF,South Africa,A,Annual,LFEXP,Life expectancy,Y,Years,Y0,0 years,_T,Total,_Z,Not applicable,_Z,Not applicable,_Z,Not applicable,_Z,Not applicable,_Z,Not applicable,_Z,Not applicable,_Z,Not applicable,2013,,62.4,,,,,,,,,,,
DATAFLOW,OECD.ELS.HD:DSD_HEALTH_STAT@DF_LE(1.0),Life expectancy,I,ZAF,South Africa,A,Annual,LFEXP,Life expectancy,Y,Years,Y0,0 years,_T,Total,_Z,Not applicable,_Z,Not applicable,_Z,Not applicable,_Z,Not applicable,_Z,Not applicable,_Z,Not applicable,_Z,Not applicable,2014,,63.2,,,,,,,,,,,
DATAFLOW,OECD.ELS.HD:DSD_HEALTH_STAT@DF_LE(1.0),Life expectancy,I,ZAF,South Africa,A,Annual,LFEXP,Life expectancy,Y,Years,Y0,0 years,_T,Total,_Z,Not applicable,_Z,Not applicable,_Z,Not applicable,_Z,Not applicable,_Z,Not applicable,_Z,Not applicable,_Z,Not applicable,2015,,64.1,,,,,,,,,,,
DATAFLOW,OECD.ELS.HD:DSD_HEALTH_STAT@DF_LE(1.0),Life expectancy,I,ZAF,South Africa,A,Annual,LFEXP,Life expectancy,Y,Years,Y0,0 years,_T,Total,_Z,Not applicable,_Z,Not applicable,_Z,Not applicable,_Z,Not applicable,_Z,Not applicable,_Z,Not applicable,_Z,Not applicable,2019,,66.1,,,,,,,,,,,
DATAFLOW,OECD.ELS.HD:DSD_HEALTH_STAT@DF_LE(1.0),Life expectancy,I,ZAF,South Africa,A,Annual,LFEXP,Life expectancy,Y,Years,Y0,0 years,_T,Total,_Z,Not applicable,_Z,Not applicable,_Z,Not applicable,_Z,Not applicable,_Z,Not applicable,_Z,Not applicable,_Z,Not applicable,2020,,65.2,,,,,,,,,,,
DATAFLOW,OECD.ELS.HD:DSD_HEALTH_STAT@DF_LE(1.0),Life expectancy,I,ZAF,South Africa,A,Annual,LFEXP,Life expectancy,Y,Years,Y0,0 years,_T,Total,_Z,Not applicable,_Z,Not applicable,_Z,Not applicable,_Z,Not applicable,_Z,Not applicable,_Z,Not applicable,_Z,Not applicable,2021,,62,,,,,,,,,,,
DATAFLOW,OECD.ELS.HD:DSD_HEALTH_STAT@DF_LE(1.0),Life expectancy,I,ZAF,South Africa,A,Annual,LFEXP,Life expectancy,Y,Years,Y0,0 years,_T,Total,_Z,Not applicable,_Z,Not applicable,_Z,Not applicable,_Z,Not applicable,_Z,Not applicable,_Z,Not applicable,_Z,Not applicable,2022,,65.5,,,,,,,,,,,
DATAFLOW,OECD.ELS.HD:DSD_HEALTH_STAT@DF_LE(1.0),Life expectancy,I,ZAF,South Africa,A,Annual,LFEXP,Life expectancy,Y,Years,Y0,0 years,_T,Total,_Z,Not applicable,_Z,Not applicable,_Z,Not applicable,_Z,Not applicable,_Z,Not applicable,_Z,Not applicable,_Z,Not applicable,2023,,66.1,,,,,,,,,,,
DATAFLOW,OECD.ELS.HD:DSD_HEALTH_STAT@DF_LE(1.0),Life expectancy,I,IND,India,A,Annual,LFEXP,Life expectancy,Y,Years,Y0,0 years,_T,Total,_Z,Not applicable,_Z,Not applicable,_Z,Not applicable,_Z,Not applicable,_Z,Not applicable,_Z,Not applicable,_Z,Not applicable,2001,,63.2,,,,,,,,,,,
DATAFLOW,OECD.ELS.HD:DSD_HEALTH_STAT@DF_LE(1.0),Life expectancy,I,IND,India,A,Annual,LFEXP,Life expectancy,Y,Years,Y0,0 years,_T,Total,_Z,Not applicable,_Z,Not applicable,_Z,Not applicable,_Z,Not applicable,_Z,Not applicable,_Z,Not applicable,_Z,Not applicable,2005,,64.9,,,,,,,,,,,
DATAFLOW,OECD.ELS.HD:DSD_HEALTH_STAT@DF_LE(1.0),Life expectancy,I,IND,India,A,Annual,LFEXP,Life expectancy,Y,Years,Y0,0 years,_T,Total,_Z,Not applicable,_Z,Not applicable,_Z,Not applicable,_Z,Not applicable,_Z,Not applicable,_Z,Not applicable,_Z,Not applicable,2008,,66.2,,,,,,,,,,,
DATAFLOW,OECD.ELS.HD:DSD_HEALTH_STAT@DF_LE(1.0),Life expectancy,I,IND,India,A,Annual,LFEXP,Life expectancy,Y,Years,Y0,0 years,_T,Total,_Z,Not applicable,_Z,Not applicable,_Z,Not applicable,_Z,Not applicable,_Z,Not applicable,_Z,Not applicable,_Z,Not applicable,2009,,66.7,,,,,,,,,,,
DATAFLOW,OECD.ELS.HD:DSD_HEALTH_STAT@DF_LE(1.0),Life expectancy,I,IND,India,A,Annual,LFEXP,Life expectancy,Y,Years,Y0,0 years,_T,Total,_Z,Not applicable,_Z,Not applicable,_Z,Not applicable,_Z,Not applicable,_Z,Not applicable,_Z,Not applicable,_Z,Not applicable,2010,,67.2,,,,,,,,,,,
DATAFLOW,OECD.ELS.HD:DSD_HEALTH_STAT@DF_LE(1.0),Life expectancy,I,IND,India,A,Annual,LFEXP,Life expectancy,Y,Years,Y0,0 years,_T,Total,_Z,Not applicable,_Z,Not applicable,_Z,Not applicable,_Z,Not applicable,_Z,Not applicable,_Z,Not applicable,_Z,Not applicable,2011,,67.6,,,,,,,,,,,
DATAFLOW,OECD.ELS.HD:DSD_HEALTH_STAT@DF_LE(1.0),Life expectancy,I,IND,India,A,Annual,LFEXP,Life expectancy,Y,Years,Y0,0 years,_T,Total,_Z,Not applicable,_Z,Not applicable,_Z,Not applicable,_Z,Not applicable,_Z,Not applicable,_Z,Not applicable,_Z,Not applicable,2012,,68.1,,,,,,,,,,,
DATAFLOW,OECD.ELS.HD:DSD_HEALTH_STAT@DF_LE(1.0),Life expectancy,I,IND,India,A,Annual,LFEXP,Life expectancy,Y,Years,Y0,0 years,_T,Total,_Z,Not applicable,_Z,Not applicable,_Z,Not applicable,_Z,Not applicable,_Z,Not applicable,_Z,Not applicable,_Z,Not applicable,2014,,68.9,,,,,,,,,,,
DATAFLOW,OECD.ELS.HD:DSD_HEALTH_STAT@DF_LE(1.0),Life expectancy,I,IND,India,A,Annual,LFEXP,Life expectancy,Y,Years,Y0,0 years,_T,Total,_Z,Not applicable,_Z,Not applicable,_Z,Not applicable,_Z,Not applicable,_Z,Not applicable,_Z,Not applicable,_Z,Not applicable,2015,,69.3,,,,,,,,,,,
DATAFLOW,OECD.ELS.HD:DSD_HEALTH_STAT@DF_LE(1.0),Life expectancy,I,IND,India,A,Annual,LFEXP,Life expectancy,Y,Years,Y0,0 years,_T,Total,_Z,Not applicable,_Z,Not applicable,_Z,Not applicable,_Z,Not applicable,_Z,Not applicable,_Z,Not applicable,_Z,Not applicable,2016,,69.7,,,,,,,,,,,
DATAFLOW,OECD.ELS.HD:DSD_HEALTH_STAT@DF_LE(1.0),Life expectancy,I,IND,India,A,Annual,LFEXP,Life expectancy,Y,Years,Y0,0 years,_T,Total,_Z,Not applicable,_Z,Not applicable,_Z,Not applicable,_Z,Not applicable,_Z,Not applicable,_Z,Not applicable,_Z,Not applicable,2017,,70.1,,,,,,,,,,,
DATAFLOW,OECD.ELS.HD:DSD_HEALTH_STAT@DF_LE(1.0),Life expectancy,I,IND,India,A,Annual,LFEXP,Life expectancy,Y,Years,Y0,0 years,_T,Total,_Z,Not applicable,_Z,Not applicable,_Z,Not applicable,_Z,Not applicable,_Z,Not applicable,_Z,Not applicable,_Z,Not applicable,2018,,70.4,,,,,,,,,,,
DATAFLOW,OECD.ELS.HD:DSD_HEALTH_STAT@DF_LE(1.0),Life expectancy,I,IND,India,A,Annual,LFEXP,Life expectancy,Y,Years,Y0,0 years,_T,Total,_Z,Not applicable,_Z,Not applicable,_Z,Not applicable,_Z,Not applicable,_Z,Not applicable,_Z,Not applicable,_Z,Not applicable,2019,,70.7,,,,,,,,,,,
DATAFLOW,OECD.ELS.HD:DSD_HEALTH_STAT@DF_LE(1.0),Life expectancy,I,IND,India,A,Annual,LFEXP,Life expectancy,Y,Years,Y0,0 years,_T,Total,_Z,Not applicable,_Z,Not applicable,_Z,Not applicable,_Z,Not applicable,_Z,Not applicable,_Z,Not applicable,_Z,Not applicable,2021,,67.3,,,,,,,,,,,
DATAFLOW,OECD.ELS.HD:DSD_HEALTH_STAT@DF_LE(1.0),Life expectancy,I,IND,India,A,Annual,LFEXP,Life expectancy,Y,Years,Y0,0 years,_T,Total,_Z,Not applicable,_Z,Not applicable,_Z,Not applicable,_Z,Not applicable,_Z,Not applicable,_Z,Not applicable,_Z,Not applicable,2022,,71.7,,,,,,,,,,,
DATAFLOW,OECD.ELS.HD:DSD_HEALTH_STAT@DF_LE(1.0),Life expectancy,I,IND,India,A,Annual,LFEXP,Life expectancy,Y,Years,Y0,0 years,_T,Total,_Z,Not applicable,_Z,Not applicable,_Z,Not applicable,_Z,Not applicable,_Z,Not applicable,_Z,Not applicable,_Z,Not applicable,2023,,72,,,,,,,,,,,
DATAFLOW,OECD.ELS.HD:DSD_HEALTH_STAT@DF_LE(1.0),Life expectancy,I,IDN,Indonesia,A,Annual,LFEXP,Life expectancy,Y,Years,Y0,0 years,_T,Total,_Z,Not applicable,_Z,Not applicable,_Z,Not applicable,_Z,Not applicable,_Z,Not applicable,_Z,Not applicable,_Z,Not applicable,2000,,66.3,,,,,,,,,,,
DATAFLOW,OECD.ELS.HD:DSD_HEALTH_STAT@DF_LE(1.0),Life expectancy,I,IDN,Indonesia,A,Annual,LFEXP,Life expectancy,Y,Years,Y0,0 years,_T,Total,_Z,Not applicable,_Z,Not applicable,_Z,Not applicable,_Z,Not applicable,_Z,Not applicable,_Z,Not applicable,_Z,Not applicable,2001,,66.6,,,,,,,,,,,
DATAFLOW,OECD.ELS.HD:DSD_HEALTH_STAT@DF_LE(1.0),Life expectancy,I,IDN,Indonesia,A,Annual,LFEXP,Life expectancy,Y,Years,Y0,0 years,_T,Total,_Z,Not applicable,_Z,Not applicable,_Z,Not applicable,_Z,Not applicable,_Z,Not applicable,_Z,Not applicable,_Z,Not applicable,2002,,67,,,,,,,,,,,
DATAFLOW,OECD.ELS.HD:DSD_HEALTH_STAT@DF_LE(1.0),Life expectancy,I,IDN,Indonesia,A,Annual,LFEXP,Life expectancy,Y,Years,Y0,0 years,_T,Total,_Z,Not applicable,_Z,Not applicable,_Z,Not applicable,_Z,Not applicable,_Z,Not applicable,_Z,Not applicable,_Z,Not applicable,2003,,67.1,,,,,,,,,,,
DATAFLOW,OECD.ELS.HD:DSD_HEALTH_STAT@DF_LE(1.0),Life expectancy,I,IDN,Indonesia,A,Annual,LFEXP,Life expectancy,Y,Years,Y0,0 years,_T,Total,_Z,Not applicable,_Z,Not applicable,_Z,Not applicable,_Z,Not applicable,_Z,Not applicable,_Z,Not applicable,_Z,Not applicable,2004,,65.5,,,,,,,,,,,
DATAFLOW,OECD.ELS.HD:DSD_HEALTH_STAT@DF_LE(1.0),Life expectancy,I,IDN,Indonesia,A,Annual,LFEXP,Life expectancy,Y,Years,Y0,0 years,_T,Total,_Z,Not applicable,_Z,Not applicable,_Z,Not applicable,_Z,Not applicable,_Z,Not applicable,_Z,Not applicable,_Z,Not applicable,2005,,67.5,,,,,,,,,,,
DATAFLOW,OECD.ELS.HD:DSD_HEALTH_STAT@DF_LE(1.0),Life expectancy,I,IDN,Indonesia,A,Annual,LFEXP,Life expectancy,Y,Years,Y0,0 years,_T,Total,_Z,Not applicable,_Z,Not applicable,_Z,Not applicable,_Z,Not applicable,_Z,Not applicable,_Z,Not applicable,_Z,Not applicable,2006,,67.7,,,,,,,,,,,
DATAFLOW,OECD.ELS.HD:DSD_HEALTH_STAT@DF_LE(1.0),Life expectancy,I,IDN,Indonesia,A,Annual,LFEXP,Life expectancy,Y,Years,Y0,0 years,_T,Total,_Z,Not applicable,_Z,Not applicable,_Z,Not applicable,_Z,Not applicable,_Z,Not applicable,_Z,Not applicable,_Z,Not applicable,2007,,67.9,,,,,,,,,,,
DATAFLOW,OECD.ELS.HD:DSD_HEALTH_STAT@DF_LE(1.0),Life expectancy,I,IDN,Indonesia,A,Annual,LFEXP,Life expectancy,Y,Years,Y0,0 years,_T,Total,_Z,Not applicable,_Z,Not applicable,_Z,Not applicable,_Z,Not applicable,_Z,Not applicable,_Z,Not applicable,_Z,Not applicable,2008,,68.1,,,,,,,,,,,
DATAFLOW,OECD.ELS.HD:DSD_HEALTH_STAT@DF_LE(1.0),Life expectancy,I,IDN,Indonesia,A,Annual,LFEXP,Life expectancy,Y,Years,Y0,0 years,_T,Total,_Z,Not applicable,_Z,Not applicable,_Z,Not applicable,_Z,Not applicable,_Z,Not applicable,_Z,Not applicable,_Z,Not applicable,2009,,68.3,,,,,,,,,,,
DATAFLOW,OECD.ELS.HD:DSD_HEALTH_STAT@DF_LE(1.0),Life expectancy,I,IDN,Indonesia,A,Annual,LFEXP,Life expectancy,Y,Years,Y0,0 years,_T,Total,_Z,Not applicable,_Z,Not applicable,_Z,Not applicable,_Z,Not applicable,_Z,Not applicable,_Z,Not applicable,_Z,Not applicable,2010,,68.4,,,,,,,,,,,
DATAFLOW,OECD.ELS.HD:DSD_HEALTH_STAT@DF_LE(1.0),Life expectancy,I,IDN,Indonesia,A,Annual,LFEXP,Life expectancy,Y,Years,Y0,0 years,_T,Total,_Z,Not applicable,_Z,Not applicable,_Z,Not applicable,_Z,Not applicable,_Z,Not applicable,_Z,Not applicable,_Z,Not applicable,2011,,68.6,,,,,,,,,,,
DATAFLOW,OECD.ELS.HD:DSD_HEALTH_STAT@DF_LE(1.0),Life expectancy,I,IDN,Indonesia,A,Annual,LFEXP,Life expectancy,Y,Years,Y0,0 years,_T,Total,_Z,Not applicable,_Z,Not applicable,_Z,Not applicable,_Z,Not applicable,_Z,Not applicable,_Z,Not applicable,_Z,Not applicable,2012,,68.9,,,,,,,,,,,
DATAFLOW,OECD.ELS.HD:DSD_HEALTH_STAT@DF_LE(1.0),Life expectancy,I,IDN,Indonesia,A,Annual,LFEXP,Life expectancy,Y,Years,Y0,0 years,_T,Total,_Z,Not applicable,_Z,Not applicable,_Z,Not applicable,_Z,Not applicable,_Z,Not applicable,_Z,Not applicable,_Z,Not applicable,2013,,69.1,,,,,,,,,,,
DATAFLOW,OECD.ELS.HD:DSD_HEALTH_STAT@DF_LE(1.0),Life expectancy,I,IDN,Indonesia,A,Annual,LFEXP,Life expectancy,Y,Years,Y0,0 years,_T,Total,_Z,Not applicable,_Z,Not applicable,_Z,Not applicable,_Z,Not applicable,_Z,Not applicable,_Z,Not applicable,_Z,Not applicable,2014,,69.3,,,,,,,,,,,
DATAFLOW,OECD.ELS.HD:DSD_HEALTH_STAT@DF_LE(1.0),Life expectancy,I,IDN,Indonesia,A,Annual,LFEXP,Life expectancy,Y,Years,Y0,0 years,_T,Total,_Z,Not applicable,_Z,Not applicable,_Z,Not applicable,_Z,Not applicable,_Z,Not applicable,_Z,Not applicable,_Z,Not applicable,2015,,69.5,,,,,,,,,,,
DATAFLOW,OECD.ELS.HD:DSD_HEALTH_STAT@DF_LE(1.0),Life expectancy,I,IDN,Indonesia,A,Annual,LFEXP,Life expectancy,Y,Years,Y0,0 years,_T,Total,_Z,Not applicable,_Z,Not applicable,_Z,Not applicable,_Z,Not applicable,_Z,Not applicable,_Z,Not applicable,_Z,Not applicable,2016,,69.7,,,,,,,,,,,
DATAFLOW,OECD.ELS.HD:DSD_HEALTH_STAT@DF_LE(1.0),Life expectancy,I,IDN,Indonesia,A,Annual,LFEXP,Life expectancy,Y,Years,Y0,0 years,_T,Total,_Z,Not applicable,_Z,Not applicable,_Z,Not applicable,_Z,Not applicable,_Z,Not applicable,_Z,Not applicable,_Z,Not applicable,2017,,70,,,,,,,,,,,
DATAFLOW,OECD.ELS.HD:DSD_HEALTH_STAT@DF_LE(1.0),Life expectancy,I,IDN,Indonesia,A,Annual,LFEXP,Life expectancy,Y,Years,Y0,0 years,_T,Total,_Z,Not applicable,_Z,Not applicable,_Z,Not applicable,_Z,Not applicable,_Z,Not applicable,_Z,Not applicable,_Z,Not applicable,2018,,70.1,,,,,,,,,,,
DATAFLOW,OECD.ELS.HD:DSD_HEALTH_STAT@DF_LE(1.0),Life expectancy,I,IDN,Indonesia,A,Annual,LFEXP,Life expectancy,Y,Years,Y0,0 years,_T,Total,_Z,Not applicable,_Z,Not applicable,_Z,Not applicable,_Z,Not applicable,_Z,Not applicable,_Z,Not applicable,_Z,Not applicable,2019,,70.3,,,,,,,,,,,
DATAFLOW,OECD.ELS.HD:DSD_HEALTH_STAT@DF_LE(1.0),Life expectancy,I,IDN,Indonesia,A,Annual,LFEXP,Life expectancy,Y,Years,Y0,0 years,_T,Total,_Z,Not applicable,_Z,Not applicable,_Z,Not applicable,_Z,Not applicable,_Z,Not applicable,_Z,Not applicable,_Z,Not applicable,2021,,67.5,,,,,,,,,,,
DATAFLOW,OECD.ELS.HD:DSD_HEALTH_STAT@DF_LE(1.0),Life expectancy,I,IDN,Indonesia,A,Annual,LFEXP,Life expectancy,Y,Years,Y0,0 years,_T,Total,_Z,Not applicable,_Z,Not applicable,_Z,Not applicable,_Z,Not applicable,_Z,Not applicable,_Z,Not applicable,_Z,Not applicable,2022,,70.9,,,,,,,,,,,
DATAFLOW,OECD.ELS.HD:DSD_HEALTH_STAT@DF_LE(1.0),Life expectancy,I,IDN,Indonesia,A,Annual,LFEXP,Life expectancy,Y,Years,Y0,0 years,_T,Total,_Z,Not applicable,_Z,Not applicable,_Z,Not applicable,_Z,Not applicable,_Z,Not applicable,_Z,Not applicable,_Z,Not applicable,2023,,71.1,,,,,,,,,,,
DATAFLOW,OECD.ELS.HD:DSD_HEALTH_STAT@DF_LE(1.0),Life expectancy,I,BRA,Brazil,A,Annual,LFEXP,Life expectancy,Y,Years,Y0,0 years,_T,Total,_Z,Not applicable,_Z,Not applicable,_Z,Not applicable,_Z,Not applicable,_Z,Not applicable,_Z,Not applicable,_Z,Not applicable,2000,,69.6,,,,,,,,,,,
DATAFLOW,OECD.ELS.HD:DSD_HEALTH_STAT@DF_LE(1.0),Life expectancy,I,BRA,Brazil,A,Annual,LFEXP,Life expectancy,Y,Years,Y0,0 years,_T,Total,_Z,Not applicable,_Z,Not applicable,_Z,Not applicable,_Z,Not applicable,_Z,Not applicable,_Z,Not applicable,_Z,Not applicable,2001,,70,,,,,,,,,,,
DATAFLOW,OECD.ELS.HD:DSD_HEALTH_STAT@DF_LE(1.0),Life expectancy,I,BRA,Brazil,A,Annual,LFEXP,Life expectancy,Y,Years,Y0,0 years,_T,Total,_Z,Not applicable,_Z,Not applicable,_Z,Not applicable,_Z,Not applicable,_Z,Not applicable,_Z,Not applicable,_Z,Not applicable,2003,,70.9,,,,,,,,,,,
DATAFLOW,OECD.ELS.HD:DSD_HEALTH_STAT@DF_LE(1.0),Life expectancy,I,BRA,Brazil,A,Annual,LFEXP,Life expectancy,Y,Years,Y0,0 years,_T,Total,_Z,Not applicable,_Z,Not applicable,_Z,Not applicable,_Z,Not applicable,_Z,Not applicable,_Z,Not applicable,_Z,Not applicable,2004,,71.4,,,,,,,,,,,
DATAFLOW,OECD.ELS.HD:DSD_HEALTH_STAT@DF_LE(1.0),Life expectancy,I,BRA,Brazil,A,Annual,LFEXP,Life expectancy,Y,Years,Y0,0 years,_T,Total,_Z,Not applicable,_Z,Not applicable,_Z,Not applicable,_Z,Not applicable,_Z,Not applicable,_Z,Not applicable,_Z,Not applicable,2006,,72.3,,,,,,,,,,,
DATAFLOW,OECD.ELS.HD:DSD_HEALTH_STAT@DF_LE(1.0),Life expectancy,I,BRA,Brazil,A,Annual,LFEXP,Life expectancy,Y,Years,Y0,0 years,_T,Total,_Z,Not applicable,_Z,Not applicable,_Z,Not applicable,_Z,Not applicable,_Z,Not applicable,_Z,Not applicable,_Z,Not applicable,2007,,72.7,,,,,,,,,,,
DATAFLOW,OECD.ELS.HD:DSD_HEALTH_STAT@DF_LE(1.0),Life expectancy,I,BRA,Brazil,A,Annual,LFEXP,Life expectancy,Y,Years,Y0,0 years,_T,Total,_Z,Not applicable,_Z,Not applicable,_Z,Not applicable,_Z,Not applicable,_Z,Not applicable,_Z,Not applicable,_Z,Not applicable,2008,,73.1,,,,,,,,,,,
DATAFLOW,OECD.ELS.HD:DSD_HEALTH_STAT@DF_LE(1.0),Life expectancy,I,BRA,Brazil,A,Annual,LFEXP,Life expectancy,Y,Years,Y0,0 years,_T,Total,_Z,Not applicable,_Z,Not applicable,_Z,Not applicable,_Z,Not applicable,_Z,Not applicable,_Z,Not applicable,_Z,Not applicable,2009,,73.5,,,,,,,,,,,
DATAFLOW,OECD.ELS.HD:DSD_HEALTH_STAT@DF_LE(1.0),Life expectancy,I,BRA,Brazil,A,Annual,LFEXP,Life expectancy,Y,Years,Y0,0 years,_T,Total,_Z,Not applicable,_Z,Not applicable,_Z,Not applicable,_Z,Not applicable,_Z,Not applicable,_Z,Not applicable,_Z,Not applicable,2010,,73.8,,,,,,,,,,,
DATAFLOW,OECD.ELS.HD:DSD_HEALTH_STAT@DF_LE(1.0),Life expectancy,I,BRA,Brazil,A,Annual,LFEXP,Life expectancy,Y,Years,Y0,0 years,_T,Total,_Z,Not applicable,_Z,Not applicable,_Z,Not applicable,_Z,Not applicable,_Z,Not applicable,_Z,Not applicable,_Z,Not applicable,2011,,74,,,,,,,,,,,
DATAFLOW,OECD.ELS.HD:DSD_HEALTH_STAT@DF_LE(1.0),Life expectancy,I,BRA,Brazil,A,Annual,LFEXP,Life expectancy,Y,Years,Y0,0 years,_T,Total,_Z,Not applicable,_Z,Not applicable,_Z,Not applicable,_Z,Not applicable,_Z,Not applicable,_Z,Not applicable,_Z,Not applicable,2012,,74.3,,,,,,,,,,,
DATAFLOW,OECD.ELS.HD:DSD_HEALTH_STAT@DF_LE(1.0),Life expectancy,I,BRA,Brazil,A,Annual,LFEXP,Life expectancy,Y,Years,Y0,0 years,_T,Total,_Z,Not applicable,_Z,Not applicable,_Z,Not applicable,_Z,Not applicable,_Z,Not applicable,_Z,Not applicable,_Z,Not applicable,2013,,74.6,,,,,,,,,,,
DATAFLOW,OECD.ELS.HD:DSD_HEALTH_STAT@DF_LE(1.0),Life expectancy,I,BRA,Brazil,A,Annual,LFEXP,Life expectancy,Y,Years,Y0,0 years,_T,Total,_Z,Not applicable,_Z,Not applicable,_Z,Not applicable,_Z,Not applicable,_Z,Not applicable,_Z,Not applicable,_Z,Not applicable,2014,,74.8,,,,,,,,,,,
DATAFLOW,OECD.ELS.HD:DSD_HEALTH_STAT@DF_LE(1.0),Life expectancy,I,BRA,Brazil,A,Annual,LFEXP,Life expectancy,Y,Years,Y0,0 years,_T,Total,_Z,Not applicable,_Z,Not applicable,_Z,Not applicable,_Z,Not applicable,_Z,Not applicable,_Z,Not applicable,_Z,Not applicable,2015,,75.1,,,,,,,,,,,
DATAFLOW,OECD.ELS.HD:DSD_HEALTH_STAT@DF_LE(1.0),Life expectancy,I,BRA,Brazil,A,Annual,LFEXP,Life expectancy,Y,Years,Y0,0 years,_T,Total,_Z,Not applicable,_Z,Not applicable,_Z,Not applicable,_Z,Not applicable,_Z,Not applicable,_Z,Not applicable,_Z,Not applicable,2016,,75.1,,,,,,,,,,,
DATAFLOW,OECD.ELS.HD:DSD_HEALTH_STAT@DF_LE(1.0),Life expectancy,I,BRA,Brazil,A,Annual,LFEXP,Life expectancy,Y,Years,Y0,0 years,_T,Total,_Z,Not applicable,_Z,Not applicable,_Z,Not applicable,_Z,Not applicable,_Z,Not applicable,_Z,Not applicable,_Z,Not applicable,2017,,75.4,,,,,,,,,,,
DATAFLOW,OECD.ELS.HD:DSD_HEALTH_STAT@DF_LE(1.0),Life expectancy,I,BRA,Brazil,A,Annual,LFEXP,Life expectancy,Y,Years,Y0,0 years,_T,Total,_Z,Not applicable,_Z,Not applicable,_Z,Not applicable,_Z,Not applicable,_Z,Not applicable,_Z,Not applicable,_Z,Not applicable,2018,,75.6,,,,,,,,,,,
DATAFLOW,OECD.ELS.HD:DSD_HEALTH_STAT@DF_LE(1.0),Life expectancy,I,BRA,Brazil,A,Annual,LFEXP,Life expectancy,Y,Years,Y0,0 years,_T,Total,_Z,Not applicable,_Z,Not applicable,_Z,Not applicable,_Z,Not applicable,_Z,Not applicable,_Z,Not applicable,_Z,Not applicable,2019,,75.8,,,,,,,,,,,
DATAFLOW,OECD.ELS.HD:DSD_HEALTH_STAT@DF_LE(1.0),Life expectancy,I,BRA,Brazil,A,Annual,LFEXP,Life expectancy,Y,Years,Y0,0 years,_T,Total,_Z,Not applicable,_Z,Not applicable,_Z,Not applicable,_Z,Not applicable,_Z,Not applicable,_Z,Not applicable,_Z,Not applicable,2020,,74.5,,,,,,,,,,,
DATAFLOW,OECD.ELS.HD:DSD_HEALTH_STAT@DF_LE(1.0),Life expectancy,I,BRA,Brazil,A,Annual,LFEXP,Life expectancy,Y,Years,Y0,0 years,_T,Total,_Z,Not applicable,_Z,Not applicable,_Z,Not applicable,_Z,Not applicable,_Z,Not applicable,_Z,Not applicable,_Z,Not applicable,2021,,73,,,,,,,,,,,
DATAFLOW,OECD.ELS.HD:DSD_HEALTH_STAT@DF_LE(1.0),Life expectancy,I,BRA,Brazil,A,Annual,LFEXP,Life expectancy,Y,Years,Y0,0 years,_T,Total,_Z,Not applicable,_Z,Not applicable,_Z,Not applicable,_Z,Not applicable,_Z,Not applicable,_Z,Not applicable,_Z,Not applicable,2022,,74.9,,,,,,,,,,,
DATAFLOW,OECD.ELS.HD:DSD_HEALTH_STAT@DF_LE(1.0),Life expectancy,I,BRA,Brazil,A,Annual,LFEXP,Life expectancy,Y,Years,Y0,0 years,_T,Total,_Z,Not applicable,_Z,Not applicable,_Z,Not applicable,_Z,Not applicable,_Z,Not applicable,_Z,Not applicable,_Z,Not applicable,2023,,75.8,,,,,,,,,,,
DATAFLOW,OECD.ELS.HD:DSD_HEALTH_STAT@DF_LE(1.0),Life expectancy,I,ARG,Argentina,A,Annual,LFEXP,Life expectancy,Y,Years,Y0,0 years,_T,Total,_Z,Not applicable,_Z,Not applicable,_Z,Not applicable,_Z,Not applicable,_Z,Not applicable,_Z,Not applicable,_Z,Not applicable,2002,,74.3,,,,,,,,,,,
DATAFLOW,OECD.ELS.HD:DSD_HEALTH_STAT@DF_LE(1.0),Life expectancy,I,ARG,Argentina,A,Annual,LFEXP,Life expectancy,Y,Years,Y0,0 years,_T,Total,_Z,Not applicable,_Z,Not applicable,_Z,Not applicable,_Z,Not applicable,_Z,Not applicable,_Z,Not applicable,_Z,Not applicable,2003,,74.3,,,,,,,,,,,
DATAFLOW,OECD.ELS.HD:DSD_HEALTH_STAT@DF_LE(1.0),Life expectancy,I,ARG,Argentina,A,Annual,LFEXP,Life expectancy,Y,Years,Y0,0 years,_T,Total,_Z,Not applicable,_Z,Not applicable,_Z,Not applicable,_Z,Not applicable,_Z,Not applicable,_Z,Not applicable,_Z,Not applicable,2005,,75.2,,,,,,,,,,,
DATAFLOW,OECD.ELS.HD:DSD_HEALTH_STAT@DF_LE(1.0),Life expectancy,I,ARG,Argentina,A,Annual,LFEXP,Life expectancy,Y,Years,Y0,0 years,_T,Total,_Z,Not applicable,_Z,Not applicable,_Z,Not applicable,_Z,Not applicable,_Z,Not applicable,_Z,Not applicable,_Z,Not applicable,2006,,75.3,,,,,,,,,,,
DATAFLOW,OECD.ELS.HD:DSD_HEALTH_STAT@DF_LE(1.0),Life expectancy,I,ARG,Argentina,A,Annual,LFEXP,Life expectancy,Y,Years,Y0,0 years,_T,Total,_Z,Not applicable,_Z,Not applicable,_Z,Not applicable,_Z,Not applicable,_Z,Not applicable,_Z,Not applicable,_Z,Not applicable,2007,,74.8,,,,,,,,,,,
DATAFLOW,OECD.ELS.HD:DSD_HEALTH_STAT@DF_LE(1.0),Life expectancy,I,ARG,Argentina,A,Annual,LFEXP,Life expectancy,Y,Years,Y0,0 years,_T,Total,_Z,Not applicable,_Z,Not applicable,_Z,Not applicable,_Z,Not applicable,_Z,Not applicable,_Z,Not applicable,_Z,Not applicable,2008,,75.4,,,,,,,,,,,
DATAFLOW,OECD.ELS.HD:DSD_HEALTH_STAT@DF_LE(1.0),Life expectancy,I,ARG,Argentina,A,Annual,LFEXP,Life expectancy,Y,Years,Y0,0 years,_T,Total,_Z,Not applicable,_Z,Not applicable,_Z,Not applicable,_Z,Not applicable,_Z,Not applicable,_Z,Not applicable,_Z,Not applicable,2009,,75.6,,,,,,,,,,,
DATAFLOW,OECD.ELS.HD:DSD_HEALTH_STAT@DF_LE(1.0),Life expectancy,I,ARG,Argentina,A,Annual,LFEXP,Life expectancy,Y,Years,Y0,0 years,_T,Total,_Z,Not applicable,_Z,Not applicable,_Z,Not applicable,_Z,Not applicable,_Z,Not applicable,_Z,Not applicable,_Z,Not applicable,2012,,75.8,,,,,,,,,,,
DATAFLOW,OECD.ELS.HD:DSD_HEALTH_STAT@DF_LE(1.0),Life expectancy,I,ARG,Argentina,A,Annual,LFEXP,Life expectancy,Y,Years,Y0,0 years,_T,Total,_Z,Not applicable,_Z,Not applicable,_Z,Not applicable,_Z,Not applicable,_Z,Not applicable,_Z,Not applicable,_Z,Not applicable,2013,,75.8,,,,,,,,,,,
DATAFLOW,OECD.ELS.HD:DSD_HEALTH_STAT@DF_LE(1.0),Life expectancy,I,ARG,Argentina,A,Annual,LFEXP,Life expectancy,Y,Years,Y0,0 years,_T,Total,_Z,Not applicable,_Z,Not applicable,_Z,Not applicable,_Z,Not applicable,_Z,Not applicable,_Z,Not applicable,_Z,Not applicable,2014,,76.3,,,,,,,,,,,
DATAFLOW,OECD.ELS.HD:DSD_HEALTH_STAT@DF_LE(1.0),Life expectancy,I,ARG,Argentina,A,Annual,LFEXP,Life expectancy,Y,Years,Y0,0 years,_T,Total,_Z,Not applicable,_Z,Not applicable,_Z,Not applicable,_Z,Not applicable,_Z,Not applicable,_Z,Not applicable,_Z,Not applicable,2015,,76.6,,,,,,,,,,,
DATAFLOW,OECD.ELS.HD:DSD_HEALTH_STAT@DF_LE(1.0),Life expectancy,I,ARG,Argentina,A,Annual,LFEXP,Life expectancy,Y,Years,Y0,0 years,_T,Total,_Z,Not applicable,_Z,Not applicable,_Z,Not applicable,_Z,Not applicable,_Z,Not applicable,_Z,Not applicable,_Z,Not applicable,2016,,76.1,,,,,,,,,,,
DATAFLOW,OECD.ELS.HD:DSD_HEALTH_STAT@DF_LE(1.0),Life expectancy,I,ARG,Argentina,A,Annual,LFEXP,Life expectancy,Y,Years,Y0,0 years,_T,Total,_Z,Not applicable,_Z,Not applicable,_Z,Not applicable,_Z,Not applicable,_Z,Not applicable,_Z,Not applicable,_Z,Not applicable,2017,,76.5,,,,,,,,,,,
DATAFLOW,OECD.ELS.HD:DSD_HEALTH_STAT@DF_LE(1.0),Life expectancy,I,ARG,Argentina,A,Annual,LFEXP,Life expectancy,Y,Years,Y0,0 years,_T,Total,_Z,Not applicable,_Z,Not applicable,_Z,Not applicable,_Z,Not applicable,_Z,Not applicable,_Z,Not applicable,_Z,Not applicable,2018,,76.8,,,,,,,,,,,
DATAFLOW,OECD.ELS.HD:DSD_HEALTH_STAT@DF_LE(1.0),Life expectancy,I,ARG,Argentina,A,Annual,LFEXP,Life expectancy,Y,Years,Y0,0 years,_T,Total,_Z,Not applicable,_Z,Not applicable,_Z,Not applicable,_Z,Not applicable,_Z,Not applicable,_Z,Not applicable,_Z,Not applicable,2019,,76.8,,,,,,,,,,,
DATAFLOW,OECD.ELS.HD:DSD_HEALTH_STAT@DF_LE(1.0),Life expectancy,I,ARG,Argentina,A,Annual,LFEXP,Life expectancy,Y,Years,Y0,0 years,_T,Total,_Z,Not applicable,_Z,Not applicable,_Z,Not applicable,_Z,Not applicable,_Z,Not applicable,_Z,Not applicable,_Z,Not applicable,2021,,73.9,,,,,,,,,,,
DATAFLOW,OECD.ELS.HD:DSD_HEALTH_STAT@DF_LE(1.0),Life expectancy,I,ARG,Argentina,A,Annual,LFEXP,Life expectancy,Y,Years,Y0,0 years,_T,Total,_Z,Not applicable,_Z,Not applicable,_Z,Not applicable,_Z,Not applicable,_Z,Not applicable,_Z,Not applicable,_Z,Not applicable,2022,,75.8,,,,,,,,,,,
DATAFLOW,OECD.ELS.HD:DSD_HEALTH_STAT@DF_LE(1.0),Life expectancy,I,ARG,Argentina,A,Annual,LFEXP,Life expectancy,Y,Years,Y0,0 years,_T,Total,_Z,Not applicable,_Z,Not applicable,_Z,Not applicable,_Z,Not applicable,_Z,Not applicable,_Z,Not applicable,_Z,Not applicable,2023,,77.4,,,,,,,,,,,
DATAFLOW,OECD.ELS.HD:DSD_HEALTH_STAT@DF_LE(1.0),Life expectancy,I,UKR,Ukraine,A,Annual,LFEXP,Life expectancy,Y,Years,Y0,0 years,_T,Total,_Z,Not applicable,_Z,Not applicable,_Z,Not applicable,_Z,Not applicable,_Z,Not applicable,_Z,Not applicable,_Z,Not applicable,2000,,67.8,,,,,,,,,,,
DATAFLOW,OECD.ELS.HD:DSD_HEALTH_STAT@DF_LE(1.0),Life expectancy,I,UKR,Ukraine,A,Annual,LFEXP,Life expectancy,Y,Years,Y0,0 years,_T,Total,_Z,Not applicable,_Z,Not applicable,_Z,Not applicable,_Z,Not applicable,_Z,Not applicable,_Z,Not applicable,_Z,Not applicable,2001,,67.7,,,,,,,,,,,
DATAFLOW,OECD.ELS.HD:DSD_HEALTH_STAT@DF_LE(1.0),Life expectancy,I,UKR,Ukraine,A,Annual,LFEXP,Life expectancy,Y,Years,Y0,0 years,_T,Total,_Z,Not applicable,_Z,Not applicable,_Z,Not applicable,_Z,Not applicable,_Z,Not applicable,_Z,Not applicable,_Z,Not applicable,2002,,67.7,,,,,,,,,,,
DATAFLOW,OECD.ELS.HD:DSD_HEALTH_STAT@DF_LE(1.0),Life expectancy,I,UKR,Ukraine,A,Annual,LFEXP,Life expectancy,Y,Years,Y0,0 years,_T,Total,_Z,Not applicable,_Z,Not applicable,_Z,Not applicable,_Z,Not applicable,_Z,Not applicable,_Z,Not applicable,_Z,Not applicable,2003,,67.6,,,,,,,,,,,
DATAFLOW,OECD.ELS.HD:DSD_HEALTH_STAT@DF_LE(1.0),Life expectancy,I,UKR,Ukraine,A,Annual,LFEXP,Life expectancy,Y,Years,Y0,0 years,_T,Total,_Z,Not applicable,_Z,Not applicable,_Z,Not applicable,_Z,Not applicable,_Z,Not applicable,_Z,Not applicable,_Z,Not applicable,2004,,67.5,,,,,,,,,,,
DATAFLOW,OECD.ELS.HD:DSD_HEALTH_STAT@DF_LE(1.0),Life expectancy,I,UKR,Ukraine,A,Annual,LFEXP,Life expectancy,Y,Years,Y0,0 years,_T,Total,_Z,Not applicable,_Z,Not applicable,_Z,Not applicable,_Z,Not applicable,_Z,Not applicable,_Z,Not applicable,_Z,Not applicable,2005,,67.5,,,,,,,,,,,
DATAFLOW,OECD.ELS.HD:DSD_HEALTH_STAT@DF_LE(1.0),Life expectancy,I,UKR,Ukraine,A,Annual,LFEXP,Life expectancy,Y,Years,Y0,0 years,_T,Total,_Z,Not applicable,_Z,Not applicable,_Z,Not applicable,_Z,Not applicable,_Z,Not applicable,_Z,Not applicable,_Z,Not applicable,2006,,67.5,,,,,,,,,,,
DATAFLOW,OECD.ELS.HD:DSD_HEALTH_STAT@DF_LE(1.0),Life expectancy,I,UKR,Ukraine,A,Annual,LFEXP,Life expectancy,Y,Years,Y0,0 years,_T,Total,_Z,Not applicable,_Z,Not applicable,_Z,Not applicable,_Z,Not applicable,_Z,Not applicable,_Z,Not applicable,_Z,Not applicable,2007,,67.7,,,,,,,,,,,
DATAFLOW,OECD.ELS.HD:DSD_HEALTH_STAT@DF_LE(1.0),Life expectancy,I,UKR,Ukraine,A,Annual,LFEXP,Life expectancy,Y,Years,Y0,0 years,_T,Total,_Z,Not applicable,_Z,Not applicable,_Z,Not applicable,_Z,Not applicable,_Z,Not applicable,_Z,Not applicable,_Z,Not applicable,2008,,68.3,,,,,,,,,,,
DATAFLOW,OECD.ELS.HD:DSD_HEALTH_STAT@DF_LE(1.0),Life expectancy,I,UKR,Ukraine,A,Annual,LFEXP,Life expectancy,Y,Years,Y0,0 years,_T,Total,_Z,Not applicable,_Z,Not applicable,_Z,Not applicable,_Z,Not applicable,_Z,Not applicable,_Z,Not applicable,_Z,Not applicable,2009,,69.2,,,,,,,,,,,
DATAFLOW,OECD.ELS.HD:DSD_HEALTH_STAT@DF_LE(1.0),Life expectancy,I,UKR,Ukraine,A,Annual,LFEXP,Life expectancy,Y,Years,Y0,0 years,_T,Total,_Z,Not applicable,_Z,Not applicable,_Z,Not applicable,_Z,Not applicable,_Z,Not applicable,_Z,Not applicable,_Z,Not applicable,2010,,70.2,,,,,,,,,,,
DATAFLOW,OECD.ELS.HD:DSD_HEALTH_STAT@DF_LE(1.0),Life expectancy,I,UKR,Ukraine,A,Annual,LFEXP,Life expectancy,Y,Years,Y0,0 years,_T,Total,_Z,Not applicable,_Z,Not applicable,_Z,Not applicable,_Z,Not applicable,_Z,Not applicable,_Z,Not applicable,_Z,Not applicable,2011,,70.7,,,,,,,,,,,
DATAFLOW,OECD.ELS.HD:DSD_HEALTH_STAT@DF_LE(1.0),Life expectancy,I,UKR,Ukraine,A,Annual,LFEXP,Life expectancy,Y,Years,Y0,0 years,_T,Total,_Z,Not applicable,_Z,Not applicable,_Z,Not applicable,_Z,Not applicable,_Z,Not applicable,_Z,Not applicable,_Z,Not applicable,2012,,71.1,,,,,,,,,,,
DATAFLOW,OECD.ELS.HD:DSD_HEALTH_STAT@DF_LE(1.0),Life expectancy,I,UKR,Ukraine,A,Annual,LFEXP,Life expectancy,Y,Years,Y0,0 years,_T,Total,_Z,Not applicable,_Z,Not applicable,_Z,Not applicable,_Z,Not applicable,_Z,Not applicable,_Z,Not applicable,_Z,Not applicable,2013,,71.5,,,,,,,,,,,
DATAFLOW,OECD.ELS.HD:DSD_HEALTH_STAT@DF_LE(1.0),Life expectancy,I,UKR,Ukraine,A,Annual,LFEXP,Life expectancy,Y,Years,Y0,0 years,_T,Total,_Z,Not applicable,_Z,Not applicable,_Z,Not applicable,_Z,Not applicable,_Z,Not applicable,_Z,Not applicable,_Z,Not applicable,2014,,71.8,,,,,,,,,,,
DATAFLOW,OECD.ELS.HD:DSD_HEALTH_STAT@DF_LE(1.0),Life expectancy,I,UKR,Ukraine,A,Annual,LFEXP,Life expectancy,Y,Years,Y0,0 years,_T,Total,_Z,Not applicable,_Z,Not applicable,_Z,Not applicable,_Z,Not applicable,_Z,Not applicable,_Z,Not applicable,_Z,Not applicable,2015,,72.7,,,,,,,,,,,
DATAFLOW,OECD.ELS.HD:DSD_HEALTH_STAT@DF_LE(1.0),Life expectancy,I,UKR,Ukraine,A,Annual,LFEXP,Life expectancy,Y,Years,Y0,0 years,_T,Total,_Z,Not applicable,_Z,Not applicable,_Z,Not applicable,_Z,Not applicable,_Z,Not applicable,_Z,Not applicable,_Z,Not applicable,2016,,73.4,,,,,,,,,,,
DATAFLOW,OECD.ELS.HD:DSD_HEALTH_STAT@DF_LE(1.0),Life expectancy,I,UKR,Ukraine,A,Annual,LFEXP,Life expectancy,Y,Years,Y0,0 years,_T,Total,_Z,Not applicable,_Z,Not applicable,_Z,Not applicable,_Z,Not applicable,_Z,Not applicable,_Z,Not applicable,_Z,Not applicable,2017,,74,,,,,,,,,,,
DATAFLOW,OECD.ELS.HD:DSD_HEALTH_STAT@DF_LE(1.0),Life expectancy,I,UKR,Ukraine,A,Annual,LFEXP,Life expectancy,Y,Years,Y0,0 years,_T,Total,_Z,Not applicable,_Z,Not applicable,_Z,Not applicable,_Z,Not applicable,_Z,Not applicable,_Z,Not applicable,_Z,Not applicable,2018,,73.6,,,,,,,,,,,
DATAFLOW,OECD.ELS.HD:DSD_HEALTH_STAT@DF_LE(1.0),Life expectancy,I,UKR,Ukraine,A,Annual,LFEXP,Life expectancy,Y,Years,Y0,0 years,_T,Total,_Z,Not applicable,_Z,Not applicable,_Z,Not applicable,_Z,Not applicable,_Z,Not applicable,_Z,Not applicable,_Z,Not applicable,2019,,73.9,,,,,,,,,,,
DATAFLOW,OECD.ELS.HD:DSD_HEALTH_STAT@DF_LE(1.0),Life expectancy,I,UKR,Ukraine,A,Annual,LFEXP,Life expectancy,Y,Years,Y0,0 years,_T,Total,_Z,Not applicable,_Z,Not applicable,_Z,Not applicable,_Z,Not applicable,_Z,Not applicable,_Z,Not applicable,_Z,Not applicable,2020,,73.3,,,,,,,,,,,
DATAFLOW,OECD.ELS.HD:DSD_HEALTH_STAT@DF_LE(1.0),Life expectancy,I,UKR,Ukraine,A,Annual,LFEXP,Life expectancy,Y,Years,Y0,0 years,_T,Total,_Z,Not applicable,_Z,Not applicable,_Z,Not applicable,_Z,Not applicable,_Z,Not applicable,_Z,Not applicable,_Z,Not applicable,2021,,71.6,,,,,,,,,,,
DATAFLOW,OECD.ELS.HD:DSD_HEALTH_STAT@DF_LE(1.0),Life expectancy,I,UKR,Ukraine,A,Annual,LFEXP,Life expectancy,Y,Years,Y0,0 years,_T,Total,_Z,Not applicable,_Z,Not applicable,_Z,Not applicable,_Z,Not applicable,_Z,Not applicable,_Z,Not applicable,_Z,Not applicable,2022,,72.7,,,,,,,,,,,
DATAFLOW,OECD.ELS.HD:DSD_HEALTH_STAT@DF_LE(1.0),Life expectancy,I,UKR,Ukraine,A,Annual,LFEXP,Life expectancy,Y,Years,Y0,0 years,_T,Total,_Z,Not applicable,_Z,Not applicable,_Z,Not applicable,_Z,Not applicable,_Z,Not applicable,_Z,Not applicable,_Z,Not applicable,2023,,73.4,,,,,,,,,,,
DATAFLOW,OECD.ELS.HD:DSD_HEALTH_STAT@DF_LE(1.0),Life expectancy,I,THA,Thailand,A,Annual,LFEXP,Life expectancy,Y,Years,Y0,0 years,_T,Total,_Z,Not applicable,_Z,Not applicable,_Z,Not applicable,_Z,Not applicable,_Z,Not applicable,_Z,Not applicable,_Z,Not applicable,2000,,71.2,,,,,,,,,,,
DATAFLOW,OECD.ELS.HD:DSD_HEALTH_STAT@DF_LE(1.0),Life expectancy,I,THA,Thailand,A,Annual,LFEXP,Life expectancy,Y,Years,Y0,0 years,_T,Total,_Z,Not applicable,_Z,Not applicable,_Z,Not applicable,_Z,Not applicable,_Z,Not applicable,_Z,Not applicable,_Z,Not applicable,2001,,71.5,,,,,,,,,,,
DATAFLOW,OECD.ELS.HD:DSD_HEALTH_STAT@DF_LE(1.0),Life expectancy,I,THA,Thailand,A,Annual,LFEXP,Life expectancy,Y,Years,Y0,0 years,_T,Total,_Z,Not applicable,_Z,Not applicable,_Z,Not applicable,_Z,Not applicable,_Z,Not applicable,_Z,Not applicable,_Z,Not applicable,2002,,71.8,,,,,,,,,,,
DATAFLOW,OECD.ELS.HD:DSD_HEALTH_STAT@DF_LE(1.0),Life expectancy,I,THA,Thailand,A,Annual,LFEXP,Life expectancy,Y,Years,Y0,0 years,_T,Total,_Z,Not applicable,_Z,Not applicable,_Z,Not applicable,_Z,Not applicable,_Z,Not applicable,_Z,Not applicable,_Z,Not applicable,2003,,72.1,,,,,,,,,,,
DATAFLOW,OECD.ELS.HD:DSD_HEALTH_STAT@DF_LE(1.0),Life expectancy,I,THA,Thailand,A,Annual,LFEXP,Life expectancy,Y,Years,Y0,0 years,_T,Total,_Z,Not applicable,_Z,Not applicable,_Z,Not applicable,_Z,Not applicable,_Z,Not applicable,_Z,Not applicable,_Z,Not applicable,2004,,72.1,,,,,,,,,,,
DATAFLOW,OECD.ELS.HD:DSD_HEALTH_STAT@DF_LE(1.0),Life expectancy,I,THA,Thailand,A,Annual,LFEXP,Life expectancy,Y,Years,Y0,0 years,_T,Total,_Z,Not applicable,_Z,Not applicable,_Z,Not applicable,_Z,Not applicable,_Z,Not applicable,_Z,Not applicable,_Z,Not applicable,2005,,72.9,,,,,,,,,,,
DATAFLOW,OECD.ELS.HD:DSD_HEALTH_STAT@DF_LE(1.0),Life expectancy,I,THA,Thailand,A,Annual,LFEXP,Life expectancy,Y,Years,Y0,0 years,_T,Total,_Z,Not applicable,_Z,Not applicable,_Z,Not applicable,_Z,Not applicable,_Z,Not applicable,_Z,Not applicable,_Z,Not applicable,2006,,73.3,,,,,,,,,,,
DATAFLOW,OECD.ELS.HD:DSD_HEALTH_STAT@DF_LE(1.0),Life expectancy,I,THA,Thailand,A,Annual,LFEXP,Life expectancy,Y,Years,Y0,0 years,_T,Total,_Z,Not applicable,_Z,Not applicable,_Z,Not applicable,_Z,Not applicable,_Z,Not applicable,_Z,Not applicable,_Z,Not applicable,2007,,73.8,,,,,,,,,,,
DATAFLOW,OECD.ELS.HD:DSD_HEALTH_STAT@DF_LE(1.0),Life expectancy,I,THA,Thailand,A,Annual,LFEXP,Life expectancy,Y,Years,Y0,0 years,_T,Total,_Z,Not applicable,_Z,Not applicable,_Z,Not applicable,_Z,Not applicable,_Z,Not applicable,_Z,Not applicable,_Z,Not applicable,2008,,74.2,,,,,,,,,,,
DATAFLOW,OECD.ELS.HD:DSD_HEALTH_STAT@DF_LE(1.0),Life expectancy,I,THA,Thailand,A,Annual,LFEXP,Life expectancy,Y,Years,Y0,0 years,_T,Total,_Z,Not applicable,_Z,Not applicable,_Z,Not applicable,_Z,Not applicable,_Z,Not applicable,_Z,Not applicable,_Z,Not applicable,2009,,74.7,,,,,,,,,,,
DATAFLOW,OECD.ELS.HD:DSD_HEALTH_STAT@DF_LE(1.0),Life expectancy,I,THA,Thailand,A,Annual,LFEXP,Life expectancy,Y,Years,Y0,0 years,_T,Total,_Z,Not applicable,_Z,Not applicable,_Z,Not applicable,_Z,Not applicable,_Z,Not applicable,_Z,Not applicable,_Z,Not applicable,2010,,75,,,,,,,,,,,
DATAFLOW,OECD.ELS.HD:DSD_HEALTH_STAT@DF_LE(1.0),Life expectancy,I,THA,Thailand,A,Annual,LFEXP,Life expectancy,Y,Years,Y0,0 years,_T,Total,_Z,Not applicable,_Z,Not applicable,_Z,Not applicable,_Z,Not applicable,_Z,Not applicable,_Z,Not applicable,_Z,Not applicable,2011,,75.3,,,,,,,,,,,
DATAFLOW,OECD.ELS.HD:DSD_HEALTH_STAT@DF_LE(1.0),Life expectancy,I,THA,Thailand,A,Annual,LFEXP,Life expectancy,Y,Years,Y0,0 years,_T,Total,_Z,Not applicable,_Z,Not applicable,_Z,Not applicable,_Z,Not applicable,_Z,Not applicable,_Z,Not applicable,_Z,Not applicable,2012,,75.6,,,,,,,,,,,
DATAFLOW,OECD.ELS.HD:DSD_HEALTH_STAT@DF_LE(1.0),Life expectancy,I,THA,Thailand,A,Annual,LFEXP,Life expectancy,Y,Years,Y0,0 years,_T,Total,_Z,Not applicable,_Z,Not applicable,_Z,Not applicable,_Z,Not applicable,_Z,Not applicable,_Z,Not applicable,_Z,Not applicable,2013,,76,,,,,,,,,,,
DATAFLOW,OECD.ELS.HD:DSD_HEALTH_STAT@DF_LE(1.0),Life expectancy,I,THA,Thailand,A,Annual,LFEXP,Life expectancy,Y,Years,Y0,0 years,_T,Total,_Z,Not applicable,_Z,Not applicable,_Z,Not applicable,_Z,Not applicable,_Z,Not applicable,_Z,Not applicable,_Z,Not applicable,2014,,76.3,,,,,,,,,,,
DATAFLOW,OECD.ELS.HD:DSD_HEALTH_STAT@DF_LE(1.0),Life expectancy,I,THA,Thailand,A,Annual,LFEXP,Life expectancy,Y,Years,Y0,0 years,_T,Total,_Z,Not applicable,_Z,Not applicable,_Z,Not applicable,_Z,Not applicable,_Z,Not applicable,_Z,Not applicable,_Z,Not applicable,2015,,76.6,,,,,,,,,,,
DATAFLOW,OECD.ELS.HD:DSD_HEALTH_STAT@DF_LE(1.0),Life expectancy,I,THA,Thailand,A,Annual,LFEXP,Life expectancy,Y,Years,Y0,0 years,_T,Total,_Z,Not applicable,_Z,Not applicable,_Z,Not applicable,_Z,Not applicable,_Z,Not applicable,_Z,Not applicable,_Z,Not applicable,2016,,76.8,,,,,,,,,,,
DATAFLOW,OECD.ELS.HD:DSD_HEALTH_STAT@DF_LE(1.0),Life expectancy,I,THA,Thailand,A,Annual,LFEXP,Life expectancy,Y,Years,Y0,0 years,_T,Total,_Z,Not applicable,_Z,Not applicable,_Z,Not applicable,_Z,Not applicable,_Z,Not applicable,_Z,Not applicable,_Z,Not applicable,2017,,77,,,,,,,,,,,
DATAFLOW,OECD.ELS.HD:DSD_HEALTH_STAT@DF_LE(1.0),Life expectancy,I,THA,Thailand,A,Annual,LFEXP,Life expectancy,Y,Years,Y0,0 years,_T,Total,_Z,Not applicable,_Z,Not applicable,_Z,Not applicable,_Z,Not applicable,_Z,Not applicable,_Z,Not applicable,_Z,Not applicable,2018,,77.2,,,,,,,,,,,
DATAFLOW,OECD.ELS.HD:DSD_HEALTH_STAT@DF_LE(1.0),Life expectancy,I,THA,Thailand,A,Annual,LFEXP,Life expectancy,Y,Years,Y0,0 years,_T,Total,_Z,Not applicable,_Z,Not applicable,_Z,Not applicable,_Z,Not applicable,_Z,Not applicable,_Z,Not applicable,_Z,Not applicable,2019,,77.2,,,,,,,,,,,
DATAFLOW,OECD.ELS.HD:DSD_HEALTH_STAT@DF_LE(1.0),Life expectancy,I,THA,Thailand,A,Annual,LFEXP,Life expectancy,Y,Years,Y0,0 years,_T,Total,_Z,Not applicable,_Z,Not applicable,_Z,Not applicable,_Z,Not applicable,_Z,Not applicable,_Z,Not applicable,_Z,Not applicable,2020,,77.3,,,,,,,,,,,
DATAFLOW,OECD.ELS.HD:DSD_HEALTH_STAT@DF_LE(1.0),Life expectancy,I,THA,Thailand,A,Annual,LFEXP,Life expectancy,Y,Years,Y0,0 years,_T,Total,_Z,Not applicable,_Z,Not applicable,_Z,Not applicable,_Z,Not applicable,_Z,Not applicable,_Z,Not applicable,_Z,Not applicable,2021,,77.6,,,,,,,,,,,
DATAFLOW,OECD.ELS.HD:DSD_HEALTH_STAT@DF_LE(1.0),Life expectancy,I,THA,Thailand,A,Annual,LFEXP,Life expectancy,Y,Years,Y0,0 years,_T,Total,_Z,Not applicable,_Z,Not applicable,_Z,Not applicable,_Z,Not applicable,_Z,Not applicable,_Z,Not applicable,_Z,Not applicable,2022,,75.3,,,,,,,,,,,
DATAFLOW,OECD.ELS.HD:DSD_HEALTH_STAT@DF_LE(1.0),Life expectancy,I,THA,Thailand,A,Annual,LFEXP,Life expectancy,Y,Years,Y0,0 years,_T,Total,_Z,Not applicable,_Z,Not applicable,_Z,Not applicable,_Z,Not applicable,_Z,Not applicable,_Z,Not applicable,_Z,Not applicable,2023,,76.4,,,,,,,,,,,
DATAFLOW,OECD.ELS.HD:DSD_HEALTH_STAT@DF_LE(1.0),Life expectancy,I,CRI,Costa Rica,A,Annual,LFEXP,Life expectancy,Y,Years,Y0,0 years,_T,Total,_Z,Not applicable,_Z,Not applicable,_Z,Not applicable,_Z,Not applicable,_Z,Not applicable,_Z,Not applicable,_Z,Not applicable,2000,,77.8,,,,B,Time series break,,,,,,
DATAFLOW,OECD.ELS.HD:DSD_HEALTH_STAT@DF_LE(1.0),Life expectancy,I,ISR,Israel,A,Annual,LFEXP,Life expectancy,Y,Years,Y0,0 years,_T,Total,_Z,Not applicable,_Z,Not applicable,_Z,Not applicable,_Z,Not applicable,_Z,Not applicable,_Z,Not applicable,_Z,Not applicable,2009,,81.5,,,,B,Time series break,,,,,,
DATAFLOW,OECD.ELS.HD:DSD_HEALTH_STAT@DF_LE(1.0),Life expectancy,I,ISR,Israel,A,Annual,LFEXP,Life expectancy,Y,Years,Y0,0 years,_T,Total,_Z,Not applicable,_Z,Not applicable,_Z,Not applicable,_Z,Not applicable,_Z,Not applicable,_Z,Not applicable,_Z,Not applicable,2023,,83.8,,,,B,Time series break,,,,,,
DATAFLOW,OECD.ELS.HD:DSD_HEALTH_STAT@DF_LE(1.0),Life expectancy,I,NZL,New Zealand,A,Annual,LFEXP,Life expectancy,Y,Years,Y0,0 years,_T,Total,_Z,Not applicable,_Z,Not applicable,_Z,Not applicable,_Z,Not applicable,_Z,Not applicable,_Z,Not applicable,_Z,Not applicable,2000,,78.4,,,,E,Estimated value,,,,,,
DATAFLOW,OECD.ELS.HD:DSD_HEALTH_STAT@DF_LE(1.0),Life expectancy,I,NZL,New Zealand,A,Annual,LFEXP,Life expectancy,Y,Years,Y0,0 years,_T,Total,_Z,Not applicable,_Z,Not applicable,_Z,Not applicable,_Z,Not applicable,_Z,Not applicable,_Z,Not applicable,_Z,Not applicable,2001,,78.7,,,,E,Estimated value,,,,,,
DATAFLOW,OECD.ELS.HD:DSD_HEALTH_STAT@DF_LE(1.0),Life expectancy,I,NZL,New Zealand,A,Annual,LFEXP,Life expectancy,Y,Years,Y0,0 years,_T,Total,_Z,Not applicable,_Z,Not applicable,_Z,Not applicable,_Z,Not applicable,_Z,Not applicable,_Z,Not applicable,_Z,Not applicable,2002,,79,,,,E,Estimated value,,,,,,
DATAFLOW,OECD.ELS.HD:DSD_HEALTH_STAT@DF_LE(1.0),Life expectancy,I,NZL,New Zealand,A,Annual,LFEXP,Life expectancy,Y,Years,Y0,0 years,_T,Total,_Z,Not applicable,_Z,Not applicable,_Z,Not applicable,_Z,Not applicable,_Z,Not applicable,_Z,Not applicable,_Z,Not applicable,2003,,79.3,,,,E,Estimated value,,,,,,
DATAFLOW,OECD.ELS.HD:DSD_HEALTH_STAT@DF_LE(1.0),Life expectancy,I,NZL,New Zealand,A,Annual,LFEXP,Life expectancy,Y,Years,Y0,0 years,_T,Total,_Z,Not applicable,_Z,Not applicable,_Z,Not applicable,_Z,Not applicable,_Z,Not applicable,_Z,Not applicable,_Z,Not applicable,2004,,79.6,,,,E,Estimated value,,,,,,
DATAFLOW,OECD.ELS.HD:DSD_HEALTH_STAT@DF_LE(1.0),Life expectancy,I,NZL,New Zealand,A,Annual,LFEXP,Life expectancy,Y,Years,Y0,0 years,_T,Total,_Z,Not applicable,_Z,Not applicable,_Z,Not applicable,_Z,Not applicable,_Z,Not applicable,_Z,Not applicable,_Z,Not applicable,2005,,79.8,,,,E,Estimated value,,,,,,
DATAFLOW,OECD.ELS.HD:DSD_HEALTH_STAT@DF_LE(1.0),Life expectancy,I,NZL,New Zealand,A,Annual,LFEXP,Life expectancy,Y,Years,Y0,0 years,_T,Total,_Z,Not applicable,_Z,Not applicable,_Z,Not applicable,_Z,Not applicable,_Z,Not applicable,_Z,Not applicable,_Z,Not applicable,2006,,80.1,,,,E,Estimated value,,,,,,
DATAFLOW,OECD.ELS.HD:DSD_HEALTH_STAT@DF_LE(1.0),Life expectancy,I,NZL,New Zealand,A,Annual,LFEXP,Life expectancy,Y,Years,Y0,0 years,_T,Total,_Z,Not applicable,_Z,Not applicable,_Z,Not applicable,_Z,Not applicable,_Z,Not applicable,_Z,Not applicable,_Z,Not applicable,2007,,80.3,,,,E,Estimated value,,,,,,
DATAFLOW,OECD.ELS.HD:DSD_HEALTH_STAT@DF_LE(1.0),Life expectancy,I,NZL,New Zealand,A,Annual,LFEXP,Life expectancy,Y,Years,Y0,0 years,_T,Total,_Z,Not applicable,_Z,Not applicable,_Z,Not applicable,_Z,Not applicable,_Z,Not applicable,_Z,Not applicable,_Z,Not applicable,2008,,80.5,,,,E,Estimated value,,,,,,
DATAFLOW,OECD.ELS.HD:DSD_HEALTH_STAT@DF_LE(1.0),Life expectancy,I,NZL,New Zealand,A,Annual,LFEXP,Life expectancy,Y,Years,Y0,0 years,_T,Total,_Z,Not applicable,_Z,Not applicable,_Z,Not applicable,_Z,Not applicable,_Z,Not applicable,_Z,Not applicable,_Z,Not applicable,2009,,80.7,,,,E,Estimated value,,,,,,
DATAFLOW,OECD.ELS.HD:DSD_HEALTH_STAT@DF_LE(1.0),Life expectancy,I,NZL,New Zealand,A,Annual,LFEXP,Life expectancy,Y,Years,Y0,0 years,_T,Total,_Z,Not applicable,_Z,Not applicable,_Z,Not applicable,_Z,Not applicable,_Z,Not applicable,_Z,Not applicable,_Z,Not applicable,2010,,80.8,,,,E,Estimated value,,,,,,
DATAFLOW,OECD.ELS.HD:DSD_HEALTH_STAT@DF_LE(1.0),Life expectancy,I,NZL,New Zealand,A,Annual,LFEXP,Life expectancy,Y,Years,Y0,0 years,_T,Total,_Z,Not applicable,_Z,Not applicable,_Z,Not applicable,_Z,Not applicable,_Z,Not applicable,_Z,Not applicable,_Z,Not applicable,2011,,81,,,,E,Estimated value,,,,,,
DATAFLOW,OECD.ELS.HD:DSD_HEALTH_STAT@DF_LE(1.0),Life expectancy,I,NZL,New Zealand,A,Annual,LFEXP,Life expectancy,Y,Years,Y0,0 years,_T,Total,_Z,Not applicable,_Z,Not applicable,_Z,Not applicable,_Z,Not applicable,_Z,Not applicable,_Z,Not applicable,_Z,Not applicable,2012,,81.2,,,,E,Estimated value,,,,,,
DATAFLOW,OECD.ELS.HD:DSD_HEALTH_STAT@DF_LE(1.0),Life expectancy,I,NZL,New Zealand,A,Annual,LFEXP,Life expectancy,Y,Years,Y0,0 years,_T,Total,_Z,Not applicable,_Z,Not applicable,_Z,Not applicable,_Z,Not applicable,_Z,Not applicable,_Z,Not applicable,_Z,Not applicable,2013,,81.4,,,,E,Estimated value,,,,,,
DATAFLOW,OECD.ELS.HD:DSD_HEALTH_STAT@DF_LE(1.0),Life expectancy,I,NZL,New Zealand,A,Annual,LFEXP,Life expectancy,Y,Years,Y0,0 years,_T,Total,_Z,Not applicable,_Z,Not applicable,_Z,Not applicable,_Z,Not applicable,_Z,Not applicable,_Z,Not applicable,_Z,Not applicable,2014,,81.4,,,,E,Estimated value,,,,,,
DATAFLOW,OECD.ELS.HD:DSD_HEALTH_STAT@DF_LE(1.0),Life expectancy,I,NZL,New Zealand,A,Annual,LFEXP,Life expectancy,Y,Years,Y0,0 years,_T,Total,_Z,Not applicable,_Z,Not applicable,_Z,Not applicable,_Z,Not applicable,_Z,Not applicable,_Z,Not applicable,_Z,Not applicable,2015,,81.5,,,,E,Estimated value,,,,,,
DATAFLOW,OECD.ELS.HD:DSD_HEALTH_STAT@DF_LE(1.0),Life expectancy,I,NZL,New Zealand,A,Annual,LFEXP,Life expectancy,Y,Years,Y0,0 years,_T,Total,_Z,Not applicable,_Z,Not applicable,_Z,Not applicable,_Z,Not applicable,_Z,Not applicable,_Z,Not applicable,_Z,Not applicable,2016,,81.6,,,,E,Estimated value,,,,,,
DATAFLOW,OECD.ELS.HD:DSD_HEALTH_STAT@DF_LE(1.0),Life expectancy,I,NZL,New Zealand,A,Annual,LFEXP,Life expectancy,Y,Years,Y0,0 years,_T,Total,_Z,Not applicable,_Z,Not applicable,_Z,Not applicable,_Z,Not applicable,_Z,Not applicable,_Z,Not applicable,_Z,Not applicable,2017,,81.7,,,,E,Estimated value,,,,,,
DATAFLOW,OECD.ELS.HD:DSD_HEALTH_STAT@DF_LE(1.0),Life expectancy,I,TUR,Türkiye,A,Annual,LFEXP,Life expectancy,Y,Years,Y0,0 years,_T,Total,_Z,Not applicable,_Z,Not applicable,_Z,Not applicable,_Z,Not applicable,_Z,Not applicable,_Z,Not applicable,_Z,Not applicable,2013,,78,,,,B,Time series break,,,,,,
DATAFLOW,OECD.ELS.HD:DSD_HEALTH_STAT@DF_LE(1.0),Life expectancy,I,GBR,United Kingdom,A,Annual,LFEXP,Life expectancy,Y,Years,Y0,0 years,_T,Total,_Z,Not applicable,_Z,Not applicable,_Z,Not applicable,_Z,Not applicable,_Z,Not applicable,_Z,Not applicable,_Z,Not applicable,2000,,77.8,,,,E,Estimated value,,,,,,
DATAFLOW,OECD.ELS.HD:DSD_HEALTH_STAT@DF_LE(1.0),Life expectancy,I,GBR,United Kingdom,A,Annual,LFEXP,Life expectancy,Y,Years,Y0,0 years,_T,Total,_Z,Not applicable,_Z,Not applicable,_Z,Not applicable,_Z,Not applicable,_Z,Not applicable,_Z,Not applicable,_Z,Not applicable,2001,,78,,,,E,Estimated value,,,,,,
DATAFLOW,OECD.ELS.HD:DSD_HEALTH_STAT@DF_LE(1.0),Life expectancy,I,GBR,United Kingdom,A,Annual,LFEXP,Life expectancy,Y,Years,Y0,0 years,_T,Total,_Z,Not applicable,_Z,Not applicable,_Z,Not applicable,_Z,Not applicable,_Z,Not applicable,_Z,Not applicable,_Z,Not applicable,2002,,78.2,,,,E,Estimated value,,,,,,
DATAFLOW,OECD.ELS.HD:DSD_HEALTH_STAT@DF_LE(1.0),Life expectancy,I,GBR,United Kingdom,A,Annual,LFEXP,Life expectancy,Y,Years,Y0,0 years,_T,Total,_Z,Not applicable,_Z,Not applicable,_Z,Not applicable,_Z,Not applicable,_Z,Not applicable,_Z,Not applicable,_Z,Not applicable,2003,,78.3,,,,E,Estimated value,,,,,,
DATAFLOW,OECD.ELS.HD:DSD_HEALTH_STAT@DF_LE(1.0),Life expectancy,I,GBR,United Kingdom,A,Annual,LFEXP,Life expectancy,Y,Years,Y0,0 years,_T,Total,_Z,Not applicable,_Z,Not applicable,_Z,Not applicable,_Z,Not applicable,_Z,Not applicable,_Z,Not applicable,_Z,Not applicable,2004,,78.8,,,,E,Estimated value,,,,,,
DATAFLOW,OECD.ELS.HD:DSD_HEALTH_STAT@DF_LE(1.0),Life expectancy,I,GBR,United Kingdom,A,Annual,LFEXP,Life expectancy,Y,Years,Y0,0 years,_T,Total,_Z,Not applicable,_Z,Not applicable,_Z,Not applicable,_Z,Not applicable,_Z,Not applicable,_Z,Not applicable,_Z,Not applicable,2005,,79,,,,E,Estimated value,,,,,,
DATAFLOW,OECD.ELS.HD:DSD_HEALTH_STAT@DF_LE(1.0),Life expectancy,I,GBR,United Kingdom,A,Annual,LFEXP,Life expectancy,Y,Years,Y0,0 years,_T,Total,_Z,Not applicable,_Z,Not applicable,_Z,Not applicable,_Z,Not applicable,_Z,Not applicable,_Z,Not applicable,_Z,Not applicable,2006,,79.3,,,,E,Estimated value,,,,,,
DATAFLOW,OECD.ELS.HD:DSD_HEALTH_STAT@DF_LE(1.0),Life expectancy,I,GBR,United Kingdom,A,Annual,LFEXP,Life expectancy,Y,Years,Y0,0 years,_T,Total,_Z,Not applicable,_Z,Not applicable,_Z,Not applicable,_Z,Not applicable,_Z,Not applicable,_Z,Not applicable,_Z,Not applicable,2007,,79.5,,,,E,Estimated value,,,,,,
DATAFLOW,OECD.ELS.HD:DSD_HEALTH_STAT@DF_LE(1.0),Life expectancy,I,GBR,United Kingdom,A,Annual,LFEXP,Life expectancy,Y,Years,Y0,0 years,_T,Total,_Z,Not applicable,_Z,Not applicable,_Z,Not applicable,_Z,Not applicable,_Z,Not applicable,_Z,Not applicable,_Z,Not applicable,2008,,79.6,,,,E,Estimated value,,,,,,
DATAFLOW,OECD.ELS.HD:DSD_HEALTH_STAT@DF_LE(1.0),Life expectancy,I,GBR,United Kingdom,A,Annual,LFEXP,Life expectancy,Y,Years,Y0,0 years,_T,Total,_Z,Not applicable,_Z,Not applicable,_Z,Not applicable,_Z,Not applicable,_Z,Not applicable,_Z,Not applicable,_Z,Not applicable,2009,,80.1,,,,E,Estimated value,,,,,,
DATAFLOW,OECD.ELS.HD:DSD_HEALTH_STAT@DF_LE(1.0),Life expectancy,I,GBR,United Kingdom,A,Annual,LFEXP,Life expectancy,Y,Years,Y0,0 years,_T,Total,_Z,Not applicable,_Z,Not applicable,_Z,Not applicable,_Z,Not applicable,_Z,Not applicable,_Z,Not applicable,_Z,Not applicable,2010,,80.4,,,,E,Estimated value,,,,,,
DATAFLOW,OECD.ELS.HD:DSD_HEALTH_STAT@DF_LE(1.0),Life expectancy,I,GBR,United Kingdom,A,Annual,LFEXP,Life expectancy,Y,Years,Y0,0 years,_T,Total,_Z,Not applicable,_Z,Not applicable,_Z,Not applicable,_Z,Not applicable,_Z,Not applicable,_Z,Not applicable,_Z,Not applicable,2011,,80.7,,,,E,Estimated value,,,,,,
DATAFLOW,OECD.ELS.HD:DSD_HEALTH_STAT@DF_LE(1.0),Life expectancy,I,GBR,United Kingdom,A,Annual,LFEXP,Life expectancy,Y,Years,Y0,0 years,_T,Total,_Z,Not applicable,_Z,Not applicable,_Z,Not applicable,_Z,Not applicable,_Z,Not applicable,_Z,Not applicable,_Z,Not applicable,2012,,80.8,,,,E,Estimated value,,,,,,
DATAFLOW,OECD.ELS.HD:DSD_HEALTH_STAT@DF_LE(1.0),Life expectancy,I,GBR,United Kingdom,A,Annual,LFEXP,Life expectancy,Y,Years,Y0,0 years,_T,Total,_Z,Not applicable,_Z,Not applicable,_Z,Not applicable,_Z,Not applicable,_Z,Not applicable,_Z,Not applicable,_Z,Not applicable,2013,,80.9,,,,E,Estimated value,,,,,,
DATAFLOW,OECD.ELS.HD:DSD_HEALTH_STAT@DF_LE(1.0),Life expectancy,I,GBR,United Kingdom,A,Annual,LFEXP,Life expectancy,Y,Years,Y0,0 years,_T,Total,_Z,Not applicable,_Z,Not applicable,_Z,Not applicable,_Z,Not applicable,_Z,Not applicable,_Z,Not applicable,_Z,Not applicable,2014,,81.1,,,,E,Estimated value,,,,,,
DATAFLOW,OECD.ELS.HD:DSD_HEALTH_STAT@DF_LE(1.0),Life expectancy,I,GBR,United Kingdom,A,Annual,LFEXP,Life expectancy,Y,Years,Y0,0 years,_T,Total,_Z,Not applicable,_Z,Not applicable,_Z,Not applicable,_Z,Not applicable,_Z,Not applicable,_Z,Not applicable,_Z,Not applicable,2015,,80.9,,,,E,Estimated value,,,,,,
DATAFLOW,OECD.ELS.HD:DSD_HEALTH_STAT@DF_LE(1.0),Life expectancy,I,GBR,United Kingdom,A,Annual,LFEXP,Life expectancy,Y,Years,Y0,0 years,_T,Total,_Z,Not applicable,_Z,Not applicable,_Z,Not applicable,_Z,Not applicable,_Z,Not applicable,_Z,Not applicable,_Z,Not applicable,2016,,81,,,,E,Estimated value,,,,,,
DATAFLOW,OECD.ELS.HD:DSD_HEALTH_STAT@DF_LE(1.0),Life expectancy,I,GBR,United Kingdom,A,Annual,LFEXP,Life expectancy,Y,Years,Y0,0 years,_T,Total,_Z,Not applicable,_Z,Not applicable,_Z,Not applicable,_Z,Not applicable,_Z,Not applicable,_Z,Not applicable,_Z,Not applicable,2017,,81.1,,,,E,Estimated value,,,,,,
DATAFLOW,OECD.ELS.HD:DSD_HEALTH_STAT@DF_LE(1.0),Life expectancy,I,GBR,United Kingdom,A,Annual,LFEXP,Life expectancy,Y,Years,Y0,0 years,_T,Total,_Z,Not applicable,_Z,Not applicable,_Z,Not applicable,_Z,Not applicable,_Z,Not applicable,_Z,Not applicable,_Z,Not applicable,2018,,81,,,,E,Estimated value,,,,,,
DATAFLOW,OECD.ELS.HD:DSD_HEALTH_STAT@DF_LE(1.0),Life expectancy,I,GBR,United Kingdom,A,Annual,LFEXP,Life expectancy,Y,Years,Y0,0 years,_T,Total,_Z,Not applicable,_Z,Not applicable,_Z,Not applicable,_Z,Not applicable,_Z,Not applicable,_Z,Not applicable,_Z,Not applicable,2019,,81.4,,,,E,Estimated value,,,,,,
DATAFLOW,OECD.ELS.HD:DSD_HEALTH_STAT@DF_LE(1.0),Life expectancy,I,GBR,United Kingdom,A,Annual,LFEXP,Life expectancy,Y,Years,Y0,0 years,_T,Total,_Z,Not applicable,_Z,Not applicable,_Z,Not applicable,_Z,Not applicable,_Z,Not applicable,_Z,Not applicable,_Z,Not applicable,2020,,80.3,,,,E,Estimated value,,,,,,
DATAFLOW,OECD.ELS.HD:DSD_HEALTH_STAT@DF_LE(1.0),Life expectancy,I,GBR,United Kingdom,A,Annual,LFEXP,Life expectancy,Y,Years,Y0,0 years,_T,Total,_Z,Not applicable,_Z,Not applicable,_Z,Not applicable,_Z,Not applicable,_Z,Not applicable,_Z,Not applicable,_Z,Not applicable,2021,,80.5,,,,E,Estimated value,,,,,,
DATAFLOW,OECD.ELS.HD:DSD_HEALTH_STAT@DF_LE(1.0),Life expectancy,I,GBR,United Kingdom,A,Annual,LFEXP,Life expectancy,Y,Years,Y0,0 years,_T,Total,_Z,Not applicable,_Z,Not applicable,_Z,Not applicable,_Z,Not applicable,_Z,Not applicable,_Z,Not applicable,_Z,Not applicable,2022,,80.9,,,,E,Estimated value,,,,,,
DATAFLOW,OECD.ELS.HD:DSD_HEALTH_STAT@DF_LE(1.0),Life expectancy,I,GBR,United Kingdom,A,Annual,LFEXP,Life expectancy,Y,Years,Y0,0 years,_T,Total,_Z,Not applicable,_Z,Not applicable,_Z,Not applicable,_Z,Not applicable,_Z,Not applicable,_Z,Not applicable,_Z,Not applicable,2023,,81,,,,E,Estimated value,,,,,,
DATAFLOW,OECD.ELS.HD:DSD_HEALTH_STAT@DF_LE(1.0),Life expectancy,I,JPN,Japan,A,Annual,LFEXP,Life expectancy,Y,Years,Y0,0 years,_T,Total,_Z,Not applicable,_Z,Not applicable,_Z,Not applicable,_Z,Not applicable,_Z,Not applicable,_Z,Not applicable,_Z,Not applicable,2000,,81.2,,,,E,Estimated value,,,,,,
DATAFLOW,OECD.ELS.HD:DSD_HEALTH_STAT@DF_LE(1.0),Life expectancy,I,JPN,Japan,A,Annual,LFEXP,Life expectancy,Y,Years,Y0,0 years,_T,Total,_Z,Not applicable,_Z,Not applicable,_Z,Not applicable,_Z,Not applicable,_Z,Not applicable,_Z,Not applicable,_Z,Not applicable,2001,,81.5,,,,E,Estimated value,,,,,,
DATAFLOW,OECD.ELS.HD:DSD_HEALTH_STAT@DF_LE(1.0),Life expectancy,I,JPN,Japan,A,Annual,LFEXP,Life expectancy,Y,Years,Y0,0 years,_T,Total,_Z,Not applicable,_Z,Not applicable,_Z,Not applicable,_Z,Not applicable,_Z,Not applicable,_Z,Not applicable,_Z,Not applicable,2002,,81.8,,,,E,Estimated value,,,,,,
DATAFLOW,OECD.ELS.HD:DSD_HEALTH_STAT@DF_LE(1.0),Life expectancy,I,JPN,Japan,A,Annual,LFEXP,Life expectancy,Y,Years,Y0,0 years,_T,Total,_Z,Not applicable,_Z,Not applicable,_Z,Not applicable,_Z,Not applicable,_Z,Not applicable,_Z,Not applicable,_Z,Not applicable,2003,,81.8,,,,E,Estimated value,,,,,,
DATAFLOW,OECD.ELS.HD:DSD_HEALTH_STAT@DF_LE(1.0),Life expectancy,I,JPN,Japan,A,Annual,LFEXP,Life expectancy,Y,Years,Y0,0 years,_T,Total,_Z,Not applicable,_Z,Not applicable,_Z,Not applicable,_Z,Not applicable,_Z,Not applicable,_Z,Not applicable,_Z,Not applicable,2004,,82.1,,,,E,Estimated value,,,,,,
DATAFLOW,OECD.ELS.HD:DSD_HEALTH_STAT@DF_LE(1.0),Life expectancy,I,JPN,Japan,A,Annual,LFEXP,Life expectancy,Y,Years,Y0,0 years,_T,Total,_Z,Not applicable,_Z,Not applicable,_Z,Not applicable,_Z,Not applicable,_Z,Not applicable,_Z,Not applicable,_Z,Not applicable,2005,,82,,,,E,Estimated value,,,,,,
DATAFLOW,OECD.ELS.HD:DSD_HEALTH_STAT@DF_LE(1.0),Life expectancy,I,JPN,Japan,A,Annual,LFEXP,Life expectancy,Y,Years,Y0,0 years,_T,Total,_Z,Not applicable,_Z,Not applicable,_Z,Not applicable,_Z,Not applicable,_Z,Not applicable,_Z,Not applicable,_Z,Not applicable,2006,,82.4,,,,E,Estimated value,,,,,,
DATAFLOW,OECD.ELS.HD:DSD_HEALTH_STAT@DF_LE(1.0),Life expectancy,I,JPN,Japan,A,Annual,LFEXP,Life expectancy,Y,Years,Y0,0 years,_T,Total,_Z,Not applicable,_Z,Not applicable,_Z,Not applicable,_Z,Not applicable,_Z,Not applicable,_Z,Not applicable,_Z,Not applicable,2007,,82.6,,,,E,Estimated value,,,,,,
DATAFLOW,OECD.ELS.HD:DSD_HEALTH_STAT@DF_LE(1.0),Life expectancy,I,JPN,Japan,A,Annual,LFEXP,Life expectancy,Y,Years,Y0,0 years,_T,Total,_Z,Not applicable,_Z,Not applicable,_Z,Not applicable,_Z,Not applicable,_Z,Not applicable,_Z,Not applicable,_Z,Not applicable,2008,,82.7,,,,E,Estimated value,,,,,,
DATAFLOW,OECD.ELS.HD:DSD_HEALTH_STAT@DF_LE(1.0),Life expectancy,I,JPN,Japan,A,Annual,LFEXP,Life expectancy,Y,Years,Y0,0 years,_T,Total,_Z,Not applicable,_Z,Not applicable,_Z,Not applicable,_Z,Not applicable,_Z,Not applicable,_Z,Not applicable,_Z,Not applicable,2009,,83,,,,E,Estimated value,,,,,,
DATAFLOW,OECD.ELS.HD:DSD_HEALTH_STAT@DF_LE(1.0),Life expectancy,I,JPN,Japan,A,Annual,LFEXP,Life expectancy,Y,Years,Y0,0 years,_T,Total,_Z,Not applicable,_Z,Not applicable,_Z,Not applicable,_Z,Not applicable,_Z,Not applicable,_Z,Not applicable,_Z,Not applicable,2010,,82.9,,,,E,Estimated value,,,,,,
DATAFLOW,OECD.ELS.HD:DSD_HEALTH_STAT@DF_LE(1.0),Life expectancy,I,JPN,Japan,A,Annual,LFEXP,Life expectancy,Y,Years,Y0,0 years,_T,Total,_Z,Not applicable,_Z,Not applicable,_Z,Not applicable,_Z,Not applicable,_Z,Not applicable,_Z,Not applicable,_Z,Not applicable,2011,,82.7,,,,E,Estimated value,,,,,,
DATAFLOW,OECD.ELS.HD:DSD_HEALTH_STAT@DF_LE(1.0),Life expectancy,I,JPN,Japan,A,Annual,LFEXP,Life expectancy,Y,Years,Y0,0 years,_T,Total,_Z,Not applicable,_Z,Not applicable,_Z,Not applicable,_Z,Not applicable,_Z,Not applicable,_Z,Not applicable,_Z,Not applicable,2012,,83.2,,,,E,Estimated value,,,,,,
DATAFLOW,OECD.ELS.HD:DSD_HEALTH_STAT@DF_LE(1.0),Life expectancy,I,JPN,Japan,A,Annual,LFEXP,Life expectancy,Y,Years,Y0,0 years,_T,Total,_Z,Not applicable,_Z,Not applicable,_Z,Not applicable,_Z,Not applicable,_Z,Not applicable,_Z,Not applicable,_Z,Not applicable,2013,,83.4,,,,E,Estimated value,,,,,,
DATAFLOW,OECD.ELS.HD:DSD_HEALTH_STAT@DF_LE(1.0),Life expectancy,I,JPN,Japan,A,Annual,LFEXP,Life expectancy,Y,Years,Y0,0 years,_T,Total,_Z,Not applicable,_Z,Not applicable,_Z,Not applicable,_Z,Not applicable,_Z,Not applicable,_Z,Not applicable,_Z,Not applicable,2014,,83.7,,,,E,Estimated value,,,,,,
DATAFLOW,OECD.ELS.HD:DSD_HEALTH_STAT@DF_LE(1.0),Life expectancy,I,JPN,Japan,A,Annual,LFEXP,Life expectancy,Y,Years,Y0,0 years,_T,Total,_Z,Not applicable,_Z,Not applicable,_Z,Not applicable,_Z,Not applicable,_Z,Not applicable,_Z,Not applicable,_Z,Not applicable,2015,,83.9,,,,E,Estimated value,,,,,,
DATAFLOW,OECD.ELS.HD:DSD_HEALTH_STAT@DF_LE(1.0),Life expectancy,I,JPN,Japan,A,Annual,LFEXP,Life expectancy,Y,Years,Y0,0 years,_T,Total,_Z,Not applicable,_Z,Not applicable,_Z,Not applicable,_Z,Not applicable,_Z,Not applicable,_Z,Not applicable,_Z,Not applicable,2016,,84.1,,,,E,Estimated value,,,,,,
DATAFLOW,OECD.ELS.HD:DSD_HEALTH_STAT@DF_LE(1.0),Life expectancy,I,JPN,Japan,A,Annual,LFEXP,Life expectancy,Y,Years,Y0,0 years,_T,Total,_Z,Not applicable,_Z,Not applicable,_Z,Not applicable,_Z,Not applicable,_Z,Not applicable,_Z,Not applicable,_Z,Not applicable,2017,,84.2,,,,E,Estimated value,,,,,,
DATAFLOW,OECD.ELS.HD:DSD_HEALTH_STAT@DF_LE(1.0),Life expectancy,I,JPN,Japan,A,Annual,LFEXP,Life expectancy,Y,Years,Y0,0 years,_T,Total,_Z,Not applicable,_Z,Not applicable,_Z,Not applicable,_Z,Not applicable,_Z,Not applicable,_Z,Not applicable,_Z,Not applicable,2018,,84.3,,,,E,Estimated value,,,,,,
DATAFLOW,OECD.ELS.HD:DSD_HEALTH_STAT@DF_LE(1.0),Life expectancy,I,JPN,Japan,A,Annual,LFEXP,Life expectancy,Y,Years,Y0,0 years,_T,Total,_Z,Not applicable,_Z,Not applicable,_Z,Not applicable,_Z,Not applicable,_Z,Not applicable,_Z,Not applicable,_Z,Not applicable,2019,,84.4,,,,E,Estimated value,,,,,,
DATAFLOW,OECD.ELS.HD:DSD_HEALTH_STAT@DF_LE(1.0),Life expectancy,I,JPN,Japan,A,Annual,LFEXP,Life expectancy,Y,Years,Y0,0 years,_T,Total,_Z,Not applicable,_Z,Not applicable,_Z,Not applicable,_Z,Not applicable,_Z,Not applicable,_Z,Not applicable,_Z,Not applicable,2020,,84.6,,,,E,Estimated value,,,,,,
DATAFLOW,OECD.ELS.HD:DSD_HEALTH_STAT@DF_LE(1.0),Life expectancy,I,JPN,Japan,A,Annual,LFEXP,Life expectancy,Y,Years,Y0,0 years,_T,Total,_Z,Not applicable,_Z,Not applicable,_Z,Not applicable,_Z,Not applicable,_Z,Not applicable,_Z,Not applicable,_Z,Not applicable,2021,,84.5,,,,E,Estimated value,,,,,,
DATAFLOW,OECD.ELS.HD:DSD_HEALTH_STAT@DF_LE(1.0),Life expectancy,I,JPN,Japan,A,Annual,LFEXP,Life expectancy,Y,Years,Y0,0 years,_T,Total,_Z,Not applicable,_Z,Not applicable,_Z,Not applicable,_Z,Not applicable,_Z,Not applicable,_Z,Not applicable,_Z,Not applicable,2022,,84.1,,,,E,Estimated value,,,,,,
DATAFLOW,OECD.ELS.HD:DSD_HEALTH_STAT@DF_LE(1.0),Life expectancy,I,JPN,Japan,A,Annual,LFEXP,Life expectancy,Y,Years,Y0,0 years,_T,Total,_Z,Not applicable,_Z,Not applicable,_Z,Not applicable,_Z,Not applicable,_Z,Not applicable,_Z,Not applicable,_Z,Not applicable,2023,,84.1,,,,E,Estimated value,,,,,,
